database_identifier,group_type,CHEBI:15428,CHEBI:15611,CHEBI:15891,CHEBI:16000,CHEBI:16344,CHEBI:16449,CHEBI:16811,CHEBI:16865,CHEBI:17376,CHEBI:17822,CHEBI:18183,CHEBI:18186,CHEBI:18211,CHEBI:18237,CHEBI:18257,CHEBI:194544,CHEBI:22359,CHEBI:22653,CHEBI:22660,CHEBI:24741,CHEBI:24898,CHEBI:25017,CHEBI:25094,CHEBI:26271,CHEBI:26986,CHEBI:27266,CHEBI:27389,CHEBI:27570,CHEBI:27891,CHEBI:27897,CHEBI:28044,CHEBI:28300,CHEBI:29016,CHEBI:35619,CHEBI:37024,CHEBI:58148,CHEBI:70958,CHEBI:70959
plasma_crp_01,Control,1.587109573421892,0.7936728884555135,0.8638393781878004,2.1871550544065865,1.1244658847734617,1.6764038251146633,1.9563283035630066,1.684478649211267,0.39557746942274963,2.1030694405922343,-0.07716144802438019,2.062213957849891,1.622655336600537,1.9920259143360768,1.3897081176937383,-0.240822538892477,0.3781624293819116,0.6401701375199398,2.2341235766624523,1.6206443497858511,2.082929398001372,1.8472044184106589,1.8679839863256804,2.446915792121876,1.3415107391291694,1.513111786025921,1.2813996325785548,1.326524661132679,-0.240822538892477,1.7520292016971952,2.1935133866057126,-1.0870724457561138,1.9416353240665267,0.3244166578316305,-0.3307949595584375,3.694562273673845,0.5990745324680016,2.802751841268695
plasma_crp_02,Control,0.8371670881956312,-0.4118235853231833,-0.919449174795037,1.4586961155065692,1.4313298343320047,1.4529636001376758,1.5484515518375022,-0.8265751539504239,0.9796333289056927,1.083860268670156,0.2906477935575766,2.1666505852885867,0.5313688626622329,1.3548226687674225,0.22352460500567128,0.42832608042738424,3.057192490390535,1.091826374729116,0.6581753782198204,-0.16606933953441522,2.3895122851320862,3.3733864596004857,1.7408463586130571,0.24815416313192973,2.159889668597096,3.626323195044458,1.7334119234136496,2.143077627420371,0.42832608042738424,2.610620658031328,2.060880864775321,0.14811002273806242,1.3227938664659193,2.0361971764532982,3.0175163105137535,1.5055331145218782,0.1566739607912682,2.4522565283351354
plasma_crp_03,Control,2.3724729924487598,0.6440582588331932,-0.41299228287376455,1.8052249768232742,1.8438705861660547,1.5185965191150987,2.092900473422122,1.2265390723236258,1.2735795271751653,1.7904387743793633,0.9764638018268308,1.9686501836250925,1.7540805320326334,2.2302368583051906,1.1745052073799271,0.6875111582530234,0.2065133421554049,1.9534228078363036,1.5246515528938855,1.8643116457607694,1.7742522221257477,2.202118873757127,2.1547343432714636,1.9992824585518172,2.7006286057396562,2.650657752780071,1.1086553549087055,2.4144075339268274,0.6875111582530234,1.6207244667265486,2.4144274773081205,0.8428122501283555,1.67023517633144,1.1131850523773317,2.2171001727163966,0.9632984360576444,-0.025760924736400678,1.955970897520385
plasma_crp_04,Control,1.2693760955795819,0.02574898628672028,0.3795236993794143,1.353681842521129,0.0953967471744917,1.1750299312839314,2.2301968993448478,-0.09942960138192991,1.7661321969286485,1.3152064701672177,0.20621950689328086,1.209318860848249,0.016156478838022053,1.147371733571993,1.9742539517958302,1.099622082886996,0.49847583469954415,-1.7166783485720913,1.7126808348862959,-0.14128432860621465,1.5835964369502977,1.2373633909543014,1.9746764910312364,0.7356723429410938,1.5459372417354313,1.6495776083641829,0.3631451004338458,2.0508520344457035,1.099622082886996,1.035608613925888,2.482854579072869,-0.8896556677553467,1.4831472795831386,1.1301553800479527,1.2060109634038283,-0.48403145112841955,-0.5526279480863107,1.1854908224274558
plasma_crp_06,Control,1.0995420949438042,-0.2032682059871071,0.9780151249390783,1.5074284205045447,0.5049293406445624,1.775684906847148,2.3128528708479394,-0.20696404964019524,0.9633231260624289,1.5018232890148022,1.8235554736041106,2.017866314557624,0.4305644433710419,1.4428523888356093,2.187846034641911,0.2933245783782739,2.766272034149272,0.6580390886141568,2.072458945793984,0.6379820676397355,1.9674956650536986,1.7906062879765894,1.4801101585988299,1.5779795584070104,2.0274673535084227,1.822650633526233,1.2077590585946896,1.985570774050854,0.2933245783782739,1.3041668618959241,2.51160555889742,1.3308398057968267,1.3136141478419352,3.030885775858478,0.43014780654768064,0.24399412132399992,0.26661298454984667,2.0433266554269727
plasma_crp_07,Control,2.047789605996464,0.5958399517501898,1.1198119167506304,1.6414457181286588,1.005385119809612,1.0677202630217322,1.4501178815895281,0.6113835657399292,-1.621523882244538,1.0546437973378733,0.9513812280880549,1.9035809175970249,1.1681523626780148,2.194777236352818,1.2503646554792807,-1.5718873937377493,-0.26128870801443443,0.91860828816444,1.412257607335316,2.942461223037604,1.6623696373743624,1.399397899330845,1.1800760074153556,2.3987008620491928,0.7494692516012941,1.2302212643663917,0.7364236687211958,1.0964394468110301,-1.5718873937377493,1.5088989124224286,1.6258792448029367,-0.43627329407524934,0.9091426526301996,-0.09235758086168175,0.7343876525470384,2.199179989284246,-0.48896129254196363,1.37909065285462
plasma_crp_10,Control,2.280875058854903,0.22466135630991793,2.1346835860755844,2.74694767088397,1.932662132582641,2.870228007792553,2.498764106323757,2.372762022503128,2.3255641804733806,2.8981373685438334,1.605356540703531,2.4294595844212905,-2.475261294100603,2.338856325836555,1.864173292355594,1.371923385247094,2.194902267404724,1.7745712841423131,3.154188029917265,0.4140419000604719,2.01874477082003,2.412806606648294,2.2759862437447476,1.4559662005027567,2.3161060841559595,2.29435570296311,0.09023318305329747,2.953653460530314,1.371923385247094,2.8694443200710262,3.134400149111344,0.47068848028356197,2.012707646018607,1.3751821397522066,2.553158829643538,2.5819427711460876,1.9486307094441204,2.869165289102529
plasma_crp_11,Control,1.112418196166787,-0.5362809176540486,0.9634138126256903,2.0976086843750266,0.14117015295018343,0.20896548772367185,1.6063995252681242,1.3566659609222524,-0.7094720257224335,1.6077546097866064,1.0319678274897206,1.2013512783973466,-2.4241252363821584,1.65943206815159,1.5705305172191297,-0.1536083494022755,1.4080864518416167,0.4387599720465006,2.015561399797869,0.6082085317067102,1.4113753232870867,1.6956584674081394,1.5396758632600553,-0.3340336994991353,0.9206227392292227,1.3957052965811778,0.21023299890530478,2.112514046963946,-0.1536083494022755,1.1797005427221308,1.8489195348052168,-0.128515466978321,1.0476726183831824,0.3625115782462709,0.0775788867684978,-0.31596239670736703,-0.6157303551614746,1.0217076366823514
plasma_crp_12,Control,-0.017022481452144404,-0.513508979150593,0.3810993539138339,0.3890727602921172,0.9319224604429329,-0.32033732303514256,1.0186482315987726,-1.2379400524553261,-0.42821428899217895,1.2325190117976745,-0.2497293279187236,0.1453457157984542,0.4210188747217585,0.3929760283524722,0.5779337961907907,-0.10849039608667137,0.7066939504019132,0.30591286528637734,1.1161410948756694,0.6091621970362117,1.5978185965854854,1.3497615001556473,1.353698377844034,0.9771583184712369,2.0751621439625674,1.3729302459964543,-0.10020600101811301,0.8323343851750975,-0.10849039608667137,1.235898237414745,0.3127020074064034,0.23671033914029888,1.1697943545754887,0.3294759954530461,-0.3138388775396319,-0.8050497677313053,1.5450811346206508,0.7731367314037664
plasma_crp_13,Control,1.1947689197626028,0.14608359685413522,-0.3759183560142797,1.3302618956498695,-0.038199472778756176,1.396777972779346,2.057848273927725,0.24658025500333283,1.1744162280710708,1.760359388409495,1.156363731420881,2.2790240674768008,1.664754972442851,1.9046627391946847,1.7772398070397806,0.050067223894411324,-0.8657303549105622,1.4633832254312191,1.965238741355966,1.3998464785562879,1.959603767720549,2.1660404526546015,2.6459192374440237,1.2975111008826576,1.7597508609468886,1.9849819520249963,4.6505215623794305,2.430444374975366,0.050067223894411324,1.4103865626793919,2.203060036945332,0.4398562509045834,2.3156401261058526,-0.15693086007334897,4.199172456889795,1.8310196356300585,0.3179568079230309,2.855807856831176
plasma_crp_14,Control,1.8445873925274943,0.9612451251648404,1.3411334830128137,0.9531167892995168,0.5905703738486153,1.5009413582938886,1.8988612377326994,0.34987723760516265,1.0591259369747628,2.1017996353408965,0.4524263039379815,2.3712618757266863,1.579590454341971,2.0877619170237205,1.1824907592683664,0.02280676038809111,0.07905122729623587,1.8529168093593016,1.4685259286137529,0.47674077084064986,2.090296803660174,2.291274325458961,2.2699445130615543,1.8465329984388619,2.6118516859914855,2.479976793419771,0.9826588017415654,1.594548421120727,0.02280676038809111,1.5859785018027657,2.470376293114348,0.414455461416674,2.339809735331828,0.1544826118413607,1.3971500063286642,4.137584186496353,0.2622886444483908,2.1704417418903796
plasma_crp_15,Control,1.1887043230014085,-0.448188238959452,2.12903449891407,2.100311692034617,1.6857346154447728,1.8040981180615019,1.4506466990550249,1.2304238943828556,0.27036751018141697,1.0180578093934292,0.44663611078275783,0.9075600271708836,1.027008636121464,1.625265660160426,0.03130020244611315,-0.31882804113346336,0.8576300616862218,0.9530885286585703,1.835185807546879,0.3567404761294284,0.4850793257245411,1.2998068613533755,0.9452568531461546,0.3939801439796292,1.258843080883605,0.7819357963474439,0.6692607685891293,1.7676897148163648,-0.31882804113346336,0.6607215926693302,1.671221814157453,0.5378395679880608,0.5270738044655273,-0.08726155943749007,-0.5510539918873919,0.7508595633962687,2.3643335892581083,1.9409532477876827
plasma_crp_16,Control,0.9421717391886649,0.5201632075597464,-0.7156140322561342,0.6983399832536581,0.4444364848582804,0.26957197166016444,1.0514986974629872,-1.033445903824118,-0.9900621099244451,0.5979154135442156,1.353660096655958,0.9146558932145882,1.6092505605115386,1.2399316761028678,0.12049339000665632,-1.4426463376094774,-0.9886511321545975,0.8350283485377183,-0.1666130512102453,2.140164681937806,0.5865879378567519,1.1082666398605725,1.0131816729032566,1.1450918444388605,0.9127413765451523,1.2422222881603704,1.522579297667005,1.3866857362080636,-1.4426463376094774,0.7157138716688338,2.0882738401851078,-0.7322799104277903,1.3212111415161067,-1.05614195860912,1.1375464796284027,1.7165877716761677,-0.3604337051728681,1.7431240868655058
plasma_crp_17,Control,2.246644934734134,0.43996038858212766,1.8961763439018313,1.8520830820212024,1.9101579997765976,1.160500145466882,1.7917365669735086,2.414272842123432,0.5586773839659142,2.618821883211253,0.22288819740337196,1.6886494599031954,2.048693197269079,2.380154462588307,1.6787646681295076,-0.31270854257718805,-0.987097088962581,2.453182818396953,2.147713949837679,3.6081932584596625,1.687796018585273,1.8180335200932003,1.9756159146376635,2.145809446910585,2.4440754753559735,1.659436443037136,0.21067525627273267,2.232846293248993,-0.31270854257718805,1.2360754406214598,2.219629779782984,0.05452001409751002,2.142794148159951,-0.09880831843378607,1.0986433785187,3.498215260454064,0.04952739629550807,2.554397740361978
plasma_crp_18,Control,2.75260316851552,1.2949122695764335,1.433443215783154,1.0224051718032925,1.037044693635467,2.043564039848413,1.8184141384453845,0.9656996125530716,2.5255935231786055,1.5788417113159485,1.6816403159208888,1.424193499607677,2.4890902962111614,1.6080949651531926,0.6540630474953354,2.6002726111232475,0.47775891881087035,1.732779468163657,2.146062034777357,2.5224976935300947,1.45981828774756,0.9791750576841307,1.76485883545357,3.017743572048677,2.025114103033957,1.4964196057615369,2.1422488025963093,1.8583332058185509,2.6002726111232475,-1.2198087566196942,1.7764136047658015,1.2669750775517088,1.4623954429471056,1.7936311617488079,0.5177261059439847,4.501919474088232,0.35673589709264786,1.965462078151769
plasma_crp_19,Control,0.7761963946868728,0.027585730086276666,0.6871765791896712,1.0319167866122219,0.2814274945661254,0.8928485568199959,1.6442069293623824,-0.12557926709817227,1.3426127138188415,1.7469101093120527,1.06867294599671,1.5429970291438249,0.5669740694344867,0.7883984439184974,2.19853675472501,1.3226568638614253,-0.0998588783364542,1.0847347677567205,1.6772886107060945,-0.3733598739778697,1.5228601999512283,1.7361869343394722,2.216456934291012,1.0571339046956527,1.0086163538546986,1.879899657199593,-0.14273617348677983,1.8102883796954097,1.3226568638614253,1.642615893298281,2.1080889410120434,0.6028369249683476,1.804685066502599,-0.5772902887302858,0.9273739466040993,-0.8119400940225157,-0.827645497003031,0.8852119054113958
plasma_crp_22,Control,1.1076104663133546,-1.9416352985104381,0.7327730949118914,0.6868468865030274,-0.016986430466361883,-0.7099907991610468,0.4068860898721484,-0.28790800919382564,1.282131590750555,-0.14037138578606792,0.9634176272544847,-0.2433190670379444,1.512712415525776,0.1612396448096898,0.10262399743420796,0.9671623129357503,0.6938808159654495,-0.14992323782608177,0.43710422196203325,1.900185800546999,0.41019097203228316,0.4537825980120191,0.9326316967098573,0.3048566333283271,-0.3060803428264356,0.29755571640581613,4.027367113854048,0.565910591729337,0.9671623129357503,-0.23151969390542798,1.399307255417383,0.2731880830486942,1.3436023526147503,-1.614998376564397,-1.6579992130971772,2.37322225854758,1.7481155097629706,2.6157492136188543
plasma_crp_24,Control,1.886234507086181,0.0017405555277437194,1.227894083544381,2.9033146539210666,0.3124977180414166,1.3561732817026646,1.5802794686664128,-0.16271475184180148,-0.2442573872091132,1.4920453271912502,2.086606987575753,0.9094128188379668,0.09456444714540428,1.0084018287332992,1.4234560873801048,-2.012639691386607,0.28593562764224373,0.20809761095892426,0.8250403830350029,1.5159291472106644,0.33524521510013255,0.48505082075742756,0.7418193779163064,0.6068658460344956,0.6239038370101061,0.33006774133364464,0.19062204417093592,1.2722644887425263,-2.012639691386607,0.67986995562859,1.637156645160945,0.5747645105168645,-2.899600216500016,-0.29228313198581257,-0.10566267598180977,-0.8119400940225157,-0.8581503376251938,0.1700964836840703
plasma_crp_27,Control,0.5169839258205521,0.19805174324059868,1.9265820832048164,1.40490531729933,0.005191966019751073,-0.531300794402413,1.0006130640169624,0.011706959144667064,-1.6444308696004524,1.4025943876073959,-0.5178134054899117,0.6425889472983242,-2.544153906089915,1.8900772970162623,2.4919838287595497,0.054668348743201686,0.02594040445980917,-0.5067183367798378,2.3592279433753034,0.2417426904714989,0.9506059969979218,0.7106061631708991,0.33024109683781494,-0.09438135450550403,1.0167169608337394,-0.10599601006257005,0.053337034612561236,0.8156654184263139,0.054668348743201686,-0.04286286324921587,0.7542502138875227,-2.7196346753737717,1.136398164905964,-0.3810370174866134,-1.1318887793822097,-0.8119400940225157,-0.15807209448588,-0.363572306701862
plasma_crp_30,Control,0.3475417909305456,-0.5765990337311216,0.37627158824869666,0.7465299862930048,-0.05176793853512961,0.03692034133596884,0.7374991948623008,-0.46105465986450334,0.2942845224649458,-0.14027704227051582,0.46136684562157737,0.8059619936880509,-3.2117566649323894,0.6487946773500233,0.5564719035575393,-0.29148563931918303,0.3163404950802799,-0.3434710652539088,0.22348982149985336,1.7722016232386468,0.49509069855161736,0.8863488821270178,-0.009506314733359847,0.3926810060301082,-0.04633938233588748,0.8346785002171062,0.5301507444318928,0.6425337321775194,-0.29148563931918303,-0.00833691851484424,1.362284641005171,-0.3540795787178742,0.2832574036773354,0.9995106975898194,-0.29383648075226704,0.27830337890204865,-0.9301575608877922,0.9171486062059151
plasma_crp_32,Control,0.8658625654012315,-0.1763184852070848,1.1917768974919452,1.2670266454295636,0.5959994396856698,0.6642107023221273,1.7669464448787227,-1.1837932645898797,0.9742559954861917,1.2153904604981989,-0.20939250754580685,1.4124691687406652,0.5357729165793814,0.7196225229922509,1.2556417468218126,-0.16837729455556114,0.3314879302994674,1.0470840677714528,1.61850976470976,0.036309132333881694,2.224613998822582,2.1545756481779383,1.6347307253852794,-0.16371848020468915,1.1137021947835761,1.9081395863116444,1.7736594722705052,1.2310267721980976,-0.16837729455556114,0.9448017117257371,1.9813957188379376,0.12103420166285604,1.2554951368812408,0.6779726334090189,-0.24386363706794162,1.5869118895078584,-0.3823271447954783,1.7928694392291407
plasma_crp_35,Control,1.4244727288821588,-0.16825739644484666,1.5763287678634008,2.1269559128690343,0.9179349477093784,1.0984129166407999,1.4403675639012476,0.8147169272470567,-0.14214560234267545,1.639339902948075,-0.43455496861678866,0.7603673535530291,0.7424200367037992,2.300877714943427,0.5197232359173272,0.47554549843764293,2.4465819824532664,1.294005336685742,1.5298397451598906,-0.3742573064839591,2.0845086520888265,2.2635986426571963,1.3972102590052415,0.7052628680103661,1.4172664123663667,1.7244940164473335,0.5845192639457979,1.472533839297105,0.47554549843764293,0.7269593119459905,1.4346099065532663,-4.460947907721782,0.8511113328562583,1.7475932749808538,0.1726337063914697,0.32909420273277273,-0.17885671248199386,1.2979360250837084
plasma_crp_36,Control,0.07439526443173969,-0.11089890296709246,-0.1376148311132341,0.6156324311434136,0.9744222829166678,0.500043480391911,1.0671426954164236,0.5720505032157842,0.6740151513546777,0.8793806512699767,0.18052672277052748,1.2891151912794043,-2.894337069300708,0.5501740860916737,1.0713883787817826,-0.05925172862113298,0.31037998181011983,0.09337714843444186,0.6862288699985959,0.3976456247534503,1.8750046129111413,1.9172000718161832,1.3157109061397805,-0.25297721456721683,0.7152371781654843,1.6738242472011777,0.5981417831480051,0.9380604434578831,-0.05925172862113298,1.1002351546836173,2.012357128376029,0.08601126505671211,0.8718435491236565,0.9520523395129726,1.9114646787921659,0.770351276937971,0.8593090327757276,1.406787060054161
plasma_crp_37,Control,2.64199217709826,0.7617240272026481,1.5059343447076958,2.4463758877550714,3.505079359888433,1.0165148108548907,2.1546661673213507,4.719182059415104,0.42744077854820245,1.557630163837461,1.0092194607022202,2.3692750899714303,2.8923890887766914,2.9983070557082283,2.598390024895118,-1.3498992593797388,0.5033129006801688,2.4484726975477202,1.8138549003300768,3.4666792200533347,1.3573924352467734,0.8285897156537078,2.3616175682514413,1.81454175139667,1.3049719737107135,-0.028479908289606497,0.45327606577831536,1.5344422414365162,-1.3498992593797388,0.8970627177569332,2.0518001300572384,-3.5715295661953896,1.5394948782250142,0.016016715086315244,-0.2485232272832926,2.4380885776213885,1.443949514663947,1.8510863090625747
plasma_crp_40,Control,0.03878811092888805,-0.35526408672238274,1.0794419656554293,0.027768344082191823,-0.07216045907242578,-0.9904655830972785,0.8990905760828842,-0.24421349947882212,-1.04789862919856,0.09291986366028047,-0.27813203221368293,-0.3417251705941195,0.07900847125159312,0.28693236977815595,0.7894148082925464,-0.44807395385155263,0.9205836851639606,-6.788803041032731,1.586411269630206,-0.5716727409131623,0.9938874973543762,0.979639559972571,1.201983163725488,-0.5531774088123431,-0.3363568967646003,0.6818168794161229,1.368368420971324,1.2204389485562388,-0.44807395385155263,-1.100250514614768,1.352561805643183,-0.5192442953476678,1.2716370376356336,0.46828116299007455,-1.503670241866149,-0.038003222543666976,-0.6212551068394881,1.2975505352025898
plasma_crp_41,Control,1.3347019506780067,0.8850978708079441,-0.6041613476506398,1.518777806841922,0.3285456795812262,0.2917794490125539,1.0966398195075797,-0.009963864548127798,-1.1809454001666158,1.1304493277415615,-1.3218970276370767,0.8774724175346817,1.0376965274574088,2.0642760923630625,1.4857765070725895,-0.8508735896286027,0.8528958149844692,0.018523986568021535,1.6134769419597104,2.9161975852788453,1.3387644028900045,1.1417083090217452,1.1138020532830502,3.7357907491072946,1.8768314082295676,0.9312211965834568,1.5621983607870935,0.414332152388224,-0.8508735896286027,-0.4699495249618603,1.12031855837583,-4.755943150676102,0.9527462621245754,0.31886356678500516,2.1000277514958907,2.6754149108602063,-0.041353736339672785,1.6566712147243519
plasma_crp_42,Control,1.0855465579462222,-0.4787809845752038,1.096542190758355,1.1520744832631618,0.853214893155369,1.4575924691465525,1.3627506564381366,2.3909365750226383,-0.7226358377796995,2.0084597916965587,0.23410773476783828,1.1350776190567324,0.09402757314259066,1.424059239955772,2.2792069084182875,-0.2839177386582954,0.9423627201781736,0.579274792548839,1.5382622618505382,0.4826219164603754,1.4187639298557833,1.0930767406969035,1.644330915092699,0.6606671579297976,0.4988173431144306,0.3214942916668955,0.03270067194571101,1.1694136372290849,-0.2839177386582954,1.4149151527470598,1.0801348589362927,-0.13688783998930373,1.7443890626506753,-1.2823046100571902,-0.36707052519655925,-0.8119400940225157,0.49676639286393787,0.1905561812446708
plasma_crp_43,Control,-0.9924456775400372,-0.4314806709891675,-0.9308763944834773,-0.7766382413683434,-0.6884978878859018,-1.656040847770929,-0.5078022343102202,-1.5484557537069434,-0.35664231570547156,-0.6083380691409173,-0.6641574856654927,-0.0689265680698556,-3.6563609333088545,1.2051239481920566,-0.2487723723581863,-0.3542817971857054,-0.5522202127564395,-1.035657923681305,-0.37798321257016254,-0.9111217520814751,0.6159391033353668,1.0182849589865701,0.2022810358447159,-1.7845902461957521,-1.4277426811061735,0.8221393555929326,0.016067324816036687,0.1584243685755901,-0.3542817971857054,-0.47844143736684114,1.6374208796953174,-2.4712289167985952,0.7008857476494031,-0.4329122055816953,-1.2300342273498426,-0.5932057454261264,-0.818353018286769,0.7004653387146446
plasma_crp_44,Control,1.3540797226078025,-0.3460134746411493,0.8605487418603114,1.7388595966417764,0.6920401626692225,1.659589417229241,1.8022600099886188,0.5331163082992778,1.4292144962239657,2.3637212780088777,0.6846897387073658,1.3175317903405046,0.6030986226666337,0.9784426890762946,0.8501766591028821,1.067541965832696,0.5575058332460991,0.6852438204125327,2.277880281077111,0.7225380858072226,0.9805469994973001,1.3934122451580613,1.7313585330608845,0.9539924825535893,1.0809731310006052,0.7465893160259071,1.524159798764355,1.7812683979021855,1.067541965832696,0.39700749149871545,1.7835759971877028,0.27519889462625063,1.8701343892688547,-1.0606286750223108,0.20861223295681688,0.3395698173479598,1.7144957520011725,1.7747340585016513
plasma_crp_47,Control,1.068858007792458,-0.2692506435483682,1.3465509788335865,1.8665220849126611,0.31260331319867535,0.15223974749317865,1.845676204566028,0.6884601830774715,-1.3324795255971134,2.0889674866072796,-0.43205912780485994,0.6863723449813013,0.0806914884149082,1.5602413460314102,1.4883456095633372,0.04325277718678872,0.9111228471168696,-0.0870813157712986,1.6944447455707823,1.4103118810346802,1.724988830256385,1.5783366689528557,1.728878808004733,0.9123750443244601,1.0122116791129605,0.9481498121654399,0.5116553519088768,1.7117950162554512,0.04325277718678872,1.8286721337972185,1.3914913728888891,-1.1292979286835445,1.988527440600173,-1.9913584388916474,0.15946965948964065,2.3024836445546293,0.3386724431759662,2.21505726254335
plasma_crp_48,Control,-0.7527793297079509,-0.7435462642016616,-1.4601559346589668,-0.8525787784481877,0.06931692149333245,-1.6685965144611123,-0.5088115756493776,-0.7550156845192297,-1.4255114435303724,0.19459707158884398,0.7738258511611814,0.29946675477568585,0.027989986010898322,1.3072932531099561,-0.15899571837681284,-0.4517565422208489,0.6866449592354366,-1.3344808782095827,0.14760727000252294,-0.9625885424449175,0.2596838779685057,0.8084202374521163,0.3373028434616241,-0.9103935865122063,-1.0179172010114035,0.6953125374807863,-0.2412173928976217,0.11218625412597263,-0.4517565422208489,-0.24095212542282265,0.8414240819852439,-1.606813441055656,1.2188739678235982,-0.9617244710000625,-0.8500330446803308,-0.8119400940225157,-0.09090911086322127,-0.17834894026400885
plasma_crp_49,Control,-0.9163354557333978,-0.302117647921345,-0.18996513932748735,-1.022822999951269,-0.2335246027702554,-0.31221657387708174,0.08733136358589301,-1.2857355681423919,0.23317441255540844,0.2388496249763528,0.2663876921406525,0.1729045663898037,-0.012179690760296853,0.072498127556088,0.061233471603306895,0.09847030811643946,1.1893161845430464,-0.8713733932984821,-0.02199566064811925,-0.6128774364029798,0.14507382934213245,0.6817385797162772,0.788766538057703,-0.3549871096071336,-0.37023660783484447,0.36717264471049615,0.3683047122665728,-0.5010194367483103,0.09847030811643946,0.513117192117536,1.329025541062475,-0.3709571754871091,1.37062735329721,0.12537725798033378,-0.24024065993100602,-0.22909545606643142,0.11044979114530087,0.7729526498769647
plasma_crp_50,Control,1.6339201982962592,0.22612585203932076,1.312551302731433,2.18920750255797,1.5820605096671176,0.7867718271283276,1.6730459893678273,0.1951992978153398,2.5135438512390675,2.0654782848368423,0.6192971068565727,1.4016601740214312,0.46620179410758655,2.1580824702130452,0.14863758911472283,1.565909309849109,0.6382590448803436,0.7625431912203985,2.0684120079228347,2.4528740177862387,0.724607897665267,0.5654978953001528,1.438542553956232,1.6107481177299954,1.1158203354915388,-0.40505479810865913,0.0582203406792919,1.527173740736775,1.565909309849109,-0.3762549366055466,1.125581080232971,-0.022596635239025574,1.6268006143065252,-0.2812040894496546,-0.2819519457847907,1.7015548315548272,-0.584543469827242,1.226651477673517
plasma_crp_54,Control,1.2688615092113296,-0.4153315128834797,0.9497460941541939,1.1206147087416591,1.2123173399635652,0.8702811392204246,1.594800634339485,-0.5863701211713108,0.019789392983036454,1.6061291361738044,0.46170975295225447,1.021330826936315,0.5400807809345263,1.3076137866509119,0.9270725886731584,-0.19911660388740404,1.8238870235766071,1.0992097749362688,1.4390912993149172,-0.15062566428426677,1.462313038498917,1.5161572354676,1.358371780209502,0.3806588453583431,1.7014630383590874,0.8967127053689837,0.9395357008898445,1.0856909559327985,-0.19911660388740404,1.0551537020401565,1.0708731987903843,-0.11378344138688927,0.8428760755426573,1.5875978992440265,-0.7279047516768528,-0.8119400940225157,0.4068909624345134,0.895790841356691
plasma_crp_55,Control,1.4825764358731433,-0.06777420908400571,0.20140221524469204,0.48599206459446054,0.7072156408577723,-0.3432100463717836,0.46995287694898075,-1.7302810756597695,-1.6434361295964892,0.6320850861220447,0.3882607880486839,0.7410548654756121,-0.4770726531351613,1.4129683604378387,0.5136772432101709,-1.348043151785084,1.5034235208358362,-0.21555254816876188,1.3200038766258064,-0.26438501602574704,0.4180389797403004,0.7854951188533769,0.5198607049758852,0.8326925681180972,0.6532692518159458,0.8792504957121645,3.404452610385327,0.7424948651237352,-1.348043151785084,1.0492041182321605,1.1411278830892713,-0.3738725360100386,0.4303579507721204,2.0362267448843117,0.11833450470540235,0.7278950775301352,0.354753704101446,1.5617912402497218
plasma_crp_56_repeat,Control,-0.3372365793500092,-1.9416352985104381,0.3870877852229461,0.7378579162460006,-1.7264358983332158,-0.8286749598577552,0.2845549678985871,-1.4811654124504663,-0.8055144128023171,0.9556207422262915,0.3454493930628227,-0.24011803777964086,-0.8901731314314373,0.7160037446030563,-1.069953832690772,-2.086661571586617,0.6345447942023751,-0.3377711760121527,1.4232760149025556,-0.893447667423435,0.05731244729371119,0.2157875350606799,-0.35096422490729523,-0.5910968255391909,0.534037972553986,-0.08893544530514882,-0.5081597888117657,-0.1918663345497677,-2.086661571586617,-0.5006971884134205,0.3804505937589817,-1.3392451256885163,-0.3062693955504045,-0.09055357313961808,0.6944805342504999,-0.8119400940225157,-1.1842653641863674,-1.0288726387430687
plasma_crp_57,Control,0.2080260101694661,0.2292306570412179,2.003918285986785,1.1809973341393243,0.04988444312524719,-0.3991762475545272,0.8770476387105733,0.1339730010903905,-2.018829572151829,1.3182227883822002,-1.1859823602031339,0.8151694493577499,-2.5916502924036764,1.6960792485243479,1.256133508002685,-0.19612198204945178,-0.2860166816189887,-0.3361722581191518,1.9610968353782925,0.1405205316408424,0.7712103479852465,0.49604994101943356,0.5632910368009463,-0.29665948418912647,0.6625205643554303,-0.4623291286357893,-0.3663066308930885,0.5919922723216992,-0.19612198204945178,-0.2891338155125154,0.264333170132438,-2.82234687183818,0.5781683979168494,-0.9654550565914606,-0.8711141259180546,-0.8119400940225157,-0.46409348071956646,-0.4266210523884906
plasma_crp_59,Control,-1.3684971986481627,0.007914924809864917,-0.8474712456831918,-0.607985801929079,-1.0432941008047771,-0.2394939859127002,-0.6018317436126773,-0.9018441758036135,-0.2450656506183417,-0.7949648746876145,-1.926702016762533,0.31937409925339905,-0.521174607628341,0.8416208251710756,-0.4227953820182605,-0.6614973923550482,-1.3481051719962918,-1.4047395174039068,-0.7854493334763841,-0.6146798999663927,-0.839076905983405,-0.33881114029077075,-0.4017377047906953,-1.7053511294394246,-1.1950674317987038,-0.13936303425919272,-1.0120238670349682,-0.9058126827046283,-0.6614973923550482,0.2720096122351473,0.04343917267544713,-5.068058023281522,0.048141872672610414,-2.415412639917533,-0.3630460800831498,-0.780588767478427,1.8254517210801857,-0.23169283506470387
plasma_crp_60,Control,0.20450139267137793,-0.3588290077194049,0.9429412145484483,0.7762007332674195,0.5499685608910416,0.6035459366776447,0.8660211962621513,2.320410812391096,1.4054229965411353,1.5281123097155653,-0.3039191002103646,1.0637287787845071,0.9022471109265514,1.1245673380862273,0.8984588724499564,0.4060430493790388,-0.22147971926097001,-0.06236566609421104,1.0093533259220888,0.02862998949721837,0.1718748534911403,0.5690767376720723,1.4346205617918233,-0.13100818819906485,0.423252625446831,0.24673218222579843,2.07767146023283,1.0373740269761287,0.4060430493790388,-0.39079471951661454,0.8090899672462057,-0.34890624762738115,1.3927201279944998,-0.1749649282877925,-0.06904155195820194,1.0148493183516254,0.21187169652358054,1.5495730684412816
plasma_crp_61,Control,0.3511774259830034,-0.06131619255818775,0.09759872816978787,1.9036966346868875,-0.23761542230807492,0.3615687463002498,0.9979992263298689,2.3950559883508964,-0.37550023904581303,0.7700063124372734,0.2657032308824078,0.8981581860319663,0.4445584172489325,1.1877076190511908,1.106947742910338,0.41244020212176713,-0.18793019583299395,0.3810613601515894,1.2182002459189187,1.9725394126233362,0.6501063876237023,0.9806276080348745,1.160758323354614,0.3862200749024796,0.23189411982366284,0.523785460598869,1.5514021778185745,0.7043568817459975,0.41244020212176713,-0.006870062364564368,1.3555654275477853,-1.8459033388276815,0.9020910934037957,0.06217262334619936,2.6456992396127053,1.9254850269201547,-0.28973152613491726,2.025618560640258
plasma_crp_64,Control,-1.312585597884525,-0.31140140421296164,-1.1192216849573822,-0.9113540607527318,-0.28577802611492314,-1.4295516535726858,-0.911717067221109,-0.050751778840461774,-0.53577783683768,-1.122705681938195,-0.9403668780893025,0.0438603963693844,-3.3380606903624965,1.0812337665650589,-1.325738628493037,-0.33514895433150727,-1.1153713642538057,-1.2953805255202173,-0.9668316355392903,-0.6405289437163438,-0.26577806892800143,0.1320772322903512,-0.08940992564066268,-2.088850770877368,-1.4194750787470403,0.04722454483365287,-0.5225265983123345,-0.1632321276445964,-0.33514895433150727,-2.1946385611887598,0.5472676203017615,-2.9569891447656946,-0.03913448171092192,-1.5174133677264874,-0.6480195421407233,-0.2069689254971315,-0.8886056576721642,1.2842372322507265
plasma_crp_65_repeat,Control,-1.0127277584994834,-1.9416352985104381,0.23001835887074235,0.04337350918937217,-1.7264358983332158,-1.8144991875977823,-0.02975396651685326,-1.0941832379715364,-3.086132348676139,-0.6445271418340184,-0.8184169247069257,-1.1468867967861054,-0.9789341897012903,-0.3959883900909925,-2.1643499454228627,-1.0882034953362816,0.24018892729946947,-0.7867874001644019,0.6092106907668104,-1.5004640406330376,-0.20272409922955123,-0.57254648890667,-0.8599719531853495,-1.2747865153533273,-0.9497055349049984,-1.3369315805062079,-1.0646341499901713,-1.584466407186016,-1.0882034953362816,-0.7044651007424365,-1.2442178702254119,-0.8432857636227034,-0.02194136769391075,0.5837785652652918,-0.6130579288220758,-0.8119400940225157,-1.3298476057920947,-1.131731896324877
plasma_crp_67,Control,-0.029697238181868865,-0.23703402669007254,0.8812982709688876,0.6367528677842844,-0.006063437372051843,-0.020019734534604466,0.42323358559446034,0.49298040492082146,-1.6824784082161657,0.283951546466255,-0.5158340619079218,0.9283030786277945,0.8594181895618802,1.6736527909058576,-0.6588856693116928,-1.847439545553357,0.26976996342581855,0.029690866322125264,1.0307201950078808,-0.3266629711282126,0.489663400902144,0.977773041083659,0.03572904209111924,0.5457901188024906,-0.011325932409754283,0.5823004149240772,-0.22708106694850194,0.8054570292897405,-1.847439545553357,1.0436399590901806,0.7828095370653898,-0.8634514160298284,0.32990438274631273,-0.5491201782826477,0.401023018451112,0.26303970628959433,0.7610544578957346,0.8777133442740125
plasma_crp_68_repeat,Control,-0.20032846626499934,-1.9416352985104381,0.7628873034215444,0.5730506252355728,-1.7264358983332158,-1.2303214705543437,-0.44960268876940757,-0.5245781894002447,-1.3073887758437908,-0.26231888124715363,-1.1012902672155769,-0.7741322768096428,-0.05707793702552899,0.2733351344389934,-0.5356564862951029,-1.82336556104236,-0.8403653054818168,-0.6118588593032404,0.7180239508333897,-1.1245128431539664,-0.2607432188338232,-0.3023155829830757,-1.206566836369102,-0.651096321742066,-1.0473799850422294,-0.16448602989685626,-0.2722301553796658,-0.8224048357831489,-1.82336556104236,-0.2075767327197258,-0.49862760313778215,-0.3350394347320598,-0.2789169933077855,-0.5168480117041834,-0.44927958026139,-0.8119400940225157,-1.147518757023161,-1.0346113643761583
plasma_crp_69,Control,0.6359304369914713,-0.25310641210584534,-1.1426029321033027,0.8972070195779547,1.0859941001800986,0.7646047729191103,1.4740027904340518,-0.4688872563812466,0.6096304604868165,0.9470828021104013,-1.1118900656354043,1.4725667806022722,-0.49556524766685955,0.6206413975339018,-0.6273138561854722,0.8704816677798661,0.6312977386785156,0.8039537999876596,0.8191636069610225,-0.30415614433805893,0.751286720002241,1.1089068177136827,1.5491021675462013,-0.16632377079300453,0.9900914966622297,1.2560740501305665,0.7286611617063375,1.3779058776946709,0.8704816677798661,1.00311884867456,1.230030213714354,-0.22057603381523003,1.5780191205831358,0.15805602401047375,2.395149513387702,0.861799756117912,-0.3981927802599279,1.8126478519994031
plasma_crp_70,Control,1.3384163491066805,0.3728326618479801,0.9886198698343233,2.0874433502807612,0.8490728072273178,0.1254189928487805,1.27110074186844,0.957115031861823,1.6777427319080223,1.4404800465536969,0.1681102877324411,1.2766335875381607,-3.090793581062587,1.837267416376535,0.22488829866821577,1.4818804705784745,0.37496752497362645,0.3345395349414033,1.539654001027624,2.3835905981082215,0.36487916105377877,0.0842342674784872,1.196745096905206,1.4561482086130466,0.5688539056868739,-0.49950317749877426,0.4950448512833482,0.8734185786980015,1.4818804705784745,-0.8513469177611207,0.5977077808647991,-0.5414830087872363,0.9386370321356912,-0.883313054452779,-0.29787421063413305,1.6530665859184883,-0.3304141851922654,1.1638091721597645
plasma_crp_78,Control,0.5727422508192668,-0.12066009397541161,1.0669853701200123,0.8589803975238972,0.606730227356485,0.19654252511714376,1.425814901910023,0.27393625987900544,0.541503732255199,2.218248062192924,-0.2828100471776049,1.3170509825311214,-0.25605500474798343,1.3140459309776376,-0.26449499074001814,0.7341571691583627,0.5166846746858129,0.38733235039516994,1.6014184892276944,-0.6422190094471442,1.2794343834400963,0.9683948224616381,1.8285577515188611,0.8322444147737289,1.3714634740972356,0.5308685297125543,-0.1789616257977691,0.6079025781923778,0.7341571691583627,0.4699580574991797,0.5640227478614392,-0.5942278568746624,1.8348053081812816,0.7041307741106754,0.46569302751634234,-0.8119400940225157,-1.2104594048847794,-0.021635787953120454
plasma_crp_82,Control,0.5588733240557006,-0.7060135573674741,-0.0027498273553624494,0.8120337667760353,0.7731077852500845,-0.018514280726740814,1.1640562742115614,0.1292410913496502,-0.46287316902264297,0.2816651426084772,0.5426641143359463,0.6915263142216107,0.202477998809092,1.6577226718946318,-0.7252072703644942,-1.1059223179714113,-0.002045817110775836,0.3607929402744458,0.8114770120815599,1.0424960330332496,0.824717208718481,0.6509532144224075,0.5914625474739099,-0.03035338835293652,0.62492837613986,0.06401271820602984,0.15262892626075839,0.9654244721565101,-1.1059223179714113,-0.26055072258547624,0.8376230192615709,-0.9742184076921061,0.5014972398651614,0.11122031523307449,0.7925771483102622,0.6455074039755223,0.051708181183027876,1.5770567913811757
plasma_crp_83,Control,0.5727422508192668,-0.12066009397541161,1.0669853701200123,0.8589803975238972,0.606730227356485,0.19654252511714376,1.425814901910023,0.27393625987900544,0.541503732255199,2.218248062192924,-0.2828100471776049,1.3170509825311214,-0.25605500474798343,1.3140459309776376,-0.26449499074001814,0.7341571691583627,0.5166846746858129,0.38733235039516994,1.6014184892276944,-0.6422190094471442,1.2794343834400963,0.9683948224616381,1.8285577515188611,0.8322444147737289,1.3714634740972356,0.5308685297125543,-0.1789616257977691,0.6079025781923778,0.7341571691583627,0.4699580574991797,0.5640227478614392,-0.5942278568746624,1.8348053081812816,0.7041307741106754,0.46569302751634234,-0.8119400940225157,-1.2104594048847794,-0.021635787953120454
plasma_ssa_031,Control,-0.5128944316105726,0.6525599823579946,-0.294925156971756,-0.8707863788602012,-0.3732269527299065,-0.3624523414105672,-0.3055044295253638,0.04745982419643469,-0.6370379351128234,-0.45583904037962847,0.5887472665928812,-0.6223274851584605,-0.6456418091174644,-1.1944377315150572,-0.024296099764956443,-1.1783223781914929,0.056562726587134904,0.2745062312221193,-1.1769992363866697,-0.48441180283080554,-0.27227989656695706,-0.577912482753443,-0.20894177492588636,0.15847468443385077,0.2559916373709789,-0.04798014836200297,-0.789593033762942,-0.440093997503759,-1.1783223781914929,-0.3779090746686483,-0.9473697873330168,0.5540528176601569,-0.7890829468815912,-0.0543428357197586,-1.1450067222386413,-0.7536470461528452,1.222179533657889,-0.37258801204117764
plasma_ssa_032,Control,-0.5560516435216034,0.3897238040376648,-0.422246619488057,-0.5630101071863446,0.7742838850333185,1.1196890336053855,-0.02228790913647105,0.45844246948984996,-0.3465530281338843,-0.6013190813220762,0.4160515192044083,-0.19567601671723525,0.5214480595937911,-0.6832863106414163,0.8840797277889053,-0.4397439875417345,0.6966065978482826,0.14334819379996677,-0.9079827179534018,0.25523598346172766,0.33054075142488143,0.2983385897708674,0.20196241506954382,0.7562222663663279,-0.3010941511410774,0.28281160069581396,-1.1820161539627212,0.18072934579606661,-0.4397439875417345,0.3900702805983497,-0.42098729634718535,0.7939008480028259,-0.41731468691672396,-0.30455723542064367,-0.6477837324862061,-0.6298919925050803,1.0230669836643387,0.09929391602394431
plasma_ssa_033,Control,-0.44878897363674314,-0.16468767793729172,-0.4576471516975249,-1.1643141699620279,0.5047527243651989,-0.004535000789665596,-0.6242670816580418,0.32761242153007364,-0.5869079361613212,-1.0259462111416682,-0.5754473572652,-1.2646518788928085,0.10653756230949538,-1.1039593537231258,-0.2302328609396198,-0.3909373806893219,0.642851651781369,-0.020091789184961344,-1.3293004700972217,-0.3248199695542937,-0.5165686893034652,-0.7563543434619643,-0.5475361195044004,-0.03563048867767029,-0.8595418123472606,-0.5982791704598363,-0.19124868125720998,-0.7543817995619801,-0.3909373806893219,-0.22243205306433236,-1.208386787753622,0.3388602997862881,-0.19414510792052755,-0.34283229540413884,-0.5951493335506097,-0.8119400940225157,-0.6722991497862533,-0.6603693738305775
plasma_ssa_034,Control,0.9847524624524377,0.5570490631823822,-0.5695459495684831,-0.14774997629464195,0.49808821456924934,1.0400605259044646,0.9324644811553524,0.22127182311142232,0.11163283369565152,1.2980486459817016,-0.30853133025056584,0.8384847184465468,0.6808693154236962,-1.268650948750517,0.9689022262503459,0.11408979772907905,0.4298558121582978,1.5516588527904889,-1.2724503614665117,0.06650094615577869,0.856939950781623,0.45927147024656695,0.4257527578768249,0.6163517662275818,0.9106350107667445,0.8305340262536307,-0.2342769136748193,0.7077462169769569,0.11408979772907905,1.0911150059389905,0.47310989067284576,0.923730002093388,0.5254992415082703,0.13366202706620134,-0.3746555974033651,-0.5559684954781805,1.429858313152095,0.20658728331532522
plasma_ssa_035,Control,0.5710802106131444,0.48596088460576137,-0.2334383776866864,-0.5420006271986526,0.4486560748645165,0.5208051576026725,0.9919102670989378,0.6042900754386451,-0.3135290680583344,0.7817886878894096,-0.09600147241098675,0.6205578167249064,0.02211213584814576,-1.091266115937916,0.922421708732817,0.14884214051541375,-0.0035523228364188484,1.4013657364244831,-1.0800821136062628,0.08344754853043583,1.240875331931991,1.0110367463255554,0.9012628104784292,0.6466194243049179,0.8516309947312262,1.112198026979966,-0.21377529268716344,1.1607674252928373,0.14884214051541375,1.1303796408297853,0.11062082925202978,1.2146966982114251,-0.010687523220559271,1.9306602422047845,-0.5243610911773413,-0.5212681005814581,0.3951621699015323,0.34416802999728063
plasma_ssa_036,Control,-0.19204781222265893,1.2475583348864558,0.047616120703442726,0.1573622254616324,0.972483340623313,1.1551659156312761,0.7521406236276753,0.6848009407141652,-1.0605776940449885,-0.08939396422962699,-0.02203775985006867,0.38202176782522845,0.046217663553826255,-0.8415999394354704,0.5235490310605064,-0.3015569823121545,1.4111130491614168,0.6076717762562969,-0.9147785104479401,0.25311003365308904,1.0015647538518122,0.7623630542293264,0.8147659472891758,0.3436651508174646,0.5260597708361844,1.0790060060597217,-0.4651271923284542,1.142361266851799,-0.3015569823121545,0.7706932384832205,-0.016592959715890948,0.7582773062304918,0.2813422744296689,0.7903606445559543,0.26979973854202716,-0.8119400940225157,2.5466611183660293,-0.09565571997185188
plasma_ssa_037,Control,-0.15113022042100066,1.1462775547849386,0.6077541709385956,0.29410166115777775,0.630726327080187,1.2434188225138247,0.38044048034175393,0.17532029599793267,-0.41767929076428617,0.3476667487839011,0.4778744634228158,0.12509775077113383,0.6552978271993241,-0.10596039710122879,0.54994981964978,-0.25970083509872527,0.6405084064594653,0.816033064994766,-0.7245975982944003,0.22478814200908764,0.3107864207583268,0.42802173552320516,0.6580129788097129,0.25074776162134005,0.48913601929348866,0.7826921465612212,-1.2009437768799827,0.4519248601446469,-0.25970083509872527,1.069003807887191,-0.09962179354660838,0.8617099196752436,-0.20252134308621444,0.22160320375779696,0.02615928339717175,-0.7086233783166395,0.13024529968242546,0.1448275148099576
plasma_ssa_038,Control,-0.5582177088468062,0.9909854140212025,0.28223194321400513,-0.22609370096145248,0.5155945021684979,0.6173669565000723,0.19024771463570178,-0.22645805293133772,-0.12986956889177226,-0.8782946554028109,-0.00414498612276086,0.6763369028607662,0.7209992348046759,-0.8000150890327655,1.0643794504783548,-0.15200719135887034,2.144245814639095,0.11750281321564365,-0.6137773147644399,0.1471986693363961,0.559207793908766,0.48992711610934797,0.23875678209128917,0.42900277777110735,-0.19408615244007002,0.8183249605923183,0.08067555056654038,0.09751168944441421,-0.15200719135887034,1.294013241871321,-0.10835480716330896,0.456084797488254,-0.3887893732294398,0.8141516793319764,0.2707513802553124,-0.09381173773509387,0.46662635006015135,0.2824265736969885
plasma_ssa_039,Control,0.609346877062993,0.9044784316026216,0.47689180302643414,-0.06288591664563323,0.7746785651049055,0.5954208432118824,0.2114816136739707,0.5758906884626873,-0.44024416467844724,-0.36335527399304823,0.6814354437570478,0.40354984985317394,0.9715908423137414,-0.43556750287462614,1.20134991797142,-0.35762902058040474,1.26414466164582,1.4101294494849674,-0.6349599017707519,0.4845464297960944,0.22299560750786204,-0.03272802452266016,-0.32850335266816805,0.23738533905805906,0.5872299804391645,0.3470061692484215,-0.3960210095150304,0.5219881233648346,-0.35762902058040474,0.9274373360206207,-0.39593107252501036,0.7786171923526423,-0.561033210668792,-0.8638268524611981,-0.7351567197454797,-0.6691861932085121,0.17225451770743797,0.33046151056450146
plasma_ssa_040,Control,-0.47794118555663834,1.2872079539325911,1.407748619726843,0.10074434328374796,0.36359751386070405,0.685275069735534,0.13471007047658343,0.5694985847646825,-0.4028227579451874,-0.3642470744724676,0.0713304547360422,0.2400248687635712,0.10526274938821263,-0.2997707954067674,0.3302906198513634,-0.40973665195365655,0.029469708087271257,0.7528652838448745,-0.20088309513913866,0.37343032140684534,0.38335379533896086,0.2509194183792155,-0.003768257458438168,0.8464639110242727,0.011148883966909705,0.6505730189250554,-0.31131643127348396,0.3538694747539128,-0.40973665195365655,0.9860897516525123,0.08854014438395007,0.5992626448766148,-0.6193049252552244,0.5471740313345829,0.14852506851383512,-0.7729702305428118,0.13737011093069848,-0.29717740787470576
plasma_ssa_041,Control,0.05983797569351817,1.323837499394878,-0.32850770642390303,0.1954603434813507,1.5976140544826705,0.1312225392912295,0.15956543148015712,0.3616142471067667,-1.1925561230747241,-0.2930375607029199,-0.07448165847848409,-0.07910270419848857,1.1314675089870514,-0.7529432863150743,0.5078187547461609,-0.20962122766809527,0.31465788724939964,0.3781719140914183,-1.0578534232542356,-0.21475895586524504,0.017984286020490396,-0.2747970692284426,-0.048325173899604904,-0.5061069239491746,0.28073352999284923,0.1731582250948476,0.39766001865710754,0.09740696306208872,-0.20962122766809527,0.39236813142521915,-0.3064762950781928,0.8489951991112586,0.2724948514034577,0.3955540035260034,-0.6951205689937924,-0.8119400940225157,0.448454157555019,-0.1808853291846313
plasma_ssa_042,Control,-0.05030732326407143,1.297220719323174,0.16614794839557145,-0.07918649647815436,1.115257857789007,0.9695875274958621,0.3841449519318831,0.4829690222484611,-0.5017437831195524,0.3363987348258025,0.29438407228182895,0.2710603720073318,0.5913381090172978,-0.399278583053356,1.030928662723479,-0.5164757405258742,0.1494269553030538,0.7788634453425975,-0.7326833359366358,-0.6057838989071711,0.6169127438274777,0.6131831636205821,0.26723992965339344,0.5869922030232243,0.2052259079906035,0.5792875291921274,-0.4288106852690196,0.713068971710869,-0.5164757405258742,1.195266260800924,-0.041077374581842394,1.168754354405188,0.18986469918901291,0.6460776319378567,-0.360624735689716,-0.509461207855811,-0.019054209825375375,0.05896466544799972
plasma_ssa_043,Control,-0.023261776953475595,1.1324298247753253,1.0649448457013089,-0.029804473280686496,0.5882471439864332,0.9102062993903461,0.04971783118800025,0.1182181337479653,1.2440040161442567,-0.052619155417666076,0.2825356525284881,0.10973796957960136,0.569691511019904,-0.2161735106136075,0.7855501210839138,-0.577263262026693,1.010115089200423,0.44188763455705776,-0.5329256649843642,-0.26502454727391156,-0.1960447125164509,-0.15535646529774957,0.26869981946297067,0.2828315709112506,0.39190903030648433,0.44652548304658457,0.38950602114522864,0.35605033018797505,-0.577263262026693,0.6587614045908585,-0.09124202737911867,0.9572891074788956,-0.34585848315032036,0.5050638992472,-0.3243863330109475,-0.5014283321277299,1.6224874348412104,0.6409510023768448
plasma_ssa_044,Control,0.06766757907194332,1.241345320647243,0.17146405280763968,-0.09241719746390431,0.4568080418278594,-0.07739473897336994,0.18224177362765417,0.5117190858716798,-1.4328656623642078,-0.06843875247255687,-0.031489708251429195,-0.17086429478213147,0.970002325679588,-1.341376405230416,0.48624089857396013,0.09565002562508418,-0.35692027405592686,0.32843562154006734,-1.1057722638985348,-0.3413650912695627,-0.1483291859861075,-0.03249049839954778,0.25349057326860613,-0.5250667209565733,0.57492283746285,0.17085773043808886,-0.10496766366424967,0.25068343381519564,0.09565002562508418,1.1421461785957465,-0.8092922448631674,0.9680490765197888,-0.01308609228227625,0.13477609150931774,0.2683947183339889,-0.6707899349766541,0.6585476163099628,-0.4514890317143473
plasma_ssa_045,Control,0.28467333448580057,0.8194820115461668,-0.5605914623632584,-0.8225842173027862,1.21006724285232,0.08956132854759073,-0.15428673293036865,-0.007032784715311548,-0.9818125512780084,0.2236841079257472,-0.35951374317323476,-0.3742535336035337,0.41577767266821386,-1.4992562213064138,-0.24145707440507602,-1.0791260640951725,-0.23191262913908187,0.9270280226866789,-1.3076401525009993,-0.8584952833187229,0.28360359546471986,-0.0578190854438135,-0.658391921234787,0.3288567848034228,-0.383222815791465,0.09684413365575932,-0.879682443238041,0.5879660705967324,-1.0791260640951725,0.8996271760595457,-0.07015307789953137,0.9062960735752997,0.5231121632316139,-0.6841160733600691,-0.8226718784296182,-0.8119400940225157,-1.2122617606478077,-0.8174426741425839
plasma_ssa_046,Control,1.0788010640495904,1.300877947114157,-0.19663457069775686,-0.07486400998602799,1.2378471850555237,1.6241101998864482,1.6905731436551183,0.3110267095006456,-0.7100223920976206,1.2410343481560102,0.5002847833775977,1.2819427369816334,0.9954248579328185,-0.7894828261551563,1.416318605015004,-0.8885528321831826,1.0398731928435387,2.376089465674907,-0.596806835877595,-0.04193223935404176,1.8585500710070064,1.7676823430113193,1.2895894737979297,1.6316872674401337,1.7006447976785788,1.7101937404503782,0.5246576993864056,1.296124649485776,-0.8885528321831826,1.7680053148521602,0.5301053931786072,1.235736530737111,0.33581714825714976,0.19178193880431194,0.3617824412975001,-0.439985700710989,0.9104330901288507,-0.08858726811504507
plasma_ssa_047,Control,0.01478810906855136,1.1056085911046132,0.11981132682572385,-0.11949162185642224,1.110698542773422,0.5677791858596009,0.27721696987367866,0.15251909568898256,-1.2020694713520146,0.20127623438435344,-0.01801703334950703,0.1748772154758764,0.6968814794857053,-0.7013076417153769,1.0679157568097817,-0.440615256612166,0.43939259335521663,0.6853119770383784,-0.7331133613632054,-0.6154341285097693,0.35380170545029793,0.3780102862701703,0.33439566111872043,1.2631853679571212,0.34120853271250684,0.6335357674917168,-0.5059904762355747,0.9138293504230985,-0.440615256612166,0.644441926340863,-0.16488352306797205,1.1012816367997733,0.045386102762513134,-0.1310959403874255,0.36372291726003025,-0.6048103098550648,-0.24968039350265225,-0.16550507099434764
plasma_ssa_048,Control,-0.1391988983392743,1.1780298378059681,1.268837822305646,0.061470409245933014,0.027749582944781713,0.7723716739432813,0.5711720108882488,0.4206970949501482,0.03404111737083367,0.07818429938392944,0.2698578621242954,1.1820374544452918,0.0026694352219567667,-0.42222334917796533,0.45139957155313937,-0.07187832157715124,-0.32189951151205026,1.0062956373209069,-0.39951179344201626,0.7205386200303361,0.9382344158561775,0.7014961840749117,0.8243871470804601,1.3412781283845099,0.720714419069331,1.1955382323197,0.3620138713067209,0.7500783915490676,-0.07187832157715124,1.4708738712082676,0.2529404963262729,1.158978714732155,-0.3081800140480984,0.9191429186717832,0.42699659042301075,-0.4411171150391695,0.8700527637245252,0.30581639338149263
plasma_ssa_049,Control,0.20709187184035455,1.0299956388593385,-0.5177761029827346,-0.3898318895759572,0.9763223096201235,0.00535303026054575,-0.41240499347034726,0.14457903736650424,0.3879972022116827,0.0010279113303723816,-0.7591975537215787,-0.4358152892916063,1.1176278717954264,-1.5071853945323836,-0.01032155872974429,-0.29518087864331727,0.2654921643154726,0.1373477864944974,-1.4864785662868227,-0.3147402826085476,-0.38957460656089876,-0.6704525788578274,-0.30170712526618265,-0.7981288074904546,0.26489647140364564,-0.34335118614545324,0.16310331614750753,0.36511145399958767,-0.29518087864331727,0.2622872565544136,-0.6318223811239625,1.00010590480511,0.05577544125174896,-0.45596787077106976,-0.6115721762052028,-0.6257906556179397,0.24113232505122262,-0.06420822753723442
plasma_ssa_050,Control,-0.6448158911136185,0.8913869909541976,-1.7206096320850133,-0.9116594185131525,0.5285392562349087,-0.061052519631046284,-0.303687686737513,0.6193250856683685,0.40537093753936543,-0.22382890001291264,-0.9265082751118184,0.9076466348249226,0.23631846578570398,-1.2191158141903748,0.1656313472029555,-0.9758114745114232,-0.7210908534790561,0.10321116492318848,-1.1997050027993563,-0.6050334906747186,0.3948436764111091,0.12749952672955683,0.04829367560916093,0.693643642557847,0.41204657402598494,0.5677528046090041,-0.02748005873719961,-0.07078012930583463,-0.9758114745114232,1.1527761241448216,0.015327604820343628,0.748364045246248,0.0804216652939072,-0.18691671244223196,0.3410706897357594,-0.8119400940225157,-0.9546194047637673,-0.7663812115622001
plasma_ssa_051,Control,0.002488857751662559,1.0229588036707324,-0.9464494222607231,-0.6390076387105682,0.7316861402283511,0.09186623222448731,-0.03442851151145732,0.69225114365108,0.2738515092785138,-0.5616845683817678,-0.4760768258531755,-0.23424665185070573,0.858970926928499,-1.4231259812091501,0.3728640870850138,-0.7973128523953152,-0.5661166350863568,0.33009613927941084,-1.6784463469077588,-0.32126127797694637,-0.31873048054216796,-0.6355555461110793,-0.16313591298735114,0.5481714201753002,-0.16623812392388523,-0.27114971342003813,-0.7152021901797969,0.08459861316869056,-0.7973128523953152,0.5447945683096294,-0.6307501892665872,0.940618134471793,0.24046085490989133,-0.23743664334283898,-0.37646885181028594,-0.8119400940225157,0.21281850193233834,-0.27873956107824555
plasma_ssa_052,Control,0.1472303815911591,1.220687395393066,-0.9058560696156274,-0.4003330004927139,1.2699341869786251,1.0875884462103846,1.1441614328830425,0.7740656154761233,-0.34475406781308315,0.1387496538806067,-0.3560079212495606,1.1284153160510373,0.9154986795733165,-0.8980751533236109,0.2916728538822657,-0.6249763035831527,1.588678167630846,0.8928359451831789,-1.2114602897153384,0.6260400298262783,1.5317838130917087,1.4343006550291078,0.7577824087626174,1.6887022162072256,0.6314903702743331,1.3865093220756564,-0.24659619946944486,0.7062656731957561,-0.6249763035831527,1.666802162982436,-0.01185722872419456,0.9952366045685643,0.4201648995875233,0.1482210923110598,2.1920372052114154,-0.5347446054217395,-0.8121493426021289,-0.28985110331122427
plasma_ssa_053,Control,0.47449651584274466,1.0559337706464902,-1.2550130338047603,-0.7280463238142458,0.9870370976742064,0.20327176698239757,-0.2896292402802058,0.2812320151157661,-0.5697820035494704,0.46658752059182773,-0.1813061978672966,-0.399078335287838,0.795771062679075,-1.3649595170936706,0.13793764060004615,-0.914544671005028,-0.4088996918217399,1.496465644179498,-1.4747198022241295,-0.7352604646362774,-0.6157976975962615,-0.9588779236679518,-0.1326427272323223,-0.3598818962279175,0.4960572220862368,-0.17866543025753084,-0.5166813220733699,0.7344948046779108,-0.914544671005028,0.5048722293643099,-0.3842681601713891,1.1960392206947876,0.17849296219723323,-0.0524523400512444,-0.7457322141015352,-0.6560003163892203,-1.1301948471441179,-0.6925357249747115
plasma_ssa_054,Control,-0.2803167662927456,1.0578819463548184,-1.8676069971543456,-0.83123255835199,0.06511469186838112,-0.10922392840584935,-0.41450001551914184,-0.08671630221885927,0.49041034974714687,-0.9421538652340233,0.12145932941084825,-0.16899454855442375,0.07065473315832105,-0.3934063155834432,-0.4041222311164425,-0.35141160721300424,-0.7587889431048837,-0.1844764534289592,-0.7456653520315792,-0.34770289679842453,-0.19617554208713187,-0.029082727479881037,-0.27252582721611773,-0.36151057998039493,-0.921438390651731,0.42810687165598826,-0.7312593568989715,0.06346810712687266,-0.35141160721300424,-0.5738558981931182,-0.44016085629308843,0.3861899060637604,0.03729371791940388,-0.5431063787152525,-0.6264892652647228,-0.21682811501619284,-1.0236099076714684,-0.24690489152210351
plasma_ssa_055,Control,3.543420394772028,2.524089094831225,1.1421405877259927,0.8312366085461791,1.6578669243433373,3.3492449084964413,2.222087032872025,1.8619684087301047,2.6638995412738096,2.240861961189329,1.4595883745442106,2.5705503084899495,2.3181542875458216,0.950173748953752,2.5204818124387773,1.913491825424441,3.2602866213237607,3.290162747646647,0.8333605425763253,2.3790516990823027,2.688613923831571,2.569836162018359,2.087708147827466,2.852032496540409,2.9617993706597736,2.945816044575431,2.804888168801595,3.849571645900102,1.913491825424441,2.7659883104774634,1.9957265988336674,2.844388398117456,1.5117833073013196,1.835755789153383,1.319893228443861,2.185554864685116,3.2678463779928286,2.5013008486196178
plasma_ssa_056,Control,-0.8586102952282664,0.9108758265918463,-0.6602245060301797,-0.572177823514159,-0.3876747973505247,0.8444914339867039,-0.8050260814148228,0.04801624712147266,1.1768721739907277,-0.7646789980842443,0.022480903151927516,-0.3762487083500711,-0.031576608594161844,-0.35106766785222565,-1.464897798945175,-1.4303792844750172,0.6968225810762118,-0.12592108231098448,-0.5753780383049929,1.0762858387156902,-0.7190049560063996,-0.9619002105671806,-0.5239976149112717,0.5621981816942206,-0.8505469409382155,-0.679889288599156,1.3253563255831133,-0.7100302391758311,-1.4303792844750172,-0.0013638989701508135,-0.7580572641343495,0.6185464771468617,0.15151637602243806,-0.7810153831134319,-0.9542254719419448,-0.1620793419410767,0.7612215230787521,0.42156456821897664
plasma_ssa_057,Control,0.23014202912164444,0.8425704536900356,-1.2157615933811865,-0.8104213561374025,0.36214527518353945,1.4127756778171157,0.20915106060035588,0.34739325980750585,0.1437185212723594,-0.2656688452253735,-0.3111159400760877,0.2542320106983314,0.43993648592690116,-0.6685773771992332,-0.13085607553762768,-0.6912585792343268,-0.6886205127283016,0.6792960118754519,-0.6953882923862195,0.6134169842750794,0.36263513234251815,0.189430865232828,0.2642411225034323,0.844916626805178,0.45930110303522104,0.5402117270250828,-0.4919861438393224,0.33709290436540534,-0.6912585792343268,0.3398547772744982,-0.3705193684322553,0.6882209176871633,0.28552391554966766,0.21540656623006912,0.3839561685589118,-0.5055429075104168,-0.15050750033939392,0.2109570351446264
plasma_ssa_058,Control,-0.8586102952282664,0.9108758265918463,-0.6602245060301797,-0.572177823514159,-0.3876747973505247,0.8444914339867039,-0.8050260814148228,0.04801624712147266,1.1768721739907277,-0.7646789980842443,0.022480903151927516,-0.3762487083500711,-0.031576608594161844,-0.35106766785222565,-1.464897798945175,-1.4303792844750172,0.6968225810762118,-0.12592108231098448,-0.5753780383049929,1.0762858387156902,-0.7190049560063996,-0.9619002105671806,-0.5239976149112717,0.5621981816942206,-0.8505469409382155,-0.679889288599156,1.3253563255831133,-0.7100302391758311,-1.4303792844750172,-0.0013638989701508135,-0.7580572641343495,0.6185464771468617,0.15151637602243806,-0.7810153831134319,-0.9542254719419448,-0.1620793419410767,0.7612215230787521,0.42156456821897664
plasma_ssa_059,Control,0.23014202912164444,0.8425704536900356,-1.2157615933811865,-0.8104213561374025,0.36214527518353945,1.4127756778171157,0.20915106060035588,0.34739325980750585,0.1437185212723594,-0.2656688452253735,-0.3111159400760877,0.2542320106983314,0.43993648592690116,-0.6685773771992332,-0.13085607553762768,-0.6912585792343268,-0.6886205127283016,0.6792960118754519,-0.6953882923862195,0.6134169842750794,0.36263513234251815,0.189430865232828,0.2642411225034323,0.844916626805178,0.45930110303522104,0.5402117270250828,-0.4919861438393224,0.33709290436540534,-0.6912585792343268,0.3398547772744982,-0.3705193684322553,0.6882209176871633,0.28552391554966766,0.21540656623006912,0.3839561685589118,-0.5055429075104168,-0.15050750033939392,0.2109570351446264
plasma_ssa_060,Control,-0.168601639188445,1.1034852733901352,-1.8935917407307137,-0.9419094661382131,0.20071074657062116,0.6699876813848453,0.4393487063340123,0.1205255637015831,-0.8359508442444059,0.021026028485931606,-0.40639079201106393,1.1563314298840575,0.24688040969166358,-0.6747652197627341,0.3542377001280577,0.3689267517717116,-0.7906781306663913,0.6734391172229063,-0.4342474628814773,0.2935437216674958,0.9380745701243884,0.7384676719824669,0.14330351689878124,0.7330469210338333,0.48310334264915206,0.7127024533124686,-0.11238975271811869,0.1361867995984699,0.3689267517717116,1.1136987924551425,0.27639651773179663,0.6412456279435556,0.5034858545827543,0.01234697129443127,0.14628643662939614,-0.4754846160461959,1.5397542545138767,-0.36372576442917953
plasma_ssa_061,Control,-1.226648608031896,0.3705300480835722,-0.5798518220403649,-0.6209730756292957,0.10532511837851544,0.362126389319554,-0.10880350558200393,0.7023594471183352,-2.375975388397217,-0.7282926018487539,-0.9210823404184932,-0.31668938705419947,-0.426197183150572,0.5472262700273617,-0.7353192915591067,-0.6847003377732314,1.1771359316009955,-0.43301882254928425,-0.6284843932510134,0.1758150761590502,-0.1531151035068121,-0.504191561650535,-0.748220623013593,0.26137049204605434,-0.4720534103080136,-0.26098547289977936,-0.5920907236049275,-0.6933997305651463,-0.6847003377732314,-0.2511916157692035,-0.5947785504739098,-1.8357452754688277,-0.287488937657389,-0.11411169227282444,-0.4900635284791188,-0.7136946828697897,1.1887782173421078,-0.4811743233035448
plasma_ssa_062,Control,-0.6229504138617784,0.2642660541272298,-1.2047938672903482,-1.3873999732258009,-1.7264358983332158,-1.7923177186827928,-1.2653832228828128,0.2890310120653859,0.6000768879449753,-1.2941649421867303,-0.3130485509032699,-1.896159280360677,-0.22106989558633655,-1.1976351863822159,-2.0141921202734157,0.04051922357823638,0.6655492800150787,-1.640868630571313,-1.0593075674588317,-0.8548441957453511,-1.289584336265825,-1.970306204458582,-1.4097575586158022,-1.125926723313887,-1.3604261278206555,-1.628649262592851,1.3066165495846573,-1.3792712662683817,0.04051922357823638,-1.8077235707249315,-1.6099006657351962,0.06874379036645294,-0.4165714730894267,-0.3183442559964418,-1.5720587454287749,-0.41417008639979014,-0.6536929367352927,0.17276427402772673
plasma_ssa_063,Control,-0.2546249234001102,0.33061785196481086,-1.7540318594535347,-0.40977583313764626,0.16504367416297244,0.030306736609771862,0.3716308684294781,0.10363302776821229,-0.6459580897782249,-0.28771975457829857,0.06884182244812519,0.7873002188843463,-0.9283998647730497,-1.2105113793706872,-1.0882125592096885,-0.3761597345932019,-0.4097988408309924,0.08591296436683785,-0.7612864829381075,-0.7900917968435556,-0.20393872702805538,-0.21571229451381194,-0.17027234825804194,-0.06918782325033554,0.016177955448106185,0.1494368698187903,-1.2323256101964801,-0.5184952554004424,-0.3761597345932019,0.8741426056230657,-0.10400681721849842,0.5367659588713138,-0.0023295080261534263,0.2899086194623386,-0.4113633151846578,-0.8119400940225157,-1.2112303995823153,-0.9180146033352738
plasma_ssa_064,Control,0.21973448068835277,1.7084454873501478,-1.8563494682619717,-1.0710987455268366,-0.3385129965270557,0.1484084496968325,0.5032047715379308,0.35057834259839654,0.5879622942331205,-0.1638152215829207,-0.09724164591804188,0.8950158521606963,-0.705676523494109,0.6041935561032804,0.4046078981474052,-0.5837831026735646,-1.3065672139355553,0.34377306415816905,-0.7672850996480409,-0.021596942731670087,-0.018491295183247228,0.10350145305333751,0.16108116730537692,0.3214560070893928,0.3370764633015357,0.555489623201951,-0.5300777596133542,-0.6152670320476344,-0.5837831026735646,1.081645400628776,-0.07034441755881514,0.13066498927217185,0.34903645554286494,0.8209992825781013,0.27232128076275514,-0.6206304813943744,-1.0804711634566277,-0.9755853875459081
plasma_ssa_065,Control,0.20242712425812132,1.19310715410544,-1.1524613394026841,-0.6800129356503989,-0.114218520218469,0.4119586671920092,-0.004674155216614434,0.5576102519662127,-0.07655692427164401,-0.1523747312425472,-0.6419144501305725,0.33538546621050935,0.7663664119823751,-1.021260291038806,0.33176144774164484,-0.5857348931974063,-0.6494250621568117,0.4261010114357925,-0.9872223179957719,0.3206229943834261,0.18476311391709868,0.047787831224219285,0.018609490256929023,1.0403816174413114,0.32607314068345655,0.5883812130560488,-0.8955518558314027,0.03293217269149271,-0.5857348931974063,0.20492728917449834,-0.2301017009246976,0.6569676407614747,0.16243148762901172,-0.07583377009435534,0.5620166264119486,-0.2238075396682584,-0.08724878761502708,-0.04923775491105059
plasma_ssa_066,Control,-1.6649787145014965,0.38670089003800373,0.11627965520632283,-1.646097524280772,-1.7264358983332158,-2.561804138310162,-1.876168445058363,0.28416130080896496,-0.17787040968233642,-1.9406634547752348,-0.8510387205128488,-1.7248324597108275,0.33829780244881547,-0.9211990913760842,-1.298082324914201,-0.6334436406190509,-0.6986158290430425,-1.4815870557046036,-1.228754033821742,-0.9939399646507506,-1.6374318337259013,-0.6992983238467622,-1.9474908760491452,-1.5776882290985397,-2.4881134557416713,-0.5393037163486215,0.5751672788623287,-1.1846559151101432,-0.6334436406190509,-1.2000529893858163,-0.8697892219557559,0.02032953815400802,-1.059040841499935,-0.6328756631893196,-1.068667861649509,0.5883977620610604,2.2449845657362633,1.3353648350215428
plasma_ssa_067,Control,-0.5088014464670105,0.5722866520400433,-1.7110084195284474,-0.5970539228309057,0.6334656842253529,0.8855978329178674,-1.0138589909814113,0.31555787102735716,-0.29304513315452924,-0.4380096665564578,-0.31826946634573816,0.5424385877388522,0.9234250479806891,-0.41093150308170984,0.662024946204141,-1.9770877573990198,0.8514123514860448,0.1938566760215367,-0.40738826553850777,0.31846693136764603,0.3455290247897164,0.29330557480066327,-0.22236996111173915,0.25331041004077604,-0.16300452094933335,0.4424732988794579,0.49189763635345973,-0.3364433171477081,-1.9770877573990198,-0.03922308128182661,-0.1510740254716689,0.3861411458940245,0.2760904402005316,-0.02651527595133911,0.5285637900680247,-0.7551558972762206,0.27694813297258136,-0.4399652739118292
plasma_ssa_068,Control,-0.1826108823522017,1.2603880438526884,-1.6767394996628937,-0.4053083948722395,0.7195140386058895,-0.25667421752798747,-0.8133958738809939,0.5584179880595388,-1.996165205286481,-0.8905790394443479,-0.13364343157641645,-0.630969492182131,-0.12744493269595775,1.38515290943035,-0.9119855515806341,-2.279142990520904,1.0045541679395416,-1.1392095929106638,-0.12284005164281918,-0.6661523000343029,-0.8504054063892672,-0.5205617753510152,-0.5709245306595212,-0.9101775068217508,0.13363435221124065,-0.39081768589640753,0.0742657337121097,0.17492461107166987,-2.279142990520904,0.3275986593972595,-0.6697952286019803,-0.32261709737570315,-0.5173046576260435,0.215496332569099,-1.3649644715542546,-0.8119400940225157,0.6440591338337087,-0.24251117756003526
plasma_ssa_069,Control,-0.7646137715164836,0.7377287055919425,-0.5632653725145363,-0.39033072533401963,0.16215891765564727,-0.14801082322478393,0.00467838613303652,0.3065259274621446,-0.5174694378896763,-0.3195395009451304,-0.6297977870507663,-0.7272807964025162,-0.634014603391305,-0.39063077779784283,-0.912301144714249,-0.40696764000249736,0.6511631595639017,-0.37453720822767217,-0.8953342884436614,0.7520457190895158,0.26882904137406727,0.3219148950395542,0.20288146009930383,-0.15045297184827977,-0.8288700479613911,0.2572741105411541,-0.47336979865685525,-0.11003749460825346,-0.40696764000249736,-0.28960099612506607,-0.42385500615111854,0.34730996203827474,-0.4662483757325841,0.4127115235603239,1.3295492519233025,-0.035941031158336086,-0.5275406582461586,0.6995334040691209
plasma_ssa_070,Control,-0.4960050555111013,0.9763172921324592,-1.3155172723046729,-1.2557484249219353,-1.7264358983332158,-1.076587907995831,-1.1870461457688162,0.21760898618687058,0.3321062225420782,-0.7440351184259959,0.2335631806137217,-1.3493658467730711,-0.8435685701422585,-0.14581403285123876,-1.168795248941358,-0.45146366525194365,1.3177813104542497,-0.5427103067765242,-1.1146194248084436,-0.7425061961736332,-0.6614049524660005,-0.5064024899522932,-0.31540260165076656,-0.7104703409019062,-0.17915213735792906,0.1759671295635645,-0.5083695332592558,-1.4411225752245684,-0.45146366525194365,-0.6049873735111426,-1.6255758145741526,0.5784894493307339,-0.23600112593226732,1.4422775713849731,-1.0305891135502425,-0.8119400940225157,-1.134563523643486,-0.7420173026304009
plasma_ssa_071,Control,-0.7522968603813835,0.44117287972897185,-1.9458141895162804,-1.8982424253756178,-1.7264358983332158,-0.39720694255409444,-1.2909506449117885,0.30865458565294146,0.21711149311659872,-0.9182935165083598,-0.3663985619199166,-0.15180093132962144,-0.8021485980475679,-1.046175582071076,-0.42895377003155905,0.04081554901488843,-1.002489848677328,-0.32176382104268236,-1.0525026238513262,-0.4086568502151605,-0.6602211726414422,-0.7242820771759412,-0.9272416793987669,0.3729876522662606,-1.0226215761841522,-0.2260730282961174,-0.7701098853822844,-0.6628244595561325,0.04081554901488843,0.42313506045392496,-0.3388095339248421,0.20057117823615578,-0.38980939713719565,-0.7799175557313325,-0.7591964198453279,-0.8119400940225157,-1.196789725538743,-0.9027046342014713
plasma_ssa_072,Control,0.3697667273472919,0.6891477904781059,-1.5072981134229597,-0.6421368168279225,0.13786241093658808,0.9352079505054198,-0.22053052487775704,0.573769028079259,-0.9124284251304485,0.03306270721467847,-0.34655539926135254,-0.29142073954280345,0.7781987334192271,-1.242678676208253,-0.424037036006064,-1.5171652408187764,-0.0831898953721325,0.5559309795983334,-0.7432223797058943,0.1154211993171063,-0.30871857050629237,-0.7758897281280273,-0.2027367189628158,0.8257323717819373,0.7693619095516988,-0.2766244245406354,0.3095518696690658,-0.5060418515743423,-1.5171652408187764,0.33685691162542075,-0.38292788962792956,0.9607513128403045,0.3792783477661054,1.4337081112328554,-0.8507499902977704,-0.7144581951273903,1.0696259156417551,0.4158705553994339
plasma_ssa_073,Control,-0.9920121139000635,0.784444742742728,-1.3273430839383147,0.5698361246504704,-1.7264358983332158,-1.1688564886480672,-1.0981413537934004,-0.0015849179924053952,0.6954615287015318,-1.6739360630269173,2.6745448725951713,-0.7825543884869267,-0.3426372325986097,-0.28086284635855363,-0.40074053703868395,-0.47312269492661196,0.594078195526385,-1.6019091450574015,-0.652575211540966,-0.09006521264909322,-0.8886434690792998,-1.0662760051801852,-1.565582740800569,-0.7082271631317472,-1.3303416804394994,-0.5341837857425309,0.98831377361796,-1.340157125778938,-0.47312269492661196,-1.6717361377654474,-0.7547234702024729,-0.4330143475636804,-0.3082955118364915,-0.44239803207578804,-0.6008138719400403,-0.7527851593668944,-0.9361336089653025,-0.5618634094686777
plasma_ssa_074,Control,-0.13665194940253847,0.6302739555715052,-1.5872392383191738,-0.9447604935584156,-0.21022147436247976,-0.04329787363050736,-0.6658920114091834,0.13856603245318808,0.6816293116511372,-1.186965010032411,-0.18799854257328474,0.20568481005263342,-0.04198061161915673,-0.34178453247426765,0.06566897882535642,-0.4414659204617554,0.6685681070836467,-0.19207915603022246,-0.7829805529301966,0.9623572328048756,0.3708309305211761,0.07442944003047243,-0.3219037481812394,0.4060649528138242,-0.32921053667337513,0.16875694688834766,-0.467165475850036,-0.7375243049659773,-0.4414659204617554,0.3385281722891583,-0.6828467399967955,0.3176515444342276,0.027698960685358754,-0.7079141942330568,-0.049609322482069396,-0.32109648456143547,0.6252650174531336,0.16100852425130355
plasma_ssa_075,Control,0.574725156246855,0.28021359277784674,-3.122258296782905,-1.040948323484397,-1.7264358983332158,-1.5125869530630562,-1.056482964407102,0.6934662229878802,-2.1166317890854605,-0.5658448081226216,-1.23454649930178,-1.2767818130262225,-1.6696607248151707,0.6807961977039686,-1.158620924830642,-1.1086290135314145,-1.3227587460935897,-1.0555126355539628,-1.4118799394538522,-1.1935073572507648,-1.9944676227706086,-1.6199822408575681,-0.24565708462885133,-0.520777497704957,0.15154464628181505,-0.8019902850033405,-1.4136058650930854,-0.5723476764682001,-1.1086290135314145,-0.46007280284790647,-0.91693845837332,-1.0739682694945547,-0.390025236118749,-0.44219160617437336,-1.2617670390883935,-0.8119400940225157,-1.3156423043642689,-1.1485075367306963
plasma_ssa_076,Control,-0.13375812037958523,1.053470573715024,-2.497661764817425,-0.33922737431633787,-1.7264358983332158,-2.410341718298987,-1.194795119580416,0.06421426083818073,-0.01843775911715166,0.42369179301382304,-0.2392385698890023,-1.4623784090645098,-0.37732621335916794,-0.3618582865029292,-0.5571475164755351,-0.6079468617437017,-0.1181905497907932,-0.6105691554444568,-0.7317036420008476,0.2271062652491265,0.05394887484764244,0.1162298548614047,-1.103470271180517,-0.7386439191897772,1.2497341727739446,0.5288809209352348,1.4405851480443521,-0.8621625537140108,-0.6079468617437017,-0.7925859145402556,-0.8666660422680031,0.4977099526930188,-0.6475568346236653,0.40268437861649675,1.067711730428257,-0.25970129409400333,0.161223176428544,-0.2905137586912644
plasma_ssa_077,Control,0.0786698579033276,0.05252382091566829,-0.818265190480033,-0.6780882545041148,0.09648636750652281,-1.1448174913247227,-0.7369081810117498,0.10753650536510188,0.14208224729325758,-0.49349917294655915,-0.18126827282993213,-1.5163076259168662,-0.5171924180284002,-1.1252661440204097,-1.104935303385726,-0.8439704022524437,0.6176749451879163,-0.5273875942138683,-0.8642793757135335,-0.01937590634132156,-0.6343868267352074,-0.6421419168376509,-0.22186532424807223,-0.2153115944681774,-0.8510907459055651,-0.40154121219731687,0.6156731754551912,-0.32847361467418895,-0.8439704022524437,-0.8875588831969135,-1.241951460328423,0.6624673449160647,-0.18122622332360183,0.12470439434105836,-1.1188588784199918,-0.6818390712085143,-0.6499100125774615,0.07947464736655284
plasma_ssa_078,Control,-1.2597394974270677,0.8948173564812529,-1.857095017384886,-0.6717370694106582,-0.18335119190062024,0.16472489336584376,-0.9365439614715252,-0.3556885274504263,-0.941443167117589,-1.2642838684846787,-0.5395082545989865,0.318822166902765,-1.4186382806796591,-1.2573164775136563,-1.453464330814869,-0.18335320097000402,0.013973413139247708,-0.3924917060231579,-1.3266920946989982,-0.8579136934566187,-0.27244270814017413,-0.40701411576344837,-0.44088039431282217,0.38458331141806723,-0.8260067448420336,0.10072622369201492,-0.5646362264658585,-0.8274029841713372,-0.18335320097000402,0.13291419188932935,-0.4629665924688414,0.1650745575381168,-0.6151276089267352,0.8396005037552432,-0.07058002589228426,-0.808359015722812,0.21315723825122757,-0.9077416112487044
plasma_ssa_079,Control,-0.22645014788554244,1.0170321676548404,-0.01725472741207229,-0.8361006159324577,-1.7264358983332158,-1.8374030402005925,-0.5776449070292909,-0.08093997032390708,0.07968478297892478,-1.0790106199970204,-0.0466262163465129,-1.7916458336915313,-1.2554182765918047,-1.1999164349658462,-0.7889584956806609,-0.400218143098473,-0.9110407301086202,-1.06601567600463,-1.2191194804846304,-0.23335952911923374,-1.2831106661500922,-1.3973684151425292,-1.1672453521518464,-0.9630964055934279,-1.58502157411949,-1.7694382027498072,-0.24327724309100004,-1.5751118252941565,-0.400218143098473,-2.5729001767909594,-0.8384431929139426,0.7172508749634801,-0.3648384575791564,0.027377582649957932,-1.3022736059361641,-0.3981314979725675,0.6439485158286284,0.37353410123118336
plasma_ssa_081,Control,-0.687129253398485,0.9595282721247033,-0.908748633275838,-0.6068268867081111,-1.7264358983332158,0.021156224530781455,-0.6504633910405663,0.3584968529522818,-0.46489314562165257,-1.2068770900535712,0.1484082571841298,-0.592011247019593,-0.9201834301996963,-0.6944489790811056,-0.6686900527761219,0.056211828370470826,0.4832528913905299,-0.5885066490000483,-0.49458132424841694,-0.6343787066680602,-1.317730857349806,-0.9239079179314337,-1.028334956453343,-0.23432213891274034,-1.3406724921218232,-0.3452703468479605,0.5434615562578118,-0.6344846339125171,0.056211828370470826,-0.5758601940439385,0.37036444474679736,0.3227134686154288,-0.7212478988350319,-0.4343973677864959,-0.325867576826251,-0.6727555347828031,1.080777303490355,-0.4248111850606775
plasma_ssa_082,Control,0.4999962040287932,0.019364331899936,-0.8581682220808952,-0.9222182118459958,0.06166460082434752,0.2744972828470315,-0.29464220550621945,0.41532698066300217,0.5907611774287245,-0.456426354058229,-0.8379809939905679,-1.0962708484358477,-0.2551909124102077,-0.46699970095604404,-0.9348405233101528,0.824911844778033,-1.465223614252682,-0.011673442827219495,-0.6763473826436276,-0.4373306707680162,-1.113374921107769,-0.8422026106683362,-0.22623377066986747,-0.3806634154267843,0.7951277581618734,0.10823323529558493,-0.27372650120608083,-0.22595211844207136,0.824911844778033,-0.9936156933373793,-0.749094468373859,0.5088403652987111,-0.05274585283312661,-0.49431668077065466,-0.9411712966831708,-0.10551561308174259,-1.2143530203575712,-0.4833561110069873
plasma_ssa_083,Control,-0.6004298570999517,1.2305281838947149,-1.397990039610085,-0.9361431462259128,-1.7264358983332158,-0.12243986350547349,-0.44056388530060886,1.0840299754102922,0.7892101806910701,0.02412398801417668,-0.45939661245314534,0.033450708344895705,-0.12027200142136872,-0.5418464936024047,0.46925577275098906,-0.7734652979124366,0.1101250682220176,-0.12038834781837239,-1.0182753593896023,0.3118699114254803,0.7231429498517261,0.3594872422622433,0.2943086160284529,0.19250192686070222,-0.317749154299785,0.5787260423875142,0.8132413442905027,-0.2993734224444683,-0.7734652979124366,0.06994711819020237,-0.7784672305608296,0.4404328272060385,0.24773264805392597,1.2455812677556564,0.07595355516461835,-0.8119400940225157,-0.09292031250434662,-0.4745733305168913
plasma_ssa_084,Control,-0.38801709250639965,1.3441204786676226,-1.4169765549454079,-0.9251307691220283,0.7959253930665164,-0.1042507445673639,-0.5356987388165896,0.6438380648553083,-1.5112476069666598,-0.88243791938876,-0.4297491253570038,-0.8048865846300879,-0.20056106236894183,-1.1264536971227257,-1.2221200099284164,-1.6163796882849104,0.1752387414247681,-0.7308645433281792,-0.5705997238113322,0.4864176723588431,-0.7614626264193581,-1.073583350663947,-0.5967009819127954,-0.20926666361403337,0.022654193542169982,-0.6030223568661658,-0.41275648581403224,-0.4321232309772203,-1.6163796882849104,-0.09698807588534675,-1.2038952435781083,0.44585918257597806,0.09478180135101283,0.5680769703627667,-1.0890984306784497,-0.6801097335426091,-0.38394489157424083,-0.25489704037809896
plasma_ssa_085,Control,-0.7544463610199028,0.6498690206992049,-0.7782534893125356,-0.7316709683898586,-1.7264358983332158,-1.5920213283563627,-1.3334274248166789,0.2289107244220018,1.1928424599304766,-1.2736867002166918,-0.6525195809691575,-0.599708464683021,-0.38386022947187787,-0.5149259045758042,-1.3888153496906155,-1.2513507349458546,-0.3965299251115293,-0.8228028411321411,-1.0660436945750582,-0.08210604598542831,-1.2579191534243488,-0.9948166344024489,-1.0075087594809238,-1.0504109583515264,-0.8591029051553651,-0.7684605036032083,1.5307196413081086,-1.526454366009995,-1.2513507349458546,-1.2161274693389303,-1.0935249317103686,0.21172325341518164,-0.4406293305917402,-0.1754704508700245,-0.901695830513258,-0.4385569334467847,1.0037932428568008,0.13497040345007077
plasma_ssa_086,Control,2.3274588401531173,2.521903445917192,0.821914186451812,1.2426089410225631,2.3223394912726705,2.6032507872719832,0.8242417102790902,1.51629212780215,0.21152094699693105,1.5848791167811132,1.5593476615172357,2.100409140413851,2.5751606497666675,0.9613236706531956,1.8874116774587357,1.7434984441343828,3.3085013556908134,1.5613311982230016,0.5682973303841246,1.5962445552419007,1.8069816853719056,2.0141200981604737,2.0890744598542574,2.219641110586929,1.709378553554968,3.2043313004991956,1.4508712035004443,2.839296596439972,1.7434984441343828,2.770164741664199,1.6649053975533796,2.615673828833643,1.307214519472922,1.7792517457054333,0.5632388696629905,0.060461956454165924,1.6191149938109828,0.7868500303228921
plasma_ssa_087,Control,0.12266548315390384,0.25037901923922634,-0.22107624302160284,-0.48050310499467075,0.5499125293840553,-0.639730749040281,-0.35388920475513275,0.8672295046731425,1.2080214499419175,-0.9044544793097125,-0.34414694015629155,-1.0470525625349318,0.6994744864866401,-0.5792049813272245,-0.44457121436542846,-0.2508756893814361,-1.6768099051154148,0.5250584252480706,0.14722498050875524,0.22472178813422486,-0.9271279000307684,-0.6990342315989043,-0.1998749341736644,0.5686030338459187,0.25335517763032994,-0.5695150200828829,3.9213462523956566,-0.24238859920876632,-0.2508756893814361,-1.0544328625348018,0.08773909682787741,0.41908693254622137,0.16679420861218153,-0.4128072000696908,-0.8715920181521751,0.9745490554613647,2.3657837549999745,1.9411620527580753
plasma_ssa_088,Control,-0.26193211603532374,0.739034021947103,-1.0082525858467097,-0.20312564232718947,0.6981609423057188,0.03587588536074991,-1.0414734388018236,0.41297506375816706,1.0265392041804722,-0.48702779578883637,-0.5304118573870777,-1.0621964687558536,0.7719758243760487,0.5069844733525357,-0.16095688520173038,-0.5272454216232688,-0.21550132773639066,-0.845408152015708,-0.8470073133774514,0.8221868463988298,-1.1459051786309944,-0.7995420931267359,-1.0317884805058826,-0.09114555118460795,-0.3130278390490123,-0.6321257190412942,-0.8400425944485881,-0.4805368685018076,-0.5272454216232688,-0.5313329216234675,-0.8486633884265441,0.5455820107406519,0.13515802165907437,-1.2573536148506952,-0.4401893791614462,-0.8054749853295353,0.46727639063708015,-0.026450019572424877
plasma_ssa_089,Control,0.7454611211333032,0.8125940775947368,-1.648049929399791,-0.9070651314124829,-0.1198812690045495,-0.6841151666772931,-1.2160058588055833,0.41413212355916257,-1.2674833533716632,-1.1623685677629305,-0.6920374630315878,-1.3209684212058046,0.6426757510065271,0.15780859070587777,-1.3610704818391475,0.8542516299889377,-0.7381707971417943,-0.9590589936793039,-1.0756352552261255,-0.9048199710491616,-1.1400767171313795,-1.324238352134466,-1.2673662534835088,-0.5626606967047452,-0.8285219195393215,-0.8180718895890029,-0.5856658027247361,-1.1124508222516483,0.8542516299889377,-0.7541171163865805,-1.3924058369840084,0.08259866640581845,-0.7257608589067198,-1.067441742235816,-1.1347766602844347,-0.7910094095795521,-1.3043992879627861,-0.806656992377669
plasma_ssa_091,Control,0.14351183646198584,1.1469429824612385,-0.8159902181704455,0.22543546950569376,0.30864054517659895,-0.10815661487394299,-0.33623943365706976,0.6975839306595857,-0.45219147773355783,-1.233041299223833,-0.5496685509196625,0.04547918472514752,0.7049610525765123,-0.6147388287676433,-0.19374096103766705,-1.3967381229689984,-0.8533938587961535,-1.1251318566663717,-0.6775467409239966,0.7836795973283432,0.2358966302787797,-0.0430980957210557,-0.20582952163702814,0.10319683306004605,-0.5114951261969252,0.30812443192076955,-0.7516631493566684,-0.3086885770352187,-1.3967381229689984,-1.374381905105148,-0.4860033940142943,0.24479665677300655,0.3153498764851689,-0.8733186053841945,0.1857564480559849,-0.5116521040510426,0.818667949128903,0.2995271378643786
plasma_ssa_175repeat,Control,0.1256632247661887,-0.7347731199785075,-0.7176983427888529,-0.20876239522587525,0.8883068304357254,1.304608913825084,0.09913073663665267,-0.9442573639484317,1.6871635877893236,-1.080124661750568,-1.8178436353631464,-0.3264249007096457,0.7684379106576513,-1.0301885511951354,-0.6867443081511497,-1.9323432341999545,-0.5334545626385309,0.20335034370839564,-1.547083182634829,1.4197455087757398,-0.273293745517246,-0.3617611038945206,0.10597116846682837,-0.3972861091254554,-0.18538443473812904,0.06056487229802231,-0.14663900377825576,-0.21309952913097538,-1.9323432341999545,-0.13065632722614542,-0.4811347265149081,0.5508923460520019,0.7026980576382692,0.5654786564857618,0.4425709433340963,1.987853794198304,-0.5003787460771236,-0.6278153961363256
plasma_ssa_176repeat,Control,0.4893627196911987,-1.1364813946597052,-1.62483381819656,-1.684926972766264,-0.2705751103660065,-0.547177872023309,-0.4293692343236415,-1.3756997089417218,1.3310301006722882,-0.5166651889265204,-1.9030556305736464,-0.8088811154223362,0.1911441454067459,-1.2460182878903856,-0.13038392414045602,-1.7684304695937645,-0.9747038738161518,-0.013928348656695167,-1.5069059295644336,0.46289601197473557,-0.34651512493287906,-0.1394576663672677,-0.2879100419698765,1.4352259103205671,0.39860039887848187,-0.14442155900522502,0.6790269734508444,-0.2707934183107693,-1.7684304695937645,-0.878125198091505,-0.4325133446525973,0.477731410295778,0.26547024726362267,-0.31346115307276445,1.0087191974381513,0.967471139514459,0.5335221926227552,-0.13610173603834236
plasma_ssa_177,Control,-1.6414073174565575,-1.8919941488297372,-1.80431048138117,-2.0964850978998926,-0.8513903897075203,-0.6096378991367004,-0.6581986599340347,-1.9931084091167783,0.5846160810385491,-0.7911841605053107,-2.2978247486906147,-0.9581834479574567,-0.9950663511415172,-1.3423876942525117,-1.280881809601225,-2.697184191098754,-0.7672623639833936,-0.8982039317922037,-1.668000024799457,-0.1022446817673444,-0.9159470285317018,-1.0775749319890047,-0.6430410214304771,-0.6962090561325184,-0.17927673473461303,-1.46588993847836,-1.5918640972228855,-0.9383034120962165,-2.697184191098754,-0.45179923065035127,-1.4988546666715687,-0.1068339189431158,0.1732806652629293,-5.4090443969817334,-0.6887703503128663,0.14717676909665808,-0.1919688813254231,-1.016444676942193
plasma_ssa_179,Control,-2.731664370901096,-1.2713000010855742,-1.6361385992748525,-1.8193518996453366,-1.5826462275206226,-2.556014315343405,-1.0491423450312671,-1.1933754310498428,-0.13776507300595908,-0.37094094069903877,-2.822373877882267,-2.4346686049777415,-1.5607542590949797,-2.2289323103440797,-2.2452930263587265,-2.5829917766787265,-1.7880553441871179,-2.1787186345109926,-1.9241840474556104,-0.111510912197884,-0.9420958800553498,-1.417699266225165,-1.3402961740367259,-1.0192102550307856,-0.9444526449180998,-1.523800585677504,-0.04475490252852908,-1.5282557722993761,-2.5829917766787265,-0.7512288663426112,-2.1101558550048862,-0.47395267938302194,-0.3316599752314204,-0.28855715091844947,0.7860911158979512,0.4137201335284098,-1.2341588311570757,-1.3301186182253169
plasma_ssa_180,Control,-1.5836318745552282,-1.9416352985104381,-1.5555005054523385,-1.28819160227199,-0.2809309583120834,-0.4202979746644483,-1.8950918182949124,-1.3732686704012533,0.8815678193102623,-3.419319589357253,-2.7522739950674646,-1.779488983823866,-1.3247666462560506,-2.0750142376841314,-2.8514951668650994,-2.0735111857202297,-1.8362738663659792,-2.1047235307837355,-2.278159731305094,-1.101393053072597,-3.4771297493305795,-2.6699300119849196,-2.732130097663817,-1.8783771779451095,-1.883847505789662,-2.313052581979681,-1.2544896691039944,-1.363396365410329,-2.0735111857202297,-0.8081918796824378,-1.698564870872707,-0.7830434016188754,-0.8237729744936557,-1.7941416592366892,-0.538385712376266,0.6134632542053738,0.0465695440111743,-0.8622864169008682
plasma_ssa_195,Control,-0.8768226608327502,-1.8318161363552063,0.04743661810133742,0.682482468209357,-1.4949288240216843,-0.4210954260767318,0.09465956887713153,-1.3706768165735423,-0.9799420326016991,-0.15707406284231165,-0.7682001814153718,-0.945949346594333,-0.43021482231640323,-0.5751034395554131,-1.5285607010487519,0.07636127357415791,-1.8708669369855386,-0.5607876038716537,0.4401144419410147,-0.06657186965026538,-1.0760445236486411,-0.7774038352134112,-0.44104776935504714,-0.8765928155670324,0.5469305304636141,-1.179432082260033,-0.22532912895859883,0.2430250499975084,0.07636127357415791,-0.2710699367732812,-0.5719016709124711,-0.27934927669604454,-0.158141569145239,-1.1501029818502149,0.044793605159383784,0.4269479526052751,-1.2056260318100889,-0.8969385966195353
plasma_ssa_196,Control,0.21846295937515933,-1.3488077468974031,-0.1517636633232089,0.254771694943795,-0.8705812679749797,-0.243784747072562,0.28309411360299114,-0.04466646206170647,1.1970828951947734,-0.408017903168137,-0.5232157634051611,-0.03209349299419987,0.6672839700513494,0.0759710635365732,0.16898651822280486,0.21317126282848461,-1.8449132214379294,0.053081881115591825,0.08661262886610625,0.6059438893963233,-0.3565353676328149,-0.1904566473676589,-0.6459244717766371,0.8219175872276894,0.12429849387189242,-0.012288109789838145,0.10100088845812846,-0.8535479822556516,0.21317126282848461,-0.698679262948876,-0.11891244204415355,-0.009689472990202948,-0.33429364177805354,-0.3605724923353457,0.978545163834379,1.8578640797468893,0.07458873919443305,0.18250004538485148
plasma_ssa_197,Control,0.7204476747393082,-1.0406624322949796,1.1792765230044877,0.9217092121960707,0.7113707476722915,-0.3009192065391085,0.5374504897912377,-0.8753616676473926,0.8767137551615569,0.8415559126916856,-0.7266172989009217,-0.6374654057111696,-0.16251890122611506,0.2171445791704291,-0.9891587434736874,-0.6993720107807994,-0.19691933611579157,1.242433377002222,1.2762599464066096,1.0151427599238108,-0.07148948930388765,-0.23547318763156347,-0.143044592928535,0.021082219555309215,0.6460692738174653,-0.7085128651997726,-1.3953418905626243,-0.3245721012218888,-0.6993720107807994,-0.44106088039524394,-0.3485970361848969,0.22013003856459604,0.5908308200522464,0.3042460170772879,-0.4320358323076257,0.28782638785428727,1.0806446244430468,-0.5297688910496876
plasma_ssa_198,Control,-0.9593676158187917,-0.2528472705882898,-0.8281061595336381,-0.2690098247876521,-1.7264358983332158,-0.1085903764609612,-0.7384218976316937,-1.5026967584029447,-0.4384778519183021,-1.4588736567679164,-0.4321289247436455,-1.9541841336041703,-1.12490887094511,0.38691362617903813,-1.7819327348663152,0.1556006387565945,-2.659504364597676,-0.6598621782782127,-0.47340621621068596,-0.020078391830460375,-0.7817828949460913,-1.1118335953798129,-0.7062148221459978,-0.8033748467186361,-0.3665780932686205,-1.3387014732236164,0.41096101897486453,-1.2525159332765374,0.1556006387565945,-1.3659666799115655,0.016161451839247085,0.516840009407753,-0.40316719784143423,-1.3856389992283114,1.2555147629033203,0.33736052434360503,-1.0405570246749665,-0.7029189147405126
plasma_ssa_199,Control,-1.3175724203520336,-1.9416352985104381,0.010341555208087595,0.0013971603953874658,-1.4725490385257476,-2.537067602923232,-0.8874915036994565,-0.9510661510229715,-2.851225611474268,-0.8461888692648053,-1.0420904677452012,-1.3095046354993982,-0.3076251647985801,-0.34493221567711907,-1.854478714702565,0.6424596892964363,-2.5560119777854644,-1.337046489226778,-0.3668408438183707,-0.5803673304372227,-1.9173967497343105,-1.7442538468308302,-1.415779558246866,-1.6345831936417938,-1.9914616610947466,-2.0778232715987417,-0.20191412555412228,-1.3395608440957254,0.6424596892964363,-0.5878288837054948,-0.49476657560874726,-0.16593521392308386,-0.6838295607995782,-1.7722221719735403,-1.2603048116166995,0.2316665239150743,-1.2641820151141332,-1.2617511600562783
plasma_ssa_202,Control,-0.10895620558572419,-1.4884592985670144,-1.668633032492605,-1.0697897907072746,-1.6685304487494947,-2.6148287321776467,-1.343773395982405,-1.1001693087955164,-2.2798202256293627,0.6769813790685462,-0.9841828086361164,-0.6551991795509537,-1.6447346819909345,-0.9288969271890788,-1.736829630246326,0.9955288286042951,-0.4844653028533482,-0.62239177087037,-1.4399113100465781,-0.6122742627283285,-2.1225262862806304,-0.7058170186683325,-0.8666475627071194,-1.9972601576301856,0.43132475131508213,-0.6399509557558084,-1.3447840633187398,-0.8693344074142442,0.9955288286042951,-0.48145817864290325,-1.4491037432161926,0.2412671204682516,-0.8165815645256953,-0.016119100979596176,-0.6684116873739722,0.0497560938039807,-1.3449599527286518,-1.4103330002782506
plasma_ssa_205,Control,0.3269984889014832,-0.4130257569186343,0.6452355412464089,0.47626812006797453,-1.187090504158311,-0.7857463814578671,-0.2897409347743807,0.13727829287230514,-0.356441977379083,-0.02525441925362427,-0.879114129882286,-1.0161541842184005,-0.05159076795219033,0.32535810000549853,-1.1398234718143874,0.9241959633030427,-0.14068762147477737,-0.15203853810306073,0.025636837068685882,1.1343597091688753,-0.3653512159785871,-0.5607271017317437,-0.39212983536615154,-0.699301463203084,-0.5554126725274732,-0.6906002813797945,-0.2531084758402961,-0.557422359981658,0.9241959633030427,-0.1590938115645209,-0.662634102332868,-0.7097471224579631,-0.13761444437074588,1.8057231575397725,0.013080128604733194,0.4423540543562186,0.021209700365577778,-0.4929030102917823
plasma_ssa_206,Control,-0.45824273912037244,-0.49445193926839104,0.09132134688000408,-0.26429973447961974,0.6078144808666979,0.30057327129676975,0.23782746088220716,-0.8478880011834482,0.9913234922778225,-0.6838328200690076,-0.6917320947052358,-0.4709759712905534,0.5181517899903406,-0.5443618797958918,-0.6556757986210621,0.004574299052171541,0.05407477520290213,0.1429703902806905,-0.6512213590594852,-0.07759533117788453,-0.12568125544008013,-0.12692172664243323,0.23236239096233996,0.06286853139775654,0.12304052871058575,-0.34372012928754675,-0.4872158791718955,-0.5050472123461521,0.004574299052171541,-0.3177681930069074,-0.4268464433787112,0.48427141413829833,0.3196276648929836,1.7259067745508678,0.8522097071710835,0.5215225086919648,1.5825728133979982,-0.2087557625961322
plasma_ssa_210,Control,-0.004470279984244298,-1.6548975708472546,-0.24524643094341714,0.1515159268740981,-0.15487487472593797,-1.0554218254019219,-0.025629455300006265,-1.265287125254444,0.21834747320711353,0.2640411395606014,-0.8302224832629205,-0.8084066172034762,-0.45016170481730156,-0.23847454705871252,-0.8214972319822832,0.2906599580081463,-0.21409073672123705,-0.03871657528534486,-0.08137054995678299,-0.7271662595168358,-0.2581937908281398,-0.3813059025004387,0.07146951111166787,-1.016230960550881,0.2793129141843079,-0.9214977106744173,-0.7999508316842592,-0.4389879016626182,0.2906599580081463,-0.3318948427406984,-0.6591406792024631,0.10332497128052609,0.23851803140105374,0.4163506400977608,-0.16710913285539342,0.1037101614902435,-1.2395348559785468,-0.9394419247998556
plasma_ssa_214,Control,0.14468379553029165,-0.43057389195555473,0.2840492494462462,0.8207979439018351,-0.40726166822282167,0.9337323215480672,0.0177366426908409,-0.15067320915037902,0.18088005004326405,-0.6063803896486648,-0.5553678196979593,-0.7559898732727474,0.76296189861505,-0.12145757377495757,-0.002828534490577709,-0.2516187027536758,-0.7068913485366828,0.5006132237801719,0.26610569234130266,0.7798464733072846,0.1466197154753371,-0.1619792486231003,-0.05001645272062176,0.7695777854666339,-0.0992724413475459,-0.3464339196733001,1.8942741894698003,0.11673912898686763,-0.2516187027536758,-0.10001648278223657,-0.818215736401186,0.5752750298313087,0.08145894273472008,0.3255858339050415,1.638334143115175,0.44930911313849314,1.9731595711863188,0.14430147431499415
plasma_ssa_219,Control,-0.9688413027127486,-1.2573271547124665,-0.11385575110673817,-0.15952441226187686,-1.1210479231501806,0.009117253088524525,-0.6718016264367374,-0.3799624407114852,-2.439068644088614,-1.3289931626028977,-1.1820229470446528,-0.4622116512413851,0.4093897521972198,-0.27347988591818106,-0.774246988464994,0.6047797854331989,-0.7619356575802537,-0.8479856931383516,-0.6466525069341276,-1.189444873561532,-0.39780731360938065,-0.5654102588803205,-0.6867543576328057,-0.24107959785880115,-0.7168176488746777,-0.26525058663633466,0.3138851395638023,-0.4790933056913553,0.6047797854331989,-0.175884289672435,-0.9510697280524688,0.07022289158813098,-0.2421886147503443,-0.09233973998322503,-0.0065617666139898305,0.22119653701970185,-1.2324355155201516,-0.903449794667276
plasma_ssa_220,Control,-0.6109496285706163,-1.5753165926559374,-1.0120970157273244,-0.24893697278099514,-0.11598842873557327,-0.4460116081553387,-0.7291936145077332,-1.2563641566234698,0.1956176366304504,-1.2138559887169167,-1.6007588964832766,-1.081759141227408,0.5223753760548726,-1.1255521718143033,-1.2930905870158897,1.0131832061902,-1.9415363830765051,-0.8146965190004246,-0.9414100305966934,0.7126726426833807,-1.4572757475808813,-1.874720234031009,-0.9095559785141585,-0.6979194987214431,-0.5052812453409734,-2.008451622213243,-0.35109656097260594,-1.4893153251923363,1.0131832061902,-0.6897774047157924,-1.4569876617664366,-0.2246107310155725,0.03592369871766863,-1.386191997113836,-0.9905271275295272,0.4261672061849587,-0.7240414133226305,-0.8418423748171124
plasma_ssa_221,Control,1.987593845524467,0.03836668709168139,0.8704839602733617,0.7017457388046566,0.7959249047001572,0.9547991749575788,0.10599566509025711,-0.46658514260249667,-0.02601910625829101,0.44304576336522106,-0.6469505494663699,-1.2555899423079724,0.7759434746127881,-0.0678831061275917,-0.7956094561322645,-0.012402850937474662,-0.6056185966598929,0.19245914537850708,-0.020053654577079433,0.6679779347566831,-0.6637121246777635,-0.8546663481185943,-1.1990507722720347,0.42890934338117537,-0.35036966768768607,-1.2153437312656306,-0.25726915179249077,-0.42241307964235825,-0.012402850937474662,-0.1992400250067634,-0.8494234463275644,0.45215724465110496,0.10123633432252503,-0.5657971697967114,-0.9497856746503798,0.2740588475866936,1.7538684926404282,-0.5730222922860528
plasma_ssa_245,Control,-0.17831551846219065,-1.2187954674773942,0.49528010533269784,0.3378300448428113,0.2530876700404613,0.33030272189656057,-0.45886913235213916,-0.7801000376725955,0.8240812713542799,-0.4200651526003623,-1.022474525278207,-0.6194829554055491,0.5638192942331921,-0.4447494430537199,-1.212553374876488,-0.21604063621614553,-0.9274604434315789,-0.29917176858007444,-0.12410538985792402,-0.261327765841198,-0.8466114646098417,-0.8270254734732123,-0.444326914644319,0.05824562856156122,0.029827512436784193,-0.712315676238892,-0.15762890262432858,-0.25594148783192555,-0.21604063621614553,0.026244137233005286,-0.8744050631341539,0.5319361267510024,0.15308611645479756,-0.2753505914694301,-0.22759804821398383,0.20149494127795448,1.1488849236955376,-0.3397206517199592
plasma_ssa_252,Control,-1.228610637956141,-1.9416352985104381,0.40073284206500476,0.8219623355866732,-1.2343726798990489,-1.597910926141085,-1.0152020193674005,-1.027827472592272,-0.1724248661182309,-0.7147396125975953,-1.3257997644895574,-1.5276855005229906,-1.067557227857004,0.0445221454687156,-0.7478541791168517,0.9272955726703809,-1.2610046200068143,-1.5906422018364332,-0.14426370967512045,-0.45788393067891986,-1.3716053478312664,-1.0976303270420624,-1.8658173543253975,-1.2358230130707435,-2.2941374340134724,-1.895463638068725,-0.4697296037922761,-1.606418411690116,0.9272955726703809,-1.267916840338454,-0.6431313777314307,-0.6921639292011765,-1.1590641188760824,-1.9260900020164917,-0.8776590631818229,-0.8119400940225157,-1.1619784210619075,-1.2312698082746851
plasma_ssa_254,Control,1.0789066377676533,-1.3742164763291778,0.5499759910135503,-0.2991703818896396,0.31855979224340875,-0.8524472278144936,-0.3884575671225218,-2.087391662835595,0.14954294030522045,0.10187349255653275,-1.417262713102985,-0.30853443434340605,0.13084445998317118,-0.6763681633953409,-1.7370163400841643,-0.29737500675339473,-0.8314120014825588,0.08184443069533223,-0.36175100995116133,0.8474694956544284,-0.7320234023647076,-0.8811390331063549,-0.8128694840260247,-0.33441340087574783,-0.4427215283821135,-0.9351674875307919,-0.1743519402145729,-0.19397410328016795,-0.29737500675339473,0.6612215720374155,-0.9872997371811993,0.024978069452790595,0.21219022232352805,-0.5024551495393522,-0.8465533209169517,-0.8119400940225157,0.11305641003318456,-0.5916823583009391
plasma_ssa_259,Control,-0.8042114254174519,-1.8449930011130775,0.42807288554481077,0.07481452484942694,-0.07408196881882746,-0.6176342405509238,-0.4468611188099573,-1.3092012341595207,-0.18233367462622668,-0.6118133742563447,-1.1841991951706785,-0.6958830076837161,0.1406359270903258,-0.7258223722786354,-1.2988114217041271,0.23311701255358155,0.3064268631511743,-0.2781529839238767,-0.28200225709970234,-1.1164413488977183,-0.5238638250129741,-0.560033701978455,-0.5677130249703439,-0.4839814829473616,-0.20927262795727183,-0.6072553314627165,-1.554238353553975,-0.4278779419162336,0.23311701255358155,-0.22822904224032892,-0.8345281411098462,0.25868996334337924,0.3137932955989277,-0.7337322300041947,-0.7624854966468003,-0.8119400940225157,-1.125654399945133,-0.9144569297589252
plasma_crp_76,Case,-1.1099232032477206,-0.6316433581099685,-1.2716296456788643,-0.898373068596005,-1.7264358983332158,-1.3133624895763347,-0.39799030964705884,-0.22139382641104582,0.7382937820076975,0.2167922844338376,1.2307834237664927,0.23042957541526068,-0.6757699178934372,0.5963195349173773,0.09657256301390585,0.9272367996107638,0.17344974517093298,-1.2378395545632415,0.3348913167136206,-1.0628752723511932,-0.05479232753226822,0.20812772355506204,0.35482693655043773,-0.8814189944992411,-1.389310860741085,-0.016474711996831436,-0.031119203504194094,0.08616100873190517,0.9272367996107638,-1.6205627584498163,0.484083826114357,-0.9185618219454692,0.8346678950734089,-0.38234793551348173,-0.6094658972471124,-0.8119400940225157,-0.8497069389012885,0.05740937533537922
plasma_ssa_001,Case,-0.8941713638655212,0.08126582547803099,-0.010738876945289556,-0.6707678855774497,-1.7264358983332158,-0.6544965991562086,-1.3692247578942138,0.29978131416403286,-0.3887072417609964,-0.38378666156024177,2.0639507378683937,-0.20058909784296877,-0.6495622891673667,-0.5552310317633421,-0.11073367755619128,0.0844408470966575,-0.5110934973975012,-0.19936944853805408,0.3324280344812498,-0.43415145225514157,-0.8726472749605279,-0.7680896646971411,-0.9012821852976519,-1.1120703107429109,-0.8534450869599256,-0.560987624629518,-0.5518707669042234,-0.3775072091375611,0.0844408470966575,0.24212853844989868,0.9352799964144661,0.44906473036676064,-2.133999375558123,1.1388730117715473,1.5288096538367968,-0.8119400940225157,-0.3197454101769771,-0.7338068336508395
plasma_ssa_002,Case,-0.4436505877129705,-0.054264575973838214,0.9327303163493222,-0.37645720404622185,-1.7264358983332158,-0.25381967088063806,-1.2603100296822358,0.7852340357241756,-1.2101381008321006,-0.3614250252737874,2.0715146250271976,-0.2033277485418409,-0.8033712384624115,0.019972820231699922,-0.1501881852901325,-0.381312282546367,-0.8634067145388679,-0.6898472618638805,0.627948455879718,-1.3233241252517685,-0.45074425193165646,-0.5846339210903377,-1.213571677676993,-1.3164483390655886,-1.0219045534939615,-0.7545526014417863,-0.006017534414485957,-1.2029889174865687,-0.381312282546367,-1.4119144077266772,-0.16711289068895158,-1.199912736290621,-1.5275590532525778,-0.3171083685540286,-0.9152666380975232,-0.7946134163759654,0.07123663726641728,-0.9292244236925906
plasma_ssa_003,Case,0.49158492375687013,1.975730032696021,0.8339226336337436,-0.185428473732609,0.38187968554179846,-0.14049697357549384,-1.1897129218790772,1.2451748452048836,-0.46825095766780833,0.5466411736063587,2.36140433290043,-0.6520967356178236,-0.10806628822876466,-0.36992519405742025,0.635411842808694,1.1016279102735327,-0.2729042667750669,0.8048804413508778,0.7381217872833514,-1.139971159920176,-0.2929381574159534,-0.42996199354460896,-0.3150313889091033,-0.8539312363501943,0.2353950646152891,-0.012512225516089473,-0.0391716977230814,0.0004630683465559623,1.1016279102735327,0.42551583887259903,-0.7606075572846447,0.35129020807186223,-1.9103941251596805,0.7562272063384097,-0.41182068881680395,-0.8119400940225157,1.9671335857404064,-0.48780590261177015
plasma_ssa_004,Case,-0.4107159144540939,0.48460449180229276,1.0068323562467891,-0.2441434522289815,-0.04691886977108226,0.9592962956395208,-0.8807845258481439,0.1588385962902141,0.04878266154364448,-0.6497655846289744,2.221547278070214,-0.32530547955635836,-1.1650416288520857,0.1664652963758375,0.47503736543155994,1.8493575220891902,1.6624659355701568,-0.09059779855866389,0.08516027543681118,0.12691233726122034,0.0524582026669565,-0.02004117066624471,0.030758505504007504,1.0984154180162264,0.08878755256077756,0.07564298888136833,-0.7415477418596726,-0.4493989493598964,1.8493575220891902,-0.4069590530162769,-0.7482351510035309,0.4923385127041173,-2.023885644699872,0.5824380442721633,-0.7975887806131635,-0.6820371812573284,-0.36389078340540676,-0.1141026822388255
plasma_ssa_005,Case,0.38970972208186117,0.6619368657306858,1.3488731691442362,-0.3705052809204095,0.606252266262547,0.07872236176558696,-0.9648245263039461,0.8380704411896022,0.1431652013610412,-0.617416966815403,1.9289022573432772,-0.6264280276613426,1.1668338733532166,-0.26559683904622616,0.8736304420008704,0.9848286217611226,-0.5277855706774822,-0.025194510915678075,0.08681388059769846,0.9772784281965452,-0.8750073946365212,-1.0699577126958089,-0.9234437188861181,0.3512286390474847,-0.8608433179185269,-1.0215377571475028,1.1583554541840029,-0.38681272185805093,0.9848286217611226,-0.6711465407342577,-0.8055975042130686,0.34867147425451905,-1.0975522356317475,-0.8393248095762957,-1.2839411223937134,-0.38860589768475834,0.3967400480676107,0.4653580344730744
plasma_ssa_006,Case,-0.8253851214874605,0.29688255539077907,0.6481713759680842,-0.4145477995433987,0.28131901308877544,0.10446894954103834,-0.5186901990682227,0.6091551852036236,-0.6353783634634375,0.06585948126618812,1.8512317089808374,-0.4055657157576743,-0.48390522026781546,-0.39348582550706024,0.6620559390957156,1.1305077753053476,-0.0016820274865137603,0.3138112638051061,0.10873966655557617,-0.10786581161585965,-0.06337108800632517,-0.3131623956962251,-0.16889779493194074,0.05427111169339579,-0.3540702108609881,-0.2437009862857573,-0.22649319897866996,-0.14527538000687182,1.1305077753053476,0.11724962434711955,-0.6157008195046321,0.3018927501228491,-1.968850130562184,0.5906575412502236,0.08580805704647713,-0.6956091503514955,0.9923793173092226,-0.3510353223554652
plasma_ssa_007,Case,-0.9126153403197456,0.2683535591528398,0.4172362504643108,-0.3587231899572149,0.14858867380210006,-0.07586515176828477,-0.8493419482773429,0.9771170456749092,-0.18813910542283357,-0.26943198349719555,2.000278552010972,0.5503925833187202,0.5032136183591727,-0.5147862726418644,0.8442883447892079,1.1910139874050132,-0.5915357597109838,-0.6247951410019207,-0.09253221052017971,0.11438700569827151,-0.18446387472457237,-0.37975807018988156,-0.5021455608094321,0.19546455247193434,-0.3825076547977565,0.12497836285717785,-0.550356479781881,-0.3317454505992807,1.1910139874050132,0.28362868472005115,0.16346319524157124,0.49895857278221184,-1.640075845509743,0.2001291478662497,-0.050795060117038576,-0.7234061562091809,-0.5833215318882404,-0.18880674808089115
plasma_ssa_008,Case,-0.5559673151306299,0.13951995461670186,1.7023591961171025,-0.39636186181160593,-0.18170069240831208,-0.09057595233355195,-2.094807526910385,0.7380855159531525,0.38677227330972724,-0.17582265420313883,2.413585056864389,-0.5520621854502408,-0.3308230390197646,-0.004849814257796329,0.2034386501942728,0.07347019400602445,-0.11421876452118197,-0.5090634708894075,0.6059252023926011,-0.7807805892644213,-0.3716691272797727,-0.4149252272108592,-0.8227934193527393,-0.6566744717937719,-0.5450155082090588,-0.021047474400944306,0.0788247375399454,-0.5918557170163321,0.07347019400602445,-0.6099339112971564,-0.4242759099618075,0.04735961949881405,-2.4347786593873764,0.1998358170183524,-0.32702330678441044,-0.4655097468987889,1.3640674755018478,-0.06052111059806397
plasma_ssa_009,Case,-1.7638211311246137,0.06708270311695262,0.11867338246438615,-1.0023966261282997,-0.6978929741079228,-1.0363242275703695,-1.6102681980319875,0.3812746524616532,-0.0255416444913092,-0.5565306708806211,1.2226491092407192,-1.310572962746243,-0.3154826564381647,-0.8850991198066341,0.13091690079743445,0.3073113919166765,-0.579927427464458,-0.5202534531251898,-0.40395675986328233,-0.7979804710966287,-0.7070748645726307,-1.054038740475282,-1.1226307181020876,-0.985402093579731,-1.2234811314827854,-0.6822092575046089,0.11116210557877736,-1.0998622086157537,0.3073113919166765,-1.838655974148069,-0.7586961337805258,-0.39149725179014316,-1.8512751332181883,-0.24372241341206516,-0.7238818606362786,-0.8119400940225157,1.4807398881331941,-0.3648917377894069
plasma_ssa_010,Case,0.3350376644430218,0.3677224942276259,1.525955998644363,0.19106791313041366,0.23392449875251678,0.39878710701898346,-1.2213349853557744,0.4076557342572706,-0.34188674348144565,-0.30240831714419153,1.570438296721784,-0.8392095975231645,-0.36469801329782536,-0.5969787941667587,0.09972355814410688,1.8076208467822166,0.29574911995051345,0.13394821893037967,0.3706293478864296,-0.7111635120181566,-0.9589857410202962,-0.9440493792992317,-0.5241921188482566,-0.4355851528386938,-0.18850816367800396,-0.7643908714880763,-1.2073088494061543,-0.42085050610613195,1.8076208467822166,-0.12658311681890727,-1.0981447560758795,0.2189455894315634,-2.135364738527549,-0.2670515793759849,-1.2602801953662341,-0.8119400940225157,-1.111035638400019,-0.7401718781924361
plasma_ssa_011,Case,-0.9175509417746026,0.2561928680071448,0.7575815966058042,-0.26550753115972114,-0.07088213282013471,-0.18084838924139693,-0.5760539236240667,-0.21396419486912166,0.06242840565670754,-0.6011901028706005,1.389052966103549,-0.2057888219648552,-0.02369805272490149,-0.8250639428301016,0.11447287578929764,0.33617405279259027,-0.25588867291895345,-0.34125370624496576,-0.3076959258086802,-0.9467227446226992,0.30791353706494135,0.12964879357266706,-0.3432077329828538,-0.13235267428257205,-0.6589078394489305,0.11413751605456464,0.2081844632834752,-0.6470287389919612,0.33617405279259027,-0.17072900921126774,-0.5428050088748525,0.1004245075000088,-1.0528446349187637,-0.5896657338338744,0.022577370795874966,-0.43908019927841346,0.8940845590976568,-0.00731917750105889
plasma_ssa_012,Case,0.041480161529637447,0.5654334000488794,0.2934034534805865,-0.08347735882671264,-0.04273044649725183,0.944035389187014,-0.44664257203823343,1.3210193678830062,0.15379983364155028,-0.04488348256022099,1.4256297250141652,0.26729498746961033,-0.1960119639711024,-0.07753229169393382,0.9244064403875464,0.8516006193383522,0.7072742132604148,-0.0822591636268746,0.08701061319203635,-0.8121259953652876,-0.24723318878935316,0.014160897587571308,0.16588331496627726,0.16618716140189085,0.004308789342318963,0.24957999457141206,-0.15102463221885068,0.19213522283895065,0.8516006193383522,0.4835031271677599,0.30850700297019534,0.42615409833919504,-1.9482062593017289,0.8867254150189301,1.0694708323603377,-0.8119400940225157,-0.9230555584954504,-0.43716667860651354
plasma_ssa_013,Case,-1.1885918127909192,0.1714055642644281,0.07798182909042048,-0.09027133827229988,-0.3128996500285851,-0.35464596067453663,-2.2170622620950895,0.2908478764448877,-0.02062719990448755,-1.1003527857262974,1.8398554752114409,-1.1990760414595465,0.1371167806228684,-0.7190226560428677,-0.028572957417659174,1.2208333807769831,-0.39696714197506106,-0.44357384241779174,0.11624476084788671,-1.4972465340258805,-1.062044638724479,-1.2141746784397442,-1.4894653696178706,-0.6624003169638445,-1.3507740505633579,-1.1248815426117524,0.4475298232795271,-0.6854017829780471,1.2208333807769831,-0.9019140825029041,-0.43534744551285764,0.1717120333327248,-1.981934972295616,-0.08929852828451755,-1.4392324827713383,-0.8089805097837057,-0.4934795457400222,-0.5095189708144662
plasma_ssa_014,Case,-1.3319865489167955,0.7705506712586251,-0.25806448786339586,-0.4347923120107634,0.023875516509983354,-0.5162156461335901,-0.8151800201634902,0.16368181899759296,-1.1634021041708489,-1.2263801898404605,1.4637713388190494,-0.9346622398179689,-0.8884735853953613,-0.9510578364904649,-0.21679827494194934,0.9724354172282536,-0.6191519707977993,-0.5584471802489247,-0.4523999879727136,-1.7452352250113574,-1.1314864718479936,-1.1442928252367057,-0.7200648575284023,-1.3484142073406409,-1.0305891300213603,-1.2334820463427063,-1.0412691302912078,-0.6659695945357532,0.9724354172282536,-0.941096087574612,-0.9412438530323505,0.3035210667268101,-1.2672741708519653,-0.04218993195618326,-1.495227504645678,-0.8119400940225157,-1.235812335315208,-1.1837856166558156
plasma_ssa_016,Case,-1.7238560236101739,0.32807399923738073,0.6930290508427113,-0.20162944595044513,-1.7264358983332158,-0.5292981627436978,-2.0417548901851865,-0.0991105971451472,0.610394876112741,-0.801742069598729,1.5441596949350433,-0.5782787219918071,-0.786611096673438,0.42284783360856637,-0.0047075856631545706,1.4001032956195294,-0.07559291178548573,-1.3123747470266707,0.26687935863865897,-0.7877003865141724,-1.019507232665233,-0.628434443095714,-1.0627643191288025,-1.3439136062032586,-1.1926416097499086,-0.47570214731484733,-1.067770120788902,-0.8561352064887577,1.4001032956195294,-1.2652110403496282,-0.03769994226057096,-0.31815061338806677,-1.8159843297009681,-0.38230854901785605,-0.6529390789841336,-0.8119400940225157,-1.0924250934676685,-0.7646227136570458
plasma_ssa_017,Case,-0.09098694082671814,0.580174400663214,0.5839140395192218,-0.6405437229779913,0.3981090086629865,-0.3839771553588225,-0.6958547604271189,-0.0815265184986285,0.18776862236666417,-0.46964956173010697,0.7842567717033954,-0.6916694941981787,0.2894083154951346,-0.6355662480092953,0.9829265311891681,1.1061599820182928,-0.5425169126889512,-0.21490205799067097,-0.5490356387938543,-0.07217811701620067,-0.15837590232553747,-0.4423971595231461,-0.5107408517870395,-0.03554998367530082,0.16729427208872577,-0.23920070413267325,-0.5155950284380703,-0.9136760593077239,1.1061599820182928,-0.465158571297334,-0.7542137064541541,0.4328180075380496,-1.204014692417234,0.48460940745480574,-0.2017662560598246,-0.796725526059117,1.3299318288138586,-0.135317835371589
plasma_ssa_018,Case,-0.46439483317066205,0.4130229791813137,0.5410674546659677,-0.2859097769539886,0.3500285019477052,0.2019432017226333,-0.3414361471303142,0.2979151117129157,0.7853526212778864,0.18318395625968203,1.3664010223422671,-0.5480234337389919,-0.6514539725218235,-0.460952552610907,0.4206751194971684,1.5838699041259068,0.3465550438644641,-0.26854628416942855,0.20460292839157268,-1.488045708998214,-0.30437136544471743,-0.2774640010676272,0.006802175917370827,-0.7612817904131729,-0.42936049402260645,-0.1746781145641478,-0.9086485133298142,-0.5843011846733844,1.5838699041259068,-0.6954688462127667,-0.3639176931075183,0.47705957137836386,-1.587536424951056,0.14988451218966142,-1.1208883150385842,-0.8119400940225157,-1.0062085035491666,-1.2685413889094344
plasma_ssa_019,Case,-1.2716767290980937,0.3970717244293398,1.167372603567575,-0.602507875754638,-0.25806153256455355,-0.015337418126150349,-0.7062123085979773,0.40518628552614927,1.1914843745374861,-1.0332074053242077,0.9867479902952846,-0.7359212813718986,0.8380256990312672,-0.5856985080565873,0.020093125067365613,1.6557845364177377,0.6589656372966989,-0.16574572215681796,-0.4614097327766161,-0.6216184495091617,-0.28889670436366044,-0.29476709836373927,-1.142772973823365,-0.562248406336642,-1.2383746699731522,-0.2558149287506436,2.2391311603518713,-0.5038941702639427,1.6557845364177377,-1.3573772559942128,0.40364560017607726,0.30044711866752133,-1.3536415987412722,0.7706773361400038,-0.4212795562479033,0.43772740583542064,1.6713086407789342,1.3099058354487454
plasma_ssa_020,Case,-0.20254420196575967,0.6021100403399756,0.6342408510122772,-0.26661377946033377,0.19854492517816005,0.20614943334798583,-1.3789480430657448,0.2598672434496254,0.07298810318478194,-0.5494811004642973,1.425882613347145,-0.5034413659041199,0.03132474138725471,-0.8539754110679698,0.554480251323294,1.3387579968481402,-0.2863818396131873,0.12882461418419094,-0.5427605774068028,-1.1156377696163071,-1.9333483992372433,-1.3460164196280133,-0.7814699927587053,-0.8147993761814185,-1.0975060240701664,-0.9460441830548765,-0.6948313676419838,-0.5677828826532154,1.3387579968481402,-0.14793677585355522,-0.785532943744799,0.3630674821675601,-1.323150628377601,-0.4418946481967165,-1.2936307430109228,-0.8119400940225157,-0.918555563343378,-0.8070622589211207
plasma_ssa_021,Case,-1.0724265178721957,0.21580200338438874,0.5736320674349353,-0.3584338155755515,-0.35257453826499174,-0.15350753249654903,-0.8350913368909785,0.8477925043800311,-0.46560205740843286,-0.6770190150938524,1.500560033314151,-0.47568462889890756,-0.1429518264917056,-0.667967114511825,0.5962689140219455,0.36206424855709646,-0.3107944006822746,-0.2631512820063255,-0.3815531968647708,0.21064330400475756,-0.4519280232839599,-0.49091443883587693,-0.5424877816424238,-0.9491407301067526,-0.6401782449967715,-0.34954321204808,-0.16437068779423045,-0.25926837483892773,0.36206424855709646,-0.23959639785174264,-0.12235485443734026,0.3017431628403514,-0.8087594381358161,0.5573868015908193,-0.832082424946577,-0.7244559978885659,-0.018357422390186517,-0.40027084651311784
plasma_ssa_022,Case,-1.2723144958738177,0.2652820750824934,0.4419769669487204,-0.6455536015664863,-1.7264358983332158,-1.5358128614320563,-1.3428857537165533,-0.4940901479949094,0.27573147814412713,-1.1980631827077466,0.9487224007763826,-1.247520199352146,-0.993243357250375,-0.7213634879848722,-0.7601794475461262,2.091493196069446,0.6078994492677297,-1.1027993769105333,-0.4780554737460704,-1.4202330186133032,-0.6620411093801449,-0.3970132088403847,-1.2248427608581174,-1.4864266241755097,-1.30456527671324,-0.5470336520312742,-0.13502169399547992,-1.425941200556607,2.091493196069446,-1.6133846605873454,-0.8289608618750545,-0.13547221783089403,-1.2210443531486879,0.7707348744244756,-0.8915671415210286,-0.8119400940225157,-0.4318073213171664,-1.0517335122147102
plasma_ssa_023,Case,-0.8922156135696413,0.4996560473208849,-0.29383321006770946,-0.4361093224270409,-1.7264358983332158,-0.03306628186563624,-0.8434251960851304,0.7366750488735531,0.2142548648175798,0.047243180239218294,1.1545172693675063,-0.6220734771443375,-0.6346450486829578,-0.43287052302482654,0.7650382877016777,1.0558416526426155,1.102044281034368,0.08861371304003954,-0.5045728860119976,-1.3518094648041545,-0.04453353187425886,0.0974721744863955,-0.23946680185004532,-1.3959987174041346,-0.3853783281752995,0.0504063167578598,-0.5365610065932077,-0.32453929089467776,1.0558416526426155,-0.1336743807359947,-0.1458480412887099,0.25767184658002723,-2.3454366500409547,1.2984543398191164,-0.19539342747965344,-0.8119400940225157,0.18296851954336765,-0.578071758567451
plasma_ssa_024,Case,-0.8574203876715084,0.5386541695101594,-0.03283416043352214,0.44671719168080753,0.5828895101424645,-0.8514821073393648,-0.2121654883185223,0.09016133979706645,0.22607027623150946,-0.31247769750995436,0.8465579999557233,0.3987967254624284,0.6151345298004075,0.9289364616743094,0.33757944030895765,1.212259460913525,1.3336600385854231,-0.004751698026932899,-0.054181790143127406,-0.11357692446231434,-0.5193682074274536,-0.594686293404651,-1.0120850268085666,-0.5278474985583818,-0.0835594158980052,-0.8843721814722071,-0.8022314814339048,-0.24197351965932018,1.212259460913525,0.724151479219832,-0.3525218131002661,-0.82443189834792,-0.15896621343189038,-0.11216495707555507,-1.7641162194371904,-0.8119400940225157,-0.47069266677502736,-0.9277851145354108
plasma_ssa_025,Case,-1.2746981855217137,0.2585147665258449,0.2579553824567477,-0.5151767108314012,-1.7264358983332158,-1.2858869631915244,-0.1474529690988042,0.04237044589777574,0.6509768302963386,-0.7106543114012907,0.3668330030726202,-0.007278631109620798,-1.0774257219964984,-0.38937349447002256,1.0683051667476309,1.8893559269902964,1.442313360281144,-0.1950977832558379,-0.08352409254264011,0.8056433782197789,0.8671300350172463,0.949613231536702,2.487173520612846,-1.059436489017168,-0.8781626718260358,0.8912634025111604,-0.4569583153135172,-1.0050633431041278,1.8893559269902964,-1.339215154153625,0.02757768735498734,0.009679258315712501,-0.48274303582195766,1.3148415551728745,2.472646949169656,-0.8119400940225157,-1.162536223224599,-0.705858755571077
plasma_ssa_026,Case,-0.4189681117769346,0.3523872404928693,0.2665958397192833,-0.7438722095567161,-0.5061207948883083,-0.7865598547111837,-0.9432323257338143,-0.05965738453367782,1.0962529303052573,-0.5200582861453198,1.149817566989143,-1.341530174315393,0.3550937302390423,-0.03626533996515591,0.06842610005743137,1.7405439816006603,0.5264411973270947,-0.924839280575804,-0.24198652608912447,-0.9976299131665328,-0.4340868954507838,-0.46529166394671384,-0.6778711052495223,-1.0987863645090001,-1.7266680926953208,-0.43281869489217306,0.27633284386792367,-1.3903124516090808,1.7405439816006603,-1.0793287269673295,-0.19587549689606737,0.17818079308701665,-1.0959236853475292,0.4354668135495929,-0.8398187702930396,-0.8102638734821325,0.283023942119282,-0.25246244689647673
plasma_ssa_027,Case,-1.4841927826707175,-0.05943036118980887,-0.025915411471771177,-0.5950020639094558,-1.7264358983332158,-0.4280672547103401,-0.9857003008660821,-0.17670997818175793,0.2285892028236563,-0.7924604005996485,0.8663192842746978,-0.7840016218723225,-0.46784494261168025,-0.31185914295786055,0.09967253217499718,0.5229290770674145,-0.48399018912357317,0.21194118217364025,-0.14029851024938597,-0.9322836548860758,-0.7036270353602,-0.5998783730137548,-1.0595421676776708,-1.4204330160444323,-1.4528072932224967,-0.4800046089282541,0.2308143026740743,-0.6215445117595393,0.5229290770674145,-0.18152064814951505,0.3426849469577379,0.0887341420973665,-1.2280339450989919,-0.1930645462661775,-0.5285155657239731,-0.8119400940225157,-1.0857673087235813,-0.9881656474625121
plasma_ssa_028,Case,-0.7154200125103399,1.1634885573648244,0.5668366386846848,-0.26939161140573376,-0.6672045137083419,-0.23458388981011885,-0.21644436575151782,-0.15301811245679336,0.604610275742895,-0.5097313737334417,0.8941453261332958,-0.34118197162781133,-0.6296926394906658,-0.7391670675913377,0.47646760502549657,2.205625050051227,1.3943186802328174,0.4700376764475086,-0.4490917780147621,-1.2976810113538504,0.08714159633472213,0.6203619699154034,-0.4098565058700951,-0.8123472341521577,-0.5706653609051379,0.4981085719632225,0.306493131692569,-0.801471248163631,2.205625050051227,-0.8566078149638794,0.14832536305859756,-0.10161014689923807,-1.5887567234269888,1.2488104576255181,-0.08972267100952548,-0.8119400940225157,-1.0564273490882619,-0.4864562154621425
plasma_ssa_029,Case,-0.4172893257620623,0.5840569543754613,0.6370367355318526,-0.37578712180350976,-0.35746992940073674,0.06490574077879922,-0.5406814772515699,0.6650348181188401,0.09361460766012118,-0.693228852485419,1.0879953779326657,-0.6454466464208762,-0.5219227126042572,-0.353668859304682,-0.201691089224189,0.6391794778302371,0.8176037672796517,-0.33980643744297034,-0.17719735713023593,-1.0083154301519,-0.911138691903491,-0.433599599403324,-0.776776163168286,-0.9387101759383943,-0.5907803578151187,-0.50815015840837,-0.5240760758992937,-0.6149515413069798,0.6391794778302371,-0.6805939685591011,-0.2824977130831612,0.49261623830872314,-1.2401261271816117,0.07423661508256835,-0.8840367812944206,-0.6715185186430195,-0.7249895480794303,-0.4589232814897003
plasma_ssa_030,Case,-1.3346197286620898,0.3264051383157655,0.2971278719700655,-0.6729129469929325,-0.181466076623607,-0.6234859633101294,-0.7691924297162235,-0.14072762540748088,0.18224238851403113,-0.44695830759759747,1.0717523191603275,-0.6262583575154341,-0.9607788029104272,-0.04365922807668746,-0.046559984973441215,0.18348829897357583,0.6878422981244791,-1.3121683085487907,-0.4080502001718666,-1.7516038120750244,-0.4684523597970699,-0.18886578987518665,-0.7519623269013634,-1.0656058862693663,-1.2312517143246111,-0.311287177715933,-0.3880266307701319,-1.1208104972877235,0.18348829897357583,0.11731026873253035,-0.5002695212908232,0.2996314836370392,-1.4268856372361458,0.7507027344877404,0.08487069583540365,-0.8119400940225157,-0.6635922173891716,-0.7591404207348357
plasma_ssa_094,Case,0.7867131953581976,-1.768221118717721,-1.141522842914037,0.39074695495064293,0.02618245968005188,-2.226788281568915,-0.9366502000029074,-0.6355346731862279,1.0254267257055267,-1.2086527255598796,-0.059430116199180226,-0.5360881346676781,0.02676197323127914,-0.3346542526037904,-0.5694114370198538,0.9290512673365676,-0.8739688352022311,-0.4795007277108584,-0.796061822837081,-0.10577076607413292,-1.3915882586613524,-1.3400784675246455,-1.0686261607076957,-1.2574258915409253,-0.31592019887615924,-1.400785348724637,0.6346651063685925,-1.2283282445253783,0.9290512673365676,-1.1010913005727958,-0.7516339934076006,0.42396523533276725,-0.6790249209643879,-0.3483962066809981,-0.2603650087800028,-0.03539540193263007,-1.057557301216227,-0.7424138602710274
plasma_ssa_098,Case,0.9540120690595418,-0.9162129236600379,0.7742984056259099,-1.5037663238448356,1.3838418759580622,0.8081969560809455,-0.9497962564593325,0.7160197339725584,-0.06330421374431511,0.01012167372698064,-0.8838093282643962,1.0945579134950345,1.506517946194544,-0.49793364954878544,-0.061683826174021905,1.0457211242916198,-0.6856312295864261,1.669154708734071,-0.12142147266295188,0.7276919110401601,0.36250398020524477,-0.307565712571443,-0.7544536416211375,0.2797158948100584,0.4239170878755856,-0.3585511759529327,-0.49886351864723394,-0.09938688004028995,1.0457211242916198,-0.6247223854453584,0.7570008144235661,0.052496349594765505,0.5364878745789483,-3.09951221525826,0.6289116259200682,0.02216762651958384,-1.5778190598743422,-0.4687184969868107
plasma_ssa_100,Case,0.6791708440117613,-0.487330788300784,-0.44333252600007805,-0.42230458599482124,1.9582993849384318,0.3750100704232683,0.9648248931756433,0.7000516966331704,1.2256275355821629,0.8827643570815301,-0.646438824583991,1.9542197379233965,0.9987407446004217,0.44718347734427494,0.43654379652255926,0.9040736975436126,-0.9685811540769804,0.6891317338897549,-0.43808364647124637,1.0253875596570634,-0.38963318591939344,-1.4440145805720512,-0.06825801794628357,0.15431982484747106,0.44366765740095715,-1.6176724284445338,-1.5597653585919422,-0.2933038276863617,0.9040736975436126,0.39530631358036217,-0.08551483485552235,-0.3652268920505964,0.5884511464100987,1.0748300494349445,-0.26836261513491766,0.2087770948405612,-0.16383213555356377,-0.03647912235161687
plasma_ssa_104,Case,0.8914588530071825,-0.7305214863809697,0.019855147278069904,0.465608835521704,2.1783703424870255,-1.2337045258650081,0.8028597377866896,2.994842324050435,-0.7867954375887857,0.3375646407448379,-0.20792227908108557,0.43603164797334926,0.6807850604953448,-0.2273347885876148,-0.44115930293387184,-1.1195549385489616,-1.3215976423431204,1.1017684785203337,-0.10230364835161442,0.8652405952842711,-1.3459240536182397,-1.9988875135929742,-1.0357282384027948,0.6319665802455204,-0.08628078173005811,-1.995344500576639,-0.6734435236064599,1.017062562627688,-1.1195549385489616,-2.841550898764149,-0.4468390752122006,0.5722824143590182,0.1775782190639436,-1.9746397698005185,-0.8110246228966165,0.06118310372875764,0.5770643121901858,-0.5928014417554313
plasma_ssa_110,Case,-0.2766218062105352,-0.6659820652021036,0.38414718761620414,-1.4980073240590634,0.91125122306982,0.0631280611061778,0.04362445146782772,0.33682804396553856,1.408652512928376,-0.8463681850004038,-1.16595152713585,1.026469307442219,0.6144427577699942,-0.23626725055727388,-0.32668862487180733,-1.7821344938052648,0.28135204547933057,-0.5036696268132291,-0.12212609563258058,0.009086092483314101,1.0145047200995705,0.4833140150523332,-0.20469889820454887,0.6948598449028374,-0.6473205039544987,0.4176078513293592,-0.46626428986954765,-0.7583670951635775,-1.7821344938052648,1.4589208139836911,-0.33741243121581943,-0.0025741408740187787,0.3091439931499898,-0.4872593888090891,2.5883987665014763,-0.6726420121163794,2.041370840509892,0.00580842088932867
plasma_ssa_111,Case,-1.6633861127966207,-1.5955088427553505,0.6382791084199889,-2.1826835170368266,0.07308084351317655,-1.0869724832193932,-0.7058443189594271,-0.5163890817716255,0.7224612281109771,-1.293441902308321,-1.441129280625222,0.1445297842912157,-0.4431802239106541,-0.08626499278101185,-1.1203850062642788,0.5481352497551433,-0.6592923329089253,-1.2619079685840329,-0.3561550254763174,-1.3509100258185702,-0.6833868225286179,-0.8440415298686521,-1.3646937665783623,-1.63982904377666,-1.5737761494325424,-1.019502068008047,-1.7772168633508758,-1.3106177053140255,0.5481352497551433,0.2586072429419353,-0.15229618523072003,-0.8963669086084215,0.044103114665595015,-0.25801579426134075,0.7546513725339613,-0.8119400940225157,-0.5845788862136109,-0.9709963260097205
plasma_ssa_113,Case,0.3440441013466738,-0.6671682372312313,-0.713724902490397,-2.6515880646505,-0.5910918172324985,-1.2689543222992012,0.07590651997706319,-0.4601404127392894,-0.016464638315595224,-0.15415185321694624,-1.287100574200344,1.2049305505913563,0.18925044937265406,-0.3442389941895562,-0.23768800339591162,0.33464694718492055,-1.245171518766839,-0.5337404625426783,-0.004445011400324935,1.8563085535149444,0.06092205516640051,-0.024572931313282947,-0.1313458081226248,0.3095937073076766,-0.5165472196942946,-0.038748378856265836,1.0657734732392747,-1.204393505056998,0.33464694718492055,0.36992890912725246,-0.49894055263036485,-0.2540646491726639,0.3543742186859167,-0.7296498551887595,2.0479144448744178,-0.3726828029583952,-1.5778190598743422,-1.0026374793836272
plasma_ssa_118,Case,-0.8781611021067898,-0.8049623176737924,-0.032443323350285706,-2.4777218534978704,0.23045120711930253,-0.5719367065036589,-0.028805612894886326,0.6404167529357724,1.086397364209412,-0.9389614475674571,-1.3075950992920484,0.4271537841083577,-0.05538469435755457,-0.6981020686938191,-1.0813424739915303,-1.3026112932466176,-1.287357159960829,0.15267483469968202,0.017826272784172183,-0.772570563784963,-0.7521411669386492,-1.0766790180667762,-0.48190205192661734,-1.1670136551968802,-0.5310901817745772,-1.0789703729877569,-0.29495325759200264,-1.0570696181700416,-1.3026112932466176,-0.786583164833712,-0.22291441106743748,-0.54115581299208,0.05431624976468969,0.1744056712077311,-0.11453903847802768,-0.38517705484534276,0.2492529507707702,-0.8908441704167971
plasma_ssa_123,Case,2.02084952003176,-0.06894503994506289,0.6819541709796241,-1.17330917129753,-0.16934625742875112,-0.39545382531014156,0.47162617185507,0.7958182786301309,1.300996608062268,0.6466191385854015,-1.0419987307262382,0.8023490118760933,0.5814759223203632,0.49247537789282164,0.8244925793468003,-0.044695657236890556,1.5226946859088732,0.12884689266472363,0.13098840421561178,0.9355185220351471,0.7499274787466028,0.5894136241821956,-0.23868697454956547,1.60002056739554,0.06738673434185258,0.37811026934534864,-0.13330001455728843,-0.46032404729655874,-0.044695657236890556,-0.7598951794329473,-0.09563153507646509,-0.4597005630369127,-0.06231933031319603,1.1602537715189674,2.672241677251332,-0.6512707982117104,-1.0345918510834624,-0.5845253959177217
plasma_ssa_127,Case,0.8831832471835398,-1.1828518705416071,1.7423479875099739,0.8528553780380383,-0.08506839112805768,0.23676280456220863,0.37727889909710705,0.7474436275389007,0.5001928617913953,0.6632657281679161,-0.4700655170303545,0.6915457816707484,0.6611113527686073,0.8517369311843294,-0.2702109954451686,0.488330285488137,0.6248411918182317,0.6138563491669549,1.1936014593695992,0.5783135129982632,0.37193906714871305,0.03051179368576606,-0.3210249307483195,0.4853286081169947,-0.7012000587243088,-0.5444279879093906,-0.4348243265307321,0.42480392891558655,0.488330285488137,-0.420586798313005,-0.11906064785732429,0.13261063585226915,0.24133096327916703,-0.7184232626014772,-0.5721681873996437,-0.05024249348279234,-1.0414345677576151,-0.5593096080055319
plasma_ssa_130,Case,-0.8002017010596424,-1.645783900265692,0.10545005591931217,0.581051034552678,-0.4278691615390522,-1.0597249569157536,-0.25750626875577726,-1.5480720940636084,0.9120492877789999,-0.5266778177737391,-0.8338744952831669,-0.6742167514853132,-0.20113089440655424,-0.34063221089222917,-1.5177588964355064,-0.240423223001941,0.019762971354134212,-0.422630435382333,-0.049663070381152266,-1.1412211967412986,-0.6001600355087118,-0.19134338474135548,-0.9457495901119064,-0.537555395583008,-0.8840894667640543,-0.6348640326254729,-0.4192494191909577,-0.9871799987262481,-0.240423223001941,-0.5152331749830208,-0.26402775272951584,0.22038321643317235,-0.3404642988775517,0.21191995606483793,-0.31466583087757444,0.3493142634429585,-1.0503009298309545,-0.713170139813698
plasma_ssa_132,Case,0.0791347475595905,-0.7105004571128829,0.5252084731057935,0.9165842204941622,0.3626537104787111,0.9061681776277929,0.4649665885833447,-0.7164063842189637,-0.10603235157174327,0.36483250531737527,-0.11171551313682528,0.13820085781407254,0.4145088956046269,0.24969896448117052,0.4761351696912604,0.19699944885718965,-0.07940820212439498,0.41191185769983146,0.39061649639463336,0.24159032371394293,0.31417499823401807,0.4506090624527584,0.22530424491224557,0.7078181382065,0.5847742430303378,0.2557975687766674,-1.0062528898560392,0.15078282822573494,0.19699944885718965,0.7787901275102311,-0.2136199759661768,0.1094595210906544,0.1900251479755981,0.369796736278834,0.9984221324220115,0.13992500769957086,0.7486376371036157,-0.6490226994334534
plasma_ssa_133,Case,-0.7151279332067989,-1.9416352985104381,0.5239197583894206,0.8628529359984729,-1.627847232110552,-0.18069030806735767,-0.19768611834989885,-0.5915684192497569,0.8632325390647764,-0.42268483222121234,-1.4198947691455763,-0.6100863184401695,-0.5089262466460339,0.49958155375108665,-1.169264859980699,0.14651499106207083,-0.12122706699591827,0.009474445924334681,0.4039676302612728,-1.0669729064629219,-1.2803343052499583,-0.786806862063963,-0.7585307379097824,-0.8256344409908328,-0.7545503870001161,-1.3791490279281553,-0.6958313379443529,-0.9794156608743191,0.14651499106207083,-0.7178978811360917,-0.19867265022326727,-0.9819604921138526,-0.1535662519216441,-1.549851156090133,0.3142729198608381,0.4343664699249094,-1.086785820201517,-0.8780882945517562
plasma_ssa_134,Case,0.885769968668561,-1.6767879138889432,-0.13937072260165514,0.01605607899578283,0.5685795844972008,-0.10418150316608926,-0.09448477534644294,-1.355640625319168,0.03581216843623858,0.11757780672471752,-0.009594751835642398,-0.06468352390911744,0.23665940157491705,0.13074692473390787,0.4894235099612757,0.1759112532292828,-1.6635506856520599,0.23530944030611764,0.1586260592791779,0.5033515269748529,-0.8226823614538628,-1.1397462405769097,0.7589885109172377,0.27264508410965416,0.9143918484882562,-1.2025581404222274,-0.9415891754234965,0.1575616326718007,0.1759112532292828,0.01734785736339515,-0.8886231420865052,0.7948738523904456,0.8817603196211651,-2.2270209140926522,0.6618709457906402,0.1439898987087958,-0.5866192381213954,-0.9592128476395697
plasma_ssa_135,Case,-0.4281916819570217,-1.4900938559271144,0.14679214894973044,-0.389901141008701,-1.359917727372255,-1.3963927337045778,-0.37068017641324114,-1.040276796391668,0.9045048294004603,-0.892997359420706,-0.3803771444720446,-1.2254491748008574,-0.20024245978615668,0.19477450696006318,-0.9128789564636783,-0.4614924619799937,-0.09041311571251123,-1.208428098524713,-0.2383229841637988,-1.1574645116384268,-0.07363462522354765,-0.05146166794557939,-0.7428664353141932,-0.6805609841070945,-0.8920287385941218,-0.47138876551008413,-0.11527971342259599,-0.8491023083631947,-0.4614924619799937,-1.0222415143558206,-0.2060504504884182,0.07558897704454476,-0.4094426881860604,1.0784287215557053,1.1376141511881488,0.6996759006686655,-0.455800824756752,0.08090363968240168
plasma_ssa_136,Case,0.6102597396426385,-1.0458589722180718,-0.4182959735375644,0.303753207326939,1.2548575370065362,0.04439475970936505,0.029663484436771068,-1.411097751666487,-0.3489986115078778,0.34941720283628785,0.14909261679025984,0.05499289834714431,0.2795480332739046,0.048837689723238015,0.9166909995519066,-0.12919204537281476,-1.0447904254012017,0.9173993515690353,-0.16792233286671382,-0.5960750044098739,-0.2423190486162518,-0.23726100018725402,-0.2709310081550069,0.685543650888265,0.25890763088565566,-0.6466148070293533,-0.317275456952183,-0.01624863215811112,-0.12919204537281476,0.6866198345952703,-0.44705109020075184,0.47379699520533775,0.2773392174808765,-0.9897862908165135,0.07041570840026727,0.43514397788038767,-0.3082544449992706,-0.8285502201041075
plasma_ssa_139,Case,-0.4249355032014994,-1.7273141486392982,1.3543516726969957,0.3304364130777101,-0.5575463990822125,-0.4789131298729571,-0.38524017403884436,-0.6660369702589357,-0.10531125016798226,-0.10915597254048301,-0.2991721704807274,-0.6055408855221532,-0.10249178335021418,0.16549585901054442,-0.24258666921790342,0.20976493733536414,-0.6399398629756934,0.4438374538113272,0.2465990562033456,-1.3925280372362268,-0.9291183765831725,-0.8209566050345194,-0.6222634053635959,-0.6095833615706946,-0.6269612718502469,-0.974347891751139,-0.20230360350424165,0.16916381931466185,0.20976493733536414,0.06345209221457933,-0.7437720372022566,-0.28416748397432795,-0.22208734322681092,0.10192875509902279,-0.02125502011282185,0.19275390478170948,-1.1139628800461399,-0.9923007555254085
plasma_ssa_145,Case,0.5224631814114616,-0.206661455976096,1.5961585560703027,1.5297581367785547,0.9532194853940085,0.6117157924821256,0.9430680402264515,2.4044138193716966,-1.9845218842686307,0.5081442453992194,-0.4525032668894947,0.9398500999117306,0.54752783452367,1.4313699274357943,0.7159239634607074,0.02121755454727198,-0.2635535964849277,0.5119201634356646,1.1789443890223608,0.14987998740759767,0.7430400736982959,0.7617717779598538,0.43242320692089087,0.25760361256193054,0.8673117748446665,0.19461385296350714,-0.3187405078365941,0.6394100953786783,0.02121755454727198,1.3640474257446402,-0.07563247484394588,-1.1077296885932733,0.15072414446001736,-0.4793585731161365,1.0929663741178777,0.48381122591078235,2.060656147878795,-0.477644341088895
plasma_ssa_154,Case,-0.5092486686646152,-0.5925504563584356,0.22829569944801512,0.6745758995251734,-0.4885324110682954,0.43851587738804315,-0.1905462431138767,-0.7733454949812222,-1.4553644807665618,-0.240533992903294,-0.9860466744189259,-0.22676321257183565,0.19015145207388254,0.017838720592005544,-0.24013002998754893,0.7135659887013753,0.064085653346,-0.06814857709997445,0.2217160054318547,0.5996960854706038,0.02352857869429715,-0.18081344502618213,-0.2006396939310669,-0.12743246876165554,-0.3657260693495172,-0.15431009035479337,-0.7984691489590352,-0.38903850570046766,0.7135659887013753,0.20360930074174538,-0.6022973143430564,-0.5568400259259846,0.49062696563007757,-0.4468035291146625,0.7302829566253319,0.25342639263617583,1.1939012748081286,-0.7529871514305899
plasma_ssa_157,Case,-0.5951262753170997,-1.7311616772397438,0.7617854071240678,1.2131449183609584,-1.2773338530228369,-0.4248313000768792,0.005684771945598484,-0.7673916731120591,0.23234212441507607,-0.10317480076033385,-0.7949459142166801,-0.4696014590393858,-0.5027229597347593,0.19217135728449924,-0.04271006314136182,0.13152675116972481,-0.7218062988138988,-0.6818639023806893,0.6352845483167822,-1.1435478986348582,-0.24305377272345452,-0.16625665724192676,-0.641459134085545,-1.0301813185722206,-0.7180144209257164,-0.8277217572692788,-0.516368067320976,-0.4982727545257896,0.13152675116972481,-0.11048220445792716,-0.06732127067310076,-0.4772015925267252,-0.10122933427733005,0.27762217919905957,-0.13012621359506088,0.2537018914004995,-1.0563376924643255,-0.9901090717490225
plasma_ssa_159,Case,-0.3053560446645566,-1.4579991487956456,1.0445382088021693,1.3315158947631682,-0.44507635060830314,0.7426953552960543,0.5614059409324669,0.4101675815645538,-1.8189792867331802,0.7783783010684255,-0.35076581025036285,0.3113171476408923,-0.7030775701056692,0.430842810024788,-0.9882524376269481,0.5243200519471631,0.04323823117659534,-0.08131673958721693,0.9262029539320192,-1.335800085126088,0.5885585113997109,0.6397261021041089,0.3078324642173335,-0.4911457476199676,0.03471860776206034,0.2505923328111425,-0.7225855758394057,-0.24310868790573995,0.5243200519471631,0.2828661291159884,-0.2767509832861274,-0.2638078995180504,0.24659100215659718,1.8485938192527882,1.5967783670279625,0.2048452252429403,-0.7261491140720322,-1.0271236005060376
plasma_ssa_163,Case,-1.1571135772143508,0.29446059641372235,-0.40319407542266855,-0.864157552931502,-0.7060727736157454,0.08916103777824463,-0.820140434439122,-2.087391662835595,-0.1687169186996731,-0.9671513475658956,0.5080468084702386,-0.4484985746935382,-0.4135314328701576,-1.0750090719456793,-0.05166369464700307,-0.011172872579348842,0.011324359033535434,-0.7994634080261153,-0.031057738024399484,-1.3812174911677741,-0.9157501710781957,-0.9213850862474692,-0.9283258427481217,-1.1734028675563573,-1.207272884726878,-0.9499338010960613,-0.975569526957237,-0.5968175327680388,-0.011172872579348842,-0.20290995330657063,-0.1407608936685294,0.04204582920663761,-1.4538775504317496,0.3297202570640062,-0.16562612833721227,0.1804680217297499,-1.0814320210921688,-0.9752773849114063
plasma_ssa_182,Case,-0.9868530777343051,-1.8542339170840372,0.7512365071006918,0.5918757715369751,-0.13555651778731911,-0.21780605044257972,-0.25733292447771594,-1.5179316778367333,1.0296490368521534,-0.293071467558648,-0.12513644048211506,-0.6307605588928203,-0.26975524588599514,0.5369056783300086,-0.9168642849207336,0.3559170750307528,-0.3515532947439996,0.03551567914310697,0.15826828179979008,-1.1219639255263423,-0.565753716427685,-0.25834632281897485,-0.925451588648539,-0.2262464731887959,-0.22620294617384862,-0.5993912570695877,-0.5511452074502639,-0.14207362874925175,0.3559170750307528,-0.053716487270195956,-0.1046265450550242,0.36749519984980156,-0.1111585052619765,0.7029563613879368,1.0481652041807796,0.23826403812638378,-0.15790805932835653,-0.719351923394907
plasma_ssa_184,Case,-1.2128589681779798,-1.738214253215222,0.15537522511402246,0.05944664184225184,-1.4171568372100873,-1.812139062346737,-0.712606338190821,-1.6729560348897279,-2.423300025652665,-0.8564564126866033,-1.1703621391413679,-1.0413593086090933,-0.6885306651722645,-0.4500945938330481,-1.9753977669945875,0.3056812271519036,-0.9648792432116636,-1.2501066314903777,-0.021317674286179412,-1.2918532055510301,-0.746269201450588,-0.40168427631472164,-1.1852701824281482,-1.5198331932971783,-1.574450800221328,-0.6443317869293944,-0.4010342827639682,-1.387888550767833,0.3056812271519036,-0.8902176334131545,-0.5823701383571996,-0.40615888809527195,-0.6203708054518483,0.7220194041609167,-0.6766728291074395,0.06807184841708216,-0.858042817801513,-1.1254424526584152
plasma_ssa_185,Case,-0.19769638119047442,-1.5295907015279393,0.11588579285606954,0.041235413536459924,0.11546500032711926,0.26853955571333815,-0.7778407774358639,-0.8728721409391265,0.16605689798639603,-0.6284332534666194,-1.2953484046020018,-0.6355665401594224,0.23638627820162536,-0.2940460496351244,-0.5509044708288892,0.03876102257214005,-0.17185779767657658,0.026002728130125587,-0.399238346865644,-0.5439481488777298,-0.4410956253614155,-0.4279057281522672,-0.48831716588655494,-0.5686427853633733,-0.3417827254549533,-0.35488127469764014,-1.1799695246389694,-0.3526464846895789,0.03876102257214005,-0.05315207826281183,-0.5625498520110852,-0.2630334315040901,0.2015061287021733,-0.019419148526381,0.46326098214277606,0.20357243394716348,0.3045390696388116,-0.6008398329191406
plasma_ssa_186,Case,-0.7007086014742246,-1.4699450454053684,-0.3715360586562782,-0.12097177993905095,-0.12519309435885534,-0.3627682205365352,-0.17666134032501438,-0.8899083393281889,-0.038996953661287574,-0.6871972754038571,0.07333408862647794,-0.7374435861858811,0.09902859155214472,-0.8911222775468105,0.4854421252070749,-1.2084035021355612,-1.2998118327245551,-0.2389068477462484,-0.03766084089794349,-0.4681974089231805,0.12896984497409267,-0.09316122294111549,-0.31679104809766695,-0.6131400162617052,-0.15300548455286073,0.08112966928346947,-0.6264671062285102,-0.06762631155538033,-1.2084035021355612,0.18170208714304178,-0.4295242365613468,0.23975017760822268,-1.5171029019857847,-0.6147629173198879,0.6540212335489842,0.29465777808984006,1.6994403696761577,-0.397935623572892
plasma_ssa_188,Case,1.40587664242634,-1.2930703637051146,0.566963047957221,0.23866268944940106,0.3336968957869755,0.04144701868554752,-0.15898282959154078,-1.863500162352249,0.0017471947082150555,0.4832732436194381,-0.680056731735238,-0.7655590156819855,0.13455142485745805,-0.6386423788251363,-0.8704446325504692,-0.9767637363737457,-1.338378633941086,0.05992381383479336,-0.1859139514491198,-0.6417157391921078,-1.2119360626156235,-0.9690450712818766,-0.5519053606431347,-0.8140096807283711,0.15668897206242258,-1.2248578965212062,-1.2185049317221213,-0.14063228787794937,-0.9767637363737457,-0.2849942583521742,-1.1108670909187486,0.3512118297523133,-0.04184410535320777,0.05945119045248378,-0.6274478842010925,0.19386520311968444,-0.09749872703285434,-0.8948716460751401
plasma_ssa_189,Case,-0.8240016191826629,-1.7431658701564077,0.020033804049995427,-0.10250813363883672,-1.1333107243127931,-1.1586812885141475,-1.0938504781124387,-1.4791057496630002,-1.2450933756070837,-1.105691550951844,-1.3647193488611427,-1.4052600439950678,-0.4871843771230546,-0.4950607578152056,-1.615880652039642,-0.3654483454032829,-2.0806818671802243,-1.1095575714166248,-0.2786905330776479,-0.4441877883914371,-1.513704013517554,-1.5231359756515577,-1.369854201090286,-1.447836666075544,-1.3520953852882682,-1.6182896658333938,-0.9816322151145355,-1.043522934253781,-0.3654483454032829,-2.7252293712539775,-1.0124217260245494,-0.46204315612195684,-0.42797238173011054,-1.5329458299906922,-0.6189891839417963,0.023375465488888903,0.29677068102352416,-0.8227712858837
plasma_ssa_192,Case,-0.6234724748601115,-1.4055738193807708,0.3535350017981794,0.5128262293397474,-0.12365821903389833,-0.5990336396726227,0.591036563833114,-1.0836414623384427,0.4761968124449341,0.15000116663490065,-0.6219040522214285,-0.04713520815514062,-0.406280276400962,-0.3036206202093471,-0.29738472932061205,1.037292208997687,0.3481482732212233,0.5509097924178448,0.04064525523607283,-0.625869145332289,0.383128864571485,0.38217286961006003,0.2549272492750536,-0.7223022899024185,0.061170190005463955,0.15742500948931215,-0.558672137201533,-0.4140402629625809,1.037292208997687,0.5301130253376352,-0.041508590449421345,0.005602124227200802,0.33893553183402503,2.052882144500547,0.8559635375228155,0.193833945866786,-1.1014720343498003,-0.6757394807536168
plasma_ssa_225,Case,-1.3072584810902321,-0.13385403083541542,-0.41692520554731677,-1.236530005232575,-1.7264358983332158,-0.5795112354703855,-1.2897670433790214,-1.0447642983802323,0.76397717729197,-1.261465874990559,-0.42689055175896107,-1.1853912528318993,-0.2820118476156168,-1.213484414440245,-0.21718040078599563,0.5050322430556139,0.15344031355178933,-0.8210035119488992,-0.4507532991807936,-0.7639990600002442,-0.7672595721084279,-0.6253850675833778,-0.7416356304278491,-1.375371099425202,-1.4983832361009652,-0.7762593000838856,-0.8880858935778371,-0.914518272320795,0.5050322430556139,-1.7586140431556387,-0.5617182648306922,0.20554207737991853,-0.5753036578045462,-0.4892977701555952,-0.49523328134224304,0.22184295971364743,-0.5781367391439873,-0.6083243274442662
plasma_ssa_226,Case,-0.11075542084908792,1.18409697714919,-0.07854450655535046,-0.47150284063936054,0.09376984441186952,0.4462913577188655,-0.14957266597330712,-1.051793468636348,0.26120486910477225,-0.1244280255645005,-0.02620739134225422,-0.09165398997706521,-0.07434162181872114,-0.9406469920336398,0.16780627477434482,0.6557019108691817,-0.4632043880263301,0.3268088874696172,-0.6140182875808642,-0.10593833516717328,-1.077911988051909,-0.7430261942551974,-0.060774685784499516,-0.4447028773175141,0.7006180043290667,-0.8281748415442105,-0.5918707212486872,-0.2551038194688696,0.6557019108691817,-0.17491173968432275,-1.118899782831185,0.10991277432347824,-0.641058356228607,0.032056182763882335,-0.39536456623028127,0.14102350702206967,0.7959445226464008,-0.7225587883060733
plasma_ssa_227,Case,0.05667624495996998,0.6108873223937783,0.26962908335021285,-0.695061355254288,-0.5952937122337043,0.43562535207340825,-0.08773624390661565,-1.2320973998366576,-0.12416459791015164,-0.8330863517062164,0.28670259015915284,-0.3699422411198149,0.05678005301990281,-0.7715235068061366,0.3806776506505172,2.0415441814298307,-0.6764011892431062,0.11100698509702538,-0.47749237565683506,0.12411500547419593,-0.5066160715681182,-0.2501023843566414,-0.31883232583451243,0.10979246495642975,-0.10483251066753967,-0.5273323547741391,-0.6883979419181857,-0.5809467071360983,2.0415441814298307,-0.31291284340080994,-0.4080689319240048,0.17173023431549828,-0.6351923921470618,-0.07632912965145193,0.5365475919500335,0.6726416404490403,-0.6316723223209906,-0.7094647171618826
plasma_ssa_228,Case,0.040752335042459197,0.48941855048296107,-0.6188514572847365,-0.3594207619150351,-0.26644790620008985,1.189628673752219,0.7163228342973551,-1.5462468537143197,0.7592879390514563,-0.10279966622817739,0.10543200797735755,0.44317577817888976,-0.34812594774924016,-0.8805787405683527,0.5908398182862576,1.349890997395284,1.245291385766872,0.9635151289684066,-0.10666997864636635,-0.1832508513537724,0.47531219025081983,0.5787932273128733,0.5593283642320209,0.5795469483419969,0.8214428290145789,0.2540234396026426,-0.836839962019935,-0.24608079645845687,1.349890997395284,0.9653116586571723,-0.05644321069030648,0.3619690156359698,-0.7131068638048117,1.198325171987496,0.9161737691690737,0.25334574650338365,0.08962824227516464,-0.5621875087875697
plasma_ssa_229,Case,0.2125086915404921,1.7542296056060234,0.03267280510625988,0.12785107419807482,0.18552954360215768,0.037826792743887665,-0.2262958455488623,-0.4258547450578035,0.19097155738349983,1.1310029566387276,0.8132640205038564,-0.08865852941975629,0.13303073389599945,-0.7066906009291762,-0.14084493402219306,2.098385075115228,0.7890322711246514,-0.10223536844962816,-0.4325467899598542,-0.3998836413751924,0.019102446904008235,-0.5221269801570051,-0.6429094061750494,0.5243083633113602,-0.0991022160569013,-0.5505734297868304,-0.1839236127247276,-0.3779181335240389,2.098385075115228,-1.5348332539282998,-0.5927296877475138,0.02499023706667788,-0.7583457017308873,-0.5310956761721869,-0.7561129718128471,0.08077696718878365,-1.2361552126999298,-1.0218212281008223
plasma_ssa_231,Case,-0.17524218830533617,0.17482332620096122,-0.6016284579334235,-0.5470173433104569,-0.8415278688833477,0.20939565213828137,-0.4699119486573003,-1.1176334040109193,0.3985129189356102,-0.14862309569667376,-0.33763437050285083,-1.1867946254830462,-0.24470041762167424,-1.0345863446786516,-0.3438904338103403,0.6508391808192343,-1.5392921645340203,0.45027758234486376,-0.1925025712657606,0.4422641641239054,-0.6488214639293812,-0.9143240498674372,-0.21247151255527166,0.12046849466455245,1.4343592478101912,-1.1068243029633134,-0.07274411320699879,-0.26299945024942856,0.6508391808192343,-1.7828984003131034,-0.7641797182937171,0.34195239961404367,-0.3778877358945864,-0.36049952590835427,-0.4727608265123755,0.5503867952774361,-0.2774729947738989,-0.7362023866716436
plasma_ssa_232,Case,-1.1020613322150377,0.3718915461381234,-0.8147255680094173,-1.1821767232104368,-1.7264358983332158,-0.10987547481340107,-1.3143417781798137,-1.7361096844880048,0.06003442203043474,-0.9620543293059626,0.47915845535686497,-1.1617142414742971,0.07570085599014598,0.454452897604757,-0.9988962268799304,1.0528784338846942,-0.10757696473230068,-0.4996344288295724,-0.16232298110691515,-0.6830664346645872,-1.3301810901468922,-0.652650098317547,-0.8462601609645926,0.08855365593368258,-1.2245650622145063,-0.5272301766379721,-1.122832551260905,-1.0578926496396663,1.0528784338846942,-0.8966263524071398,-0.6867865605520419,-0.8442376019059996,-1.0478751924929774,0.4978263282647231,0.8051369303409694,1.4374643260506845,-0.06022594712090405,0.08898607905331873
plasma_ssa_239,Case,-0.7190596929019851,0.9419061213731201,-0.8421182333478804,-1.0215738913799381,0.4593852823876096,-0.9743841902134633,-1.097329906860926,-1.4112386556787393,0.016799553720824027,-0.5024954549637511,-0.19017590918168087,-0.7460651534351109,0.5151071350857872,-0.6140444530865082,0.5077993218195765,-0.4230709443348212,-0.2538268626915831,-0.5784395504715422,-0.4377241406294624,-0.5214279347477851,-0.6891059142118605,-0.5718784312709099,-0.675598818628292,-0.19101953707109773,-0.8548321336599117,-0.660768871115287,-0.5103675874273685,-0.5800418426847724,-0.4230709443348212,-0.3670439734986101,-0.7515999566489471,0.45324534966621877,-0.06577185743158066,-0.07021819068807948,0.27536451133973805,0.1521790256916297,-0.5571895331241655,-0.8815223470927762
plasma_ssa_247,Case,1.1680089820488018,-1.872168941860084,0.683127364030987,0.0695114228861462,0.6414720435696057,-0.36285726551703235,-0.26356024847821347,-1.8075000689111862,0.06169719086640086,0.47680124308217453,-0.8658631698553868,-0.8197840636661626,0.5402212182524803,-0.8926488427477399,-0.6958290686751277,-0.4232699882391833,-0.9993432605520072,0.3627227340606176,0.03235277036345321,-0.20192599296454192,-1.1328624054351537,-1.4235452784593061,0.11100220600136461,-0.3520357448521752,0.5250709744530553,-1.4761102238560735,-1.1652534643096852,-0.23560091068003866,-0.4232699882391833,-0.9982591343218411,-1.236271722418834,0.6942122702864192,0.4531086927764756,-1.3801717141315228,-0.9796716289971401,0.07252701962283457,0.5382842621462217,-0.6717315010255738
