database_identifier,10Z-Heptadecenoic acid,"3beta,16alpha-Dihydroxyandrostenone sulfate",1-Carboxyethylleucine,1-Carboxyethylvaline,1-Methyluric acid,1-Methylxanthine,PG 18:0/18:1,2-Acetamidophenol sulfate,alpha-Aminoadipic acid,2-Aminobutyric acid,2-Aminocaprylic acid,2-Hydroxybutyric acid/2-Hydroxyisobutyric acid,2-Hydroxycapric acid,2-Hydroxyglutaric acid,2-Hydroxymyristic acid,2-Hydroxyphytanic acid,2-Keto-octanoic acid,CAR 4:0;2Me,2-Methylbutyrylglycine,3-(3-amino-3-carboxypropyl)uridine,Hydroxyphenyllactic acid,Cholestenoic acid,2-Ethyl-hydracrylic acid,3-Hydroxymethylglutaric acid,3-Hydroxy-adipic acid,3-Hydroxyisobutyric acid,CAR 18:1(9Z);3OH,3-Hydroxystachydrine,Ketoisovaleric acid,3-Methyl-2-oxovaleric acid,3-Methyladipic acid,3-Methylhistidine,Hydrocinnamic acid,4-Acetylcatechol sulfate ,4-Acetylphenyl sulfate,4-Allylphenol sulfate,4-Ethylcatechol sulfate,4-Guanidinobutanoic acid,4-Hydroxyphenylpyruvic acid,Ketoleucine,4-Hydroxystyrene,5-(Galactosylhydroxy)-lysine,5-Hydroxylysine,5'-Methylthioadenosine,6-oxopiperidine-2-carboxylic acid,7-Methylguanine,7-Methylxanthine,8-Methoxykynurenic acid,cis-Aconitic acid,Adenine,CAR DC6:0,Adrenic acid,alpha-CEHC sulfate,3-Methyl pyruvic acid,Arabinose,Arabitol,Arachidonoylcholine,CAR 20:0,Arginine,Aspartic acid,CAR 22:0,beta-Alanine,Cryptoxanthin,3-Hydroxyisovaleric acid,"CAR 4:0;OH,Me",Sitosterol,CAR 4:0,N-Butyrylglycine,Capric acid,N-Carboxyethyl-gamma-aminobutyric acid,Catechol sulfate,C-Glycosyltryptophan,Cinnamoylglycine,Citrulline,Cortisone,S-Glutathionyl-cysteine,Cysteine-S-sulfate,Cysteinylglycine disulfide,Cystine,Cytidine,Decadienedioic acid,Dihomo-gamma-linolenoylcholine,Dimethylarginine,Docosahexaenoylcholine,"13,16,19-Docosatrienoic acid",Erythronic acid,Ethylparaben sulfate,Formiminoglutamic acid,Fructosyllysine,Gabapentin,gamma-Glutamyllysine,gamma-Glutamylcitrulline,gamma-Glutamylglutamic acid,gamma-Glutamylglutamine,gamma-Glutamylglycine,gamma-Glutamylisoleucine,gamma-Glutamylleucine,gamma-Glutamylphenylalanine,gamma-Glutamyltryptophan,gamma-Glutamyltyrosine,gamma-Glutamylvaline,Glucose,Glutamic acid,Glycerol,Glycine,Glycochenodeoxycholic acid,Glycoursodeoxycholic acid,Guanidoacetic acid,Gulonic acid,C16 Sphingosine,CAR 6:0,Hexanoylglutamine,Histidine,Homoarginine,Hydantoin-5-propionic acid,Hydroxyasparagine,Hypoxanthine,3-Indolepropionic acid,Isoleucine,Isoursodeoxycholic acid,CAR 4:0;3Me,Kynurenic acid,Kynurenine,Lactic acid,Leucine,CAR 24:0,alpha-Linoleoylcholine,Lysine,Maleic acid,Maltotetraose,Mannonic acid,Mannose,Methyl glucose,CAR 14:0,N1-Methyl-2-pyridone-5-carboxamide,1-Methyladenosine,1-Methylinosine,N4-Acetylcytidine,N6-Carbamoyl-L-threonyladenosine,N-Acetylalanine,N-Acetylcarnosine,N-Acetylhexosamine,N-Acetylglutamic acid,N-Acetylglycine,N-Acetylhistidine,N-Acetylisoputreanine,N-Acetylleucine,N-Acetylphenylalanine,N-Acetylvaline,N-Methyl-proline,Nonadecylic acid,N-Palmitoyl taurine,CAR 18:1(9Z),Oleoylcholine,Oleoyl-EA,Orotic acid,Orotidine,Palmitic acid,CAR 16:1,CAR 16:0,Palmitoylcholine,Pantothenic acid,Phenylalanine,Phytanic acid,Picolinoylglycine,CAR DC7:0,Pristanic acid,CAR 3:0,Propionylglycine,Pseudouridine,Pyruvic acid,Quinolinic acid,Ribitol,Ribonic acid,L-2-aminohexano-6-lactam,S-Adenosylhomocysteine,Serine,Methylcysteine,2-amino-3-methanesulfinylpropanoic acid,Spermidine,Spermine,Sphingadienine,Sphinganine,Sphingosine,Sphingosine 1-phosphate,Stachydrine,Stearoylcholine,CAR DC4:0,Sulfate,Hydroxypropanedioic acid,Thioproline,CAR DC5:1,Trimethylamine N-oxide,Lenticin,Tyrosine,Uric acid,Ursodeoxycholic acid,Valine,Xanthine,Xylose,group_type
MICH-01577,0.4800924660015109,-0.5626134275803627,0.432763850986044,0.9650866559824098,0.3848447562746003,0.5900388135890222,-0.367770111687361,-0.2430907389279006,-1.68471897661613,-1.4380607487179933,-0.0767456247120216,-0.84636827655346,-0.9029600789994764,-0.5204192682269477,-1.071813034278853,-1.360624877563103,-0.4834540108852097,-1.052680868784674,0.4604487801523197,0.4834066112952476,-0.9098137180583212,-0.7298828962456835,-0.9860397099183034,-0.10158813335155,1.643326197618111,-0.2178312978456957,1.693122301680006,-0.3466376357846755,-1.5590447607044244,-1.6949068586368767,-1.185299330577471,-1.028160234434504,-0.7764677923108466,0.7054059324802584,-0.5382990745969287,-0.892792632102216,-0.8612083022666125,-0.8293923027195405,-0.1128951467220512,-1.8776902762976604,-0.1028215721010814,1.0386590457994025,0.8986647865429638,0.4121024336400757,-0.5407493489777114,0.2296859262370768,1.3673054372107027,-1.1552594271145402,0.8378205758691916,-0.5460059410096855,0.5967081820511787,0.6191704286659335,1.1054351808134764,-1.196843540467846,1.0425093825671137,0.5859570647701687,-0.9198500010497674,-0.5629905173452344,-1.7140394007334885,-0.5065512993643797,-0.0382394931727042,0.4181379107126197,-1.380156386213497,-0.892403097113512,-0.424709356255968,-0.7697076742420447,-0.5489514005118131,-0.1356254533409427,-0.7435558988556731,1.0516334960822418,-0.1371200017365667,0.3210378387556079,-0.501125357436476,-0.97749134066168,-0.6347941363449683,0.7392277709863327,-0.4227346404442909,0.173022167863811,1.1127118230567696,0.5786704236507251,-0.6332706718320498,-0.866827503759058,0.4708573541327895,-0.7732725493566283,-0.0815889943957399,0.9663458488399808,-0.26786133014303,-0.5782858433959308,1.041152926177871,0.2397792109261548,0.662210704705341,0.0357383862284265,0.0629435025623812,1.7001528632770897,0.5728451291871796,0.3168714759290347,-0.07333438122164,0.5536000181715314,-0.3670228645902569,0.7495161622943677,0.1305045508367628,1.4092826218686767,-0.8084772911577245,2.109023990466184,-0.0841927211010102,0.2041477906994191,-0.6942207708018414,-0.2276585096045091,1.46809570234744,0.034460940495625,0.2435502866267679,2.7029851642886604,-0.0113871555140159,-1.5744521273341934,-0.0181007648221463,0.7062141500179444,-1.0373312988438632,-0.9986626599814727,-0.6089974174822315,-0.1837952318773103,-2.032195684653597,-1.2289864934264636,-0.4904980582614274,0.9703780034557298,-0.8678614042110269,-0.1444577181679546,-0.921332016979068,-0.5340971433813855,1.5770333736132511,1.038305265727222,0.7292236160084504,0.807591302214687,-0.5244753251328478,0.0158496235756024,-1.151497079192929,0.5660054909693109,0.6945845156643903,1.3133570975384097,0.7152938948227457,-0.0039961033510469,-1.26539285008028,0.6263716057334295,1.778125242346256,-0.8077447350569938,-0.8124771342495395,-0.9110554593767008,-0.7866419414838691,-0.9861729695665932,0.1001590991831351,-0.704365524639619,-1.1307487397149532,1.6661262830006904,0.8701678894404337,-0.8588605977161395,0.9819524692523156,-0.2768727886982588,0.2162205058666735,0.2620410920638102,0.9843415322972447,0.0476467712478265,-0.9044793378776772,0.4710303610730222,-1.678416885181927,-1.598754144683838,-1.193983635568139,-0.2814592887718064,-1.2208389169898328,-1.4321576636354096,-1.490819714642699,0.0906046115640712,0.515835080084465,-0.178075234009579,1.6645348355139111,0.0403377293185975,-0.1108037650618587,-0.9279080040049308,-0.3789919099415709,-0.9675418557486848,-0.7398655250714984,-0.439604501928111,0.5514705261099105,0.1671880197485994,0.1063938463112296,-0.0396913302422091,-0.1568072747096917,-0.6204321552459989,-0.8654646620999068,0.3695148513091632,-1.2981103890104029,-0.790100075819616,0.2573956209401091,-1.259128503212566,-0.644479368350229,-0.2231421249593555,-0.9646737829984504,-0.1666859421388118,-0.39294504678533,-0.925674209467133,-0.9963293973319624,0.6737799597276675,Control
MICH-01578,2.3821376593843384,1.5688595738682052,-0.718731696768827,-0.9147518940037168,-0.282889418741141,-0.4500973656966896,1.2564717654771789,3.3886661824804194,0.9839910328807115,0.6257175189504982,-0.7544223526588381,0.1863703849907323,-0.1965023174114163,0.0723786256267725,-0.1069546935641902,-1.0370080081111697,-0.2955352472262464,-0.4842989870265854,0.1044157934993214,0.8761048247744294,0.6261802200286704,1.0712510442189465,0.3591162051445695,0.6816434070808449,1.237473044741662,-1.5257705895452611,1.957073760267389,-0.7106425460416812,-0.2314300380989104,-0.1128236562898497,0.1741722918436713,-0.5284058418697474,-1.003463071044402,-0.9378677057543175,-0.5382990745969287,-0.3114923963724318,-0.8612083022666125,-0.9598989917924996,0.0689158129268029,-0.2190376809878889,-0.7479734793872779,1.4811103512773416,0.2242884450720534,-0.5201405912574879,0.3512823913993987,0.8332643906089551,-0.5583825322032443,1.8367158271222133,1.1457236627691123,0.1860584800197795,1.0171778758771772,2.5161761400289677,-0.614221283724527,0.0305518823438757,-0.9212733280314938,0.0515088489673251,2.2680610776836456,-0.5415412209415263,-0.281625147107976,-1.0232894290137748,-0.3111265522749871,0.0907531869353527,-0.4650058285865727,-0.0514363030414473,0.1582713472038479,0.5618274693035596,-0.169613445628895,-0.5565854385623765,0.2205320227169758,0.5926315127185954,-0.7309172558396597,0.9178788789455165,-0.8605388456140789,-0.6294524515686218,-1.6056793798686406,0.0655172429386083,0.5238833217237299,0.4525708020987076,-0.1993268361537791,0.6502485549565076,2.098760020903332,1.100177231257868,1.2509311046457186,1.750757021550873,1.107965861878071,0.9039372721257192,-0.26786133014303,-0.3053516318527747,-0.5559430595711594,-0.2575159443865855,0.3377021911481014,-0.3183835282169702,-0.1258367172345512,0.7421398340728015,0.3317622858267833,0.5058111020226275,0.6798580185248277,0.1203545850844287,1.1834608102188675,-0.7493383454955493,0.5646820122844342,-0.6290590589925006,-0.5054689527530504,1.4632003543579086,0.229753156516122,1.3033930071141442,3.893649614343345,0.0130604432905618,0.0065212443194626,-1.191085707030411,1.4012430405480285,2.30977784886135,-1.2263478884348138,0.0293544938594577,0.1925529893691935,0.7569444255760309,0.3707933263697175,-1.3016640199566474,0.843227664623506,3.0267999836068267,-0.669933082412519,0.5872481024999252,-0.0696367098151998,-0.9526924451985304,0.9457599992241962,-0.0121811683421623,1.1710295630472718,0.2740368234313862,-0.4444786287963275,-0.3079418087226656,0.5231370799795619,0.335407791352392,-0.9626796732161172,1.6678529893639829,0.0802035296586827,0.9136351574893944,1.4778571453401153,0.2016766938993747,0.53523109192051,0.6175019420242632,-0.485031417600929,0.1743436338653247,-0.0299357612516855,1.010497579649407,-1.054013001105791,0.9322383155936236,1.198382839260441,-0.489711068859252,-0.4239150575442504,-0.7957645178921825,0.7987892727459647,2.4227550028514724,2.908708091871411,1.2575752824357207,3.2698155450105344,0.2999769878741388,0.0635561900693631,2.1789390004791644,2.585180985530465,2.760636507429516,1.739518680881754,-0.6731749009287595,0.2671825304348705,-1.547518339805642,-1.016078204385946,1.363183074653309,-1.2208389169898328,-1.0981077625591622,-1.1070273342282977,0.2013611014213317,-1.3036154571150629,0.15441463632662,-0.2266784509512364,-0.5448291510176703,0.3705867347809377,0.204056330131827,0.8398142586777299,-0.0787117077094333,0.4722913477568292,0.1974784939934485,0.225178849701266,-1.01013182065272,-0.991351730649564,-1.109281723267055,0.4431205706510236,-1.055342755931187,1.2328422065640403,-0.6629997932060454,-0.6892925599739925,-0.9521971566743874,0.2573956209401091,0.2661290618497571,-0.6778879024215181,-1.479921424768179,0.2112182610560738,0.6403839802262097,2.98144973690227,0.3816771509419101,0.1268597874723721,-1.0846829110750758,Control
MICH-01579,1.8121049629646209,0.4979609118541044,1.6280339818255052,0.9253774031608608,-0.9536280746251966,-1.1870612656263368,0.3115994216914526,-0.1183233035889127,0.0414124776925074,1.1896870338860022,-1.001303112185763,2.7218779674185303,-1.3218332524078555,-0.2180907603856764,-0.0854156562053461,-0.6550607053930089,-0.9591382566214642,0.324093066522029,0.2846248299019108,0.5199426219471416,-0.345986358724382,0.7407576150484579,1.2442219060115534,0.9534663897247344,0.4973936445663157,0.9145548391434464,1.905637329758789,-0.7106425460416812,1.684867818581491,1.4383147790888458,-0.0858703519494361,-0.8545456093829412,-1.003463071044402,-0.9378677057543175,-0.5382990745969287,-0.9838569652389676,-0.8612083022666125,-0.9598989917924996,0.3850076398078363,1.4639759614940588,-0.5370507320407858,0.3484474295723982,0.969419650493089,0.7743134567963518,0.2135593799074551,-0.4099478919928503,-0.743750367564215,0.3654363573440005,1.0444368884509967,-0.5119376393409408,2.532916264485886,2.889171544064061,4.499802604001483,2.734449390519732,-1.2673805219356435,0.6257389335079679,0.1328244301789907,0.3848477876759785,-0.8391186380311532,-0.2453160957562953,0.0954360758392774,-1.8110899926659407,-0.93103528114477,1.1382717455914533,1.315161861874334,0.4778462366336912,0.8265916577455569,-0.5331889649572508,-0.4721979918795504,-1.201241744024484,-1.4214941297676462,0.3210378387556079,-0.98341945001652,-0.4365349804287677,-0.8809338749202071,-0.6961343091249922,-0.2783529062315626,-0.117655662484426,0.962964323277629,-0.7034310280393267,1.471097466750102,-0.3322846886037134,-0.789349169854769,0.0396909944443287,2.029118225653904,1.7600911926255385,-0.6096611431350503,0.7282748969505498,-0.1309841449600161,-0.2575159443865855,-0.1959256965482019,-1.158643002998791,0.6380473269577625,-2.108742280724756,-1.5145505110036224,0.1642604850584196,0.0790951801409198,-0.0007277029096776,-1.1885843432512828,-1.324605313992547,0.3897139483495203,2.1416752223144644,0.7155621477044508,1.218837521154129,-1.2764152715672088,-0.8076720694138092,-0.4649881963042615,-0.8643102450648406,-0.0213517835910199,0.6801345964761121,0.4186834032134968,-0.096705271223933,-1.9219826843058905,-0.4674993386063494,1.1536178946962825,0.6550268387955607,-0.520884219057836,-1.1780717771176965,0.6378692394426382,1.4047477898452698,-0.2836297479479084,-0.0843830834767858,0.041067641215682,0.8195643648952663,0.611260850401983,0.3625898683724462,-0.7941389348704375,0.5122006853895896,1.1490204153673782,0.6251956422859876,1.041166365375558,1.4149348063622895,-0.9626796732161172,1.3908987839475602,0.8141615169575253,1.0838117266456893,0.3218250827180699,0.076531349118304,0.6437647495927771,0.6676951269605298,-0.3396484617525624,0.4971537150001674,0.1918070886287717,-0.4849413663838186,-1.1163203802817765,-0.6079974267676729,-0.8878130109763329,-0.6095856846965596,0.9406100635419842,-1.0776762329222005,0.7178888282709792,1.636901031848874,0.531576049022921,-0.2952439584654401,0.9118230136462518,-0.9119607182159196,-0.0025386018973191,1.4787087938494514,1.568933361444166,1.8394635192632285,-0.2748936298218321,1.7036635168760803,0.8388957265559003,-0.9454477021323244,0.0907038634919402,0.2211840852108368,-1.2208389169898328,0.25181362194316,-0.2488181316314517,0.527260762968754,1.2030130157040262,0.930591308061648,1.2862614115579292,1.987781700812972,0.1341686968110173,0.8438162096337184,-1.560140307329717,-1.153278757093032,-0.8140362155134362,-0.4062768904763189,0.0696183339131208,-0.156405210331741,1.0859348787113918,0.0081650956057671,0.2018512459440757,-1.0867836440916896,-0.492819078827554,0.8463240725054507,0.330753115098103,-0.0858900576962909,0.2058307452019467,1.0900120915296732,-0.728807275080559,-0.8181490932240327,-1.3115611232305509,1.3619561160010791,0.5197511800173135,0.5306051077888869,0.0300590616649505,-0.2841491608577657,Control
MICH-01580,-0.8202005434903198,-0.945869539966832,0.3933456260660897,0.0906753747623959,-0.8496702451342147,-1.1870612656263368,-0.6268868849168913,-0.1692557406547966,1.0609080615492932,-0.1519547971548108,0.6706234310029472,-0.4084051072409541,-0.0728434355026671,-0.7555507629065413,-0.5382713488324457,-0.1239759194532005,-0.0316161476725911,-0.0483678363948586,0.963622383075756,0.4098122278108933,1.3646861853264252,-0.5421472739617766,-0.5323644707463081,0.3700692524087711,-1.2199564174645738,-0.2364141620669812,-0.8086834984094786,-0.7106425460416812,0.7221828275035864,0.6776935571194144,-1.2104145758723768,0.7448656128124161,-0.1392724830987973,0.7820822906120815,0.0028477067432849,0.1042601366071699,0.5130652009893546,0.1963548943044663,0.978283788359746,0.5849053886747682,1.045193534440097,0.1315880071107764,0.1191925194209451,0.5180915278329842,0.0236160993053844,0.8332643906089551,-1.2651286052364847,1.4323532476082186,-0.6159980512543592,-1.188246868416856,-0.5517721844194237,-0.9277653591748988,0.6331600572985532,-0.1917200499341265,0.695175415378278,-0.2066979523255191,-0.7312815217014068,0.6913064536418072,-0.1837220540204073,-0.4098292657699389,1.620855107727467,-0.1829778040580392,-0.7215537441057904,-0.1803935634808053,-0.1356938951545544,-0.7697076742420447,0.4836619964236249,-0.4638778517091342,-0.4909067680359903,-1.201241744024484,0.1730844519520581,-0.6381956580903436,0.0910568574168407,2.080459773734887,-0.5323578736223727,-0.9265009418683332,-0.0025237045070741,0.243918999323466,-1.2475784697471828,2.4396827441559927,-0.2802492393725481,-0.866827503759058,0.5375854612355997,-0.8496310419816804,-0.7993055250511769,0.7774825273803816,-0.6096611431350503,1.2051397430672666,-0.0257776337630154,-0.2575159443865855,-0.0966300871083801,1.09431658783164,1.604038462309966,-0.1746027163220062,-0.7022503651018258,0.7068840599837125,0.7070091860505462,0.8257957444686738,-0.0066211792268535,-1.324605313992547,0.1305045508367628,0.4897145734298677,1.0836633155856972,-0.5735526686339472,-0.6789751531418378,0.2997553484934047,-0.1244586629486033,-0.8643102450648406,-0.6721981056738265,-1.191085707030411,0.107677686837957,-0.9735039765827472,-1.474142671078241,1.1374248108019545,0.1925529893691935,0.1723237160946535,1.4076501068351066,-0.3565387125306034,1.0041664396599308,-0.8813081948415088,1.786391491698078,2.096896653101106,0.186117895236757,0.753600836288153,-0.3788429679348559,1.3602362424858052,-0.7402311921567762,0.393705374398361,-0.4074497811750311,-1.3784415696917327,0.3295615507595142,0.4637042402705406,-0.0317593226440779,-0.3126615781260133,1.304745365682834,0.682983922350818,1.722839392124847,1.6512939159720093,0.9260434783662675,0.9151779723808292,1.4047228448853986,-0.1681418257965571,1.143539707355893,-1.1343436383554768,-0.8124771342495395,-1.7572984290419322,0.1087937750506542,0.1256067481738121,0.552036737411232,-0.8075629224322045,-0.8832198457530186,0.1124838087980744,0.2415863338669313,-0.8305932022910568,-0.8457972800994962,2.125540317192971,0.3846089122359938,-0.6691272469000928,-0.5472149442605883,0.3342008933844931,-0.8744895394680215,0.0871492727180292,1.047663505814582,-0.6813587748581407,1.9571783155918383,-0.9725557813500464,0.3916064905131271,1.713862445514217,0.164813983444528,0.6867514799028225,1.0592820346934864,0.0320161610751709,-1.193727398486613,0.8956282487713675,2.4662188787393284,0.2846655472641822,-0.976522042203649,-1.028692894380427,-1.110205962673266,-0.0904680101602272,-0.810476889465825,-0.9591638285141474,-1.0082215323255028,-0.8421440803450555,-0.5721228423062914,-0.9942187846353,-0.7151526059382568,-0.2354639867797143,0.2426152346195466,0.2973239909962343,-0.3788539187082159,0.5295855706668152,-0.9992729706152844,0.84883260693394,1.3537481427090334,1.3904259175954303,-0.0865920831092583,0.8555764985813368,0.6499942801447319,0.6112075458147908,Control
MICH-01581,-0.1228106054970842,0.7539348407325921,0.366746588441678,-0.2783937780920543,-1.0801349216610474,-0.882873130988771,0.9621746939218886,0.00768493847191,0.7273116169260379,-0.2651401035996075,2.3032476255258465,0.3167095657313944,1.3376363504890567,2.784791939410319,0.1037031775110889,0.1391466767938171,1.368036981732363,-0.2400764122687524,-0.1556742616032369,-0.2861194471598959,1.530511079135196,1.025241648364354,-0.3184555111208883,1.506300121958364,0.2082294185072062,0.2176097133419509,-0.6116304050426853,-0.7106425460416812,0.1964345103674245,0.4347117644761453,-1.2104145758723768,-0.0153161574396829,-0.986362873957394,-0.9378677057543175,-0.5382990745969287,1.480299648509945,-0.3495689832446696,0.2311822140613428,1.642560775082783,-0.1510488281617062,-0.37761453220897,0.7713882017439257,-0.0259240292645746,0.7240315070932324,0.2829104389191462,-0.2464228310551577,-1.2651286052364847,-1.1552594271145402,-2.896945469930526,0.607415384363319,-0.8248423791470335,1.1020023849883898,-0.614221283724527,-0.7924350212251733,0.9627212404064164,-0.2944999427775643,0.4716455542742706,-0.0598148582097196,2.689004242299268,3.885068909171021,-0.1929929872787661,2.0203396156642683,-0.6790709707483186,-0.4508603254074475,-0.2062714751746139,-0.3784221243969681,0.865265688626945,-0.2418268157129738,-0.5476328558832014,-1.201241744024484,-0.5220400078228379,-0.5988596474620528,-0.98341945001652,0.073330547085556,0.8501852126713734,-1.1548791808938852,-1.2216958204054889,-0.6161699794683105,-0.4210077375127512,1.497291971647991,-0.2961345987031137,0.2298452767452367,1.3139776476624223,0.0496297324164396,0.43528089722031,-0.2120134618837462,-0.6096611431350503,-0.2707720166522029,1.1547301837392856,-0.2575159443865855,0.7979396045824395,1.0229410156367154,-0.4082981249992867,1.435058558330056,-0.3793643933426532,-0.376841634061761,0.3727344202685412,-0.92547951950733,-0.2300490137035356,-1.324605313992547,-0.0458959807624341,1.4817307593881786,0.94715330175231,-0.0127605321099783,-0.0841927211010102,1.0474688646441392,0.8486277124193806,0.8401764493417655,-1.0616129613954235,-1.191085707030411,0.4826754568023562,-0.5278685825513585,-1.2263478884348138,0.9761274663264996,0.0740005713247676,-0.1146945319513986,4.229304964217024,-0.6703864305985457,0.4276555581142826,0.0657424067387851,-0.0810017743500984,-0.5265095791401713,0.004351782561077,2.248658030210087,0.3519148632964151,-0.3740437719555213,0.1125455815222041,1.3657146088896257,0.6462684059922754,-2.000870734185609,0.2632142296640726,1.4993985663845246,-0.9626796732161172,0.5964715347944213,-0.3872441325257868,-0.4124487977224969,0.0855328207097569,-0.5936558397701424,-0.4742931988931332,0.8661386578780171,0.463407771273256,-2.244841657214751,0.9317261987404192,0.0891029574432,-0.1013365918776173,-0.0771240719693496,1.8453278106090985,0.383549027162929,1.4744516915316523,-0.9563278467178266,0.3865814362366457,0.6294151855966821,1.2214705350561657,0.2630261140736458,0.6467913926292829,0.6935678084210868,0.2408911524845154,0.5695395374140508,0.250986727121418,1.1024608177759312,0.0960392707967446,0.3377097044689644,2.1775701268660037,-0.226472093793197,0.0351061526244125,-0.9725557813500464,-1.2208389169898328,1.232299760237474,-0.0630559499361763,-0.9583302144610788,-0.0735895791418618,0.8838112260768297,1.2862614115579292,2.160966674727475,0.2702737859869298,-1.9312093592881248,0.4510114061865586,-0.8178494553576267,1.2539179821789943,0.4365664908200238,-1.2253464423696705,-1.5844585803827218,-2.100684963043495,-1.63612669239474,0.7097114357783925,-0.9644929512316772,0.4664052858871018,0.88386178755967,2.3301277367211157,-0.4108220486256703,0.410579778195056,0.0878494841827261,0.6534387765484835,-1.0055923824143609,1.7494649665505793,0.9503695222847228,0.0487345546941355,0.1913969372227718,2.9641791361498107,0.7046483853559213,Control
MICH-01582,0.3637446669119485,-0.9025811955279436,0.5225821293985186,0.8440627798361059,1.1502743063205212,0.6406046206064687,-0.5215157007244233,0.9189678909124744,-0.265803639208349,-1.4679644107618526,-1.001303112185763,-0.9591188273645282,-0.9782932491001104,0.0008223201799303,1.726207212132168,-0.0697191831306607,-0.0316161476725911,0.4074290134668198,1.1238508512830123,1.7939870022187645,0.2076130552924315,-1.2996715798799,-0.3184555111208883,1.0729952669184202,0.6667613521802356,-0.8227124808654718,0.3286192388846759,1.3784004510174093,-1.256515566501877,-0.636073377035073,-0.1958103510779959,0.8475270640992417,0.2715942129621583,0.2229242414852972,0.2021754961538815,1.3773081024263156,-0.8612083022666125,0.3104844446055787,2.2770093561437363,-0.901880937508212,-0.5845925595062926,-0.3266388998168021,0.1545690843516733,0.6987140340415381,-0.1238957975735393,1.450902825886341,1.2688422189449322,-1.1552594271145402,-1.5063497738959626,-0.6860029742464399,3.061459295791802,0.3191237429883085,2.136636873948591,-0.8377503326432175,0.6804151139590963,1.0517286477481893,-1.3984610215778668,0.0881722355421159,-1.2664018503256085,-1.0232894290137748,-0.1642169571555834,0.0421219106463981,0.0472480009309055,-0.790183876268423,-0.277943324745661,1.0192251204681129,0.7482287954458682,0.6019285908900435,-0.3081186151502057,1.204022859061676,0.0657966552826502,0.7569526360526061,1.158389307865925,-0.4365349804287677,-2.4784432065233126,-1.1548791808938852,-0.1383692759181315,-0.6959775091417518,0.3657179145408061,-0.7034310280393267,0.383624135595952,-1.1223994367761407,0.1322574606450133,-1.1881910328481486,0.4966493954232353,1.3002954147885777,-0.6096611431350503,-0.007648320724259,-1.3484061751490954,1.78815360214924,0.3847496492477631,-0.3678920009749962,1.218316743693827,-0.7219912382427748,0.3932072428828805,-0.3271334773361892,-0.7946132882102499,0.2390150642139094,0.5064808075995835,0.3467178592116142,-0.1475235503908484,-0.9088543440293336,-0.0658069319903186,-0.0549960245016404,0.0749406685878065,-0.4861132616361592,-0.557619891243693,-0.8643102450648406,0.6372355147776979,-1.191085707030411,0.4401132242109737,0.0524671341585307,-0.805959295641136,-1.273397156461016,0.2501135566647424,0.1723237160946535,-0.221092734460494,-0.3454371445991052,-1.2532407802155283,-0.0220917278529802,1.5547141227305856,-0.6646566207658806,0.6047917571907068,-0.1876502069037256,-1.1227735215237904,-0.0999275163370763,-1.3271485394540603,-0.0922465076331112,-0.2280823587233102,-1.7618516349925533,-0.2793599845576813,-0.8820175619645226,1.1376144212499295,0.3584814422497034,0.0195004564968208,2.51734878130275,1.3511893667434516,3.0641447001724558,1.198501800598226,1.440234103521181,-0.1530495260510543,0.3648951259540023,1.819452389540056,-0.1383345174208918,0.2660858488344584,0.0797560954586656,-0.5252928234141061,0.4833503398211323,0.8982354711090212,-0.018393934757361,-0.9321677921469832,-0.6020128891495011,-0.1651241456596337,-1.3603180889749824,-0.035305160320109,-1.1265975063965985,0.1535970598913939,0.0133462320710383,0.3243732982897748,0.6887104039481493,-1.379938630331727,1.008098688679889,-0.1767390548570934,-1.1192115225628692,-0.1565003533323085,-0.2071564090069818,-1.2208389169898328,0.8103967394180279,1.152227184352875,2.6669872369758694,0.8229642981871235,-0.5516151017311876,0.7280817319808067,0.1204071932069599,2.0129716282495256,0.5709876393775359,-1.2372762075665842,-0.8178494553576267,-0.8901336313043494,-0.7744282857931666,0.2845426353368003,-1.5844585803827218,-1.2550846411000474,-1.4592267563856212,-1.70066213811347,0.7510992348828833,-1.2962837225592516,1.173364217801253,-1.090601231314761,-2.273546092097161,2.092362996790432,-0.0367567354918785,-0.1605241652838036,-0.8181490932240327,-0.9646737829984504,0.6403839802262097,0.0764330230803976,-1.2436549825825238,-0.1947988884270793,2.388294470963386,Control
MICH-01583,0.4964187302599969,0.1035105010578018,-0.3998224886096839,0.2309021469393498,1.5418884753631308,1.0847554919439266,0.3765725680188601,-0.6800773866003661,1.561170454192792,0.8989541204743731,-0.9421412097511148,0.9721856701760788,0.0471778880515525,0.1432501712377413,-0.8606348090529532,0.5970815481011503,-0.8715396970108006,1.1231849956262334,0.7331606862281783,-1.3701559455664094,0.8714147314160178,-0.3014453973668693,0.3856638634987499,0.3700692524087711,0.8925950781101004,1.4157475908831336,0.4414993794909539,-0.7106425460416812,0.3206897995620388,-0.3172548605739058,-0.252162426629956,-0.5984941916721708,1.230427515708974,0.2761360622424297,-0.5382990745969287,0.3429449161159197,0.0621545504219457,0.3104844446055787,-0.3754207005512347,-0.1510488281617062,-0.5092471086805069,0.2011752349349661,-0.5643842895257134,1.1137693228343748,-0.3539464118523844,-0.4650157944857285,1.5345687580833092,-0.1931804671711596,-0.6159980512543592,0.8715447670535281,0.3937103558827587,-0.4873277184610646,-0.614221283724527,1.216640869076088,-1.2673805219356435,0.4249835172053819,-1.3602216989894735,0.5652476796627348,-1.3763283894170864,0.2364142970051618,-0.1929929872787661,-0.0070030926222986,-0.477810156541353,1.3099850879375003,0.1801283226575688,0.2408774167647063,0.0665547552045287,-1.4260976668706051,-0.2201412756078874,-1.201241744024484,0.6399894110771469,-0.7977070503707312,0.1898804878249686,-0.3416265444660057,-0.9169466479623234,-0.6170972126425094,0.5635023074734805,-0.776666907819354,0.509746860127217,-0.7034310280393267,1.038636801878476,-1.1223994367761407,-0.8628753457470935,-1.1881910328481486,-0.7993055250511769,-0.1755431073461004,-0.6096611431350503,1.878875618878456,1.398504446822959,-0.2575159443865855,-0.3468568491833947,0.169575378529941,1.623550952217402,0.2632302906654514,-0.9940156136571896,0.7848755910248989,1.0235262698729684,1.5746235223239418,0.7517094539170797,0.9362599614406149,0.907998265087818,0.6498318055628266,0.372608192955929,-0.0762724197467077,-1.3096626526490895,-0.7504938730231377,-0.7526511592035093,-0.8643102450648406,-0.2786038519963877,-1.191085707030411,0.3755216938096781,1.1145240290189669,-0.6887994646684623,0.1521419812997828,0.5353823815742386,-0.542555445116977,-1.3637391720797811,-0.8203930936703626,0.470097760761424,-0.7155485062634861,1.0153509488985049,1.233704794342837,1.1597188249684744,-0.599061181454307,0.482527549120324,-0.1221369542682958,-1.2736204791239871,-0.5985582290348037,-0.7357419838559848,-0.4208195815034526,0.4808073095313694,0.6137604466665757,-0.9626796732161172,0.1739027338826409,-0.0214711971814772,-0.0362913404379774,-0.4786099412736313,-0.3357945134120326,-0.3102581570368929,-0.4951022301231492,0.6950242233923971,-0.2273079583736373,0.0262932007161686,-0.558428834126614,0.473904594199841,-2.637816676582136,0.3603950053135533,2.7157037187064352,-0.0869835258232056,-0.2606157448145965,-0.0905050162479024,0.2170225482594458,0.8400663899958177,-1.305656161450598,0.6959336239067078,-0.7728301353089576,-0.2539782340789663,-0.2819336775249543,0.5384307340315273,0.8793300774891109,-1.30467369760999,-1.0813158463556811,0.4122163016973071,0.2177456344888785,0.8824471164535505,-0.4355589440488775,0.6872322275745287,0.7883325140057365,-1.490819714642699,-0.9583302144610788,-0.1768611807601298,0.4267021181728278,0.0440455408793345,-0.7598121927731434,0.0997106061650529,0.3377882615995039,-0.976522042203649,-1.3134943995873292,-0.7953167538181544,-0.1666038022710656,-0.0743775122637766,-1.1693867035077277,-0.8597459672399712,-1.0797755417512824,-0.6110397530583564,-0.8370355139809597,-1.2606950503781624,-0.7160859840422942,-0.3521349105172173,-0.5834689997886261,-0.7121332556733787,0.8822138506601687,-0.0390032093709366,-0.788467647586168,0.2952033131399243,0.703518760700628,-0.0468589636947234,0.6767229348459547,0.5186785908238164,-1.0846829110750758,Control
MICH-01584,-1.2383477078286529,-0.9025811955279436,1.6280339818255052,1.781425237932118,0.6706520972279914,2.9656414592914477,-0.0746233886083034,-0.5604158578100482,0.3630150035506936,0.1505186581262068,1.4346500819295318,0.3006763825229034,1.039662339380271,-0.6370519148940955,-0.2163082216267871,-0.389124526668477,1.6803130477890786,0.8418388069008806,0.8657517061930403,0.5199426219471416,1.824320976076086,-0.2720882981461436,1.7031476455094758,0.7819449197804323,2.0494637688028283,0.3621206967588545,-0.8086834984094786,0.1137083673072515,0.523815049392052,0.7959633836461113,2.4646754055407105,0.9195231026021402,-1.003463071044402,-0.2976886137803062,-0.1415068381453094,-0.0867233978436322,-0.2883705624749003,0.3546214477327779,0.7533524460382388,0.2110309443026657,1.0323924578220225,-0.7368743155134059,-0.7408647954301102,0.7743134567963518,-1.1179713360169514,1.170257509769842,0.7268398190935025,0.4800615783025015,0.8028448287399954,-0.4615017598243856,0.0076171074412539,-0.6901823690744394,-0.614221283724527,-0.2494706332764073,-1.2673805219356435,0.5859570647701687,-1.3792503129010922,-0.4360610127912686,0.1979999307870616,0.2155792186508149,0.2230608626249521,1.3041172666598604,-1.6217388685115786,1.090193432993316,0.6758967075928093,1.983861181094441,0.6280566154456878,-1.4260976668706051,-1.2867113447150655,2.151967613736899,0.0041382792104675,-0.1059956894004897,-0.816650666382405,-0.0628438004128168,1.2642634409883713,-1.1548791808938852,0.0197319025932029,0.0653693639285893,0.3657179145408061,1.2726840531135035,0.637914340769413,-1.1223994367761407,0.0635224848969659,-1.1881910328481486,-1.2487032536282887,0.2483447921638157,-0.3657941409741317,1.043419093650811,0.9558862574259668,-0.2575159443865855,0.3377021911481014,-0.3928625393455418,2.052829553006058,-0.2884057921453238,-0.7539634916609934,1.065922287219878,1.2255683630263712,0.7723464984235076,-0.3670228645902569,0.7495161622943677,0.5817472285785558,3.6446219301264486,1.3600066164109863,-1.0021582749688258,-0.5316307863863269,0.7071494243211734,1.22671193438811,0.8721356691407582,1.2715633138048774,-0.2510781871292727,-0.4279919403891435,-0.1095377224397236,-0.4582324201529256,1.3318536723034722,-0.2955853012018685,0.0592502705291342,-0.0311137542715797,-0.1458853366211766,1.5079661863731193,-0.0506869562574491,-0.2606264744312943,0.6729570598260204,-0.2579452415825635,1.239622736559218,0.986706569919993,-0.0121811683421623,-1.3091377839191172,0.2137552774697599,0.4798323421055446,0.5064583619530987,1.2621873733636308,1.9418179505301305,-0.9626796732161172,-1.0638362105016947,-0.6425021253136817,1.3622782736383163,1.1996625701698924,1.1427186153026077,2.2318093692068217,0.2072193553578387,2.4632919449104405,1.0684034453535176,0.7119512611213655,-1.0102123560353842,-0.3359085610691922,0.2319987251118865,0.8073917440364777,1.6555525594857587,-0.5224877364081888,0.57046597049886,-0.7380001218945977,-1.2838653785212777,-0.4502709527500755,-1.3603180889749824,-1.0098587142736155,2.900710150254399,4.87607076412241,-1.2061577495876217,-1.1905634119791204,-0.9699749510906428,-1.379938630331727,-1.3913377212155718,0.5558281503501411,-0.7009351004540794,1.583644185038744,0.9088261113409054,0.2437661018794482,0.300833473402168,-1.1313675480758316,-2.25083212948567,0.1615890601135721,0.6127487527140779,1.3632149996810716,1.4489110095645052,1.123695532205759,0.1223090629813405,-0.3789919099415709,0.3363352729726026,0.544039891895002,0.4493495896520619,0.8059334478041317,-0.0835569655314943,-0.3039101947988719,-0.2200043307665444,0.0604310245259219,0.1163362340790005,-1.2962837225592516,0.348504364317335,0.153613243498086,-2.273546092097161,2.263544963612816,-0.5154609749057455,-0.5467186013670418,0.2493515910430392,0.6630768020189752,-0.0956591793109737,-0.381038945194857,1.3686127394890248,3.827030132511504,-1.0846829110750758,Control
MICH-01585,-0.4656400256724974,-0.2015232090358348,-0.0984433628047623,0.1017388714568614,0.3249660641180023,0.4059212132407674,1.9511568148812075,-0.6800773866003661,0.119466284245801,-0.8003042301739457,-0.7725759683140837,-0.7586763137856471,-1.2670615466280963,-0.7158401047646296,0.0830983671576666,-0.2351220598698202,-0.4834540108852097,-0.4424408025026465,0.1044157934993214,-0.2861194471598959,2.1806487062819144,-1.3351091527035268,0.4383890315822671,0.2895317126422413,0.6503608180765568,-0.0904129544625668,-0.1357004465106097,1.19126605213378,-0.916702550004192,-1.1642274743090693,0.6550826343335392,-1.1705956497260248,0.1309126688039004,0.1323423821262967,-0.5382990745969287,-0.6353641239859982,0.0521351912782391,0.1371316863270838,2.4078171499750893,-1.620087575762058,-0.7479734793872779,0.3744126278706624,0.631677266862464,0.1936779435126081,0.3285988236434778,0.7842451588633255,1.028704744849642,-0.7425850351446305,-0.1269099686484207,-0.8700201701363934,-0.5806109336307413,-0.8394988648638134,0.4048422246766714,-0.5952066835243351,0.3525065127963686,-0.5633561114161028,0.6671245524503426,-1.593400581050206,-0.3805588180030368,0.1525009704710532,-0.6470504432554618,-0.1067751069563466,-0.9626019302625836,-1.9789994964421052,-0.6279395200057635,-0.7258748538940726,-0.7101481358003405,0.1464195424852622,-0.4909067680359903,-1.201241744024484,0.1259691417800859,-0.4821148856771641,-0.4191190856007301,-0.4843725850847197,-1.8967455011750871,-1.1548791808938852,-0.725862546323898,-0.8993978015224273,-0.5936881365345124,1.862754758582977,-0.3121060579626706,0.64125291753248,-1.0858493471853798,1.210981024418673,-0.3431914671209599,-0.7036464526678486,0.7634397481242196,-0.357982375083774,-0.5734969246340789,2.1462263101647787,0.2904189052057104,-1.1886953031505292,-0.0711803048201541,-0.9281662682180976,-0.8858029236002796,-0.2779656373600123,-0.4230687431276783,-0.6804312169447038,1.2596254007988847,1.2344645778398824,0.2063710838875824,-0.8615972228763623,1.1832532216352882,0.0704702123101645,-1.177820716462369,-0.8076720694138092,-1.123976623524653,-0.8643102450648406,-0.2204149172302021,-0.1526887752078828,-0.2259071662751275,1.2767545914720986,-1.1652791793193895,-0.0206353714306093,-1.0065330408194308,0.4455375570571974,0.0382412934070338,0.4998884115630213,-0.3266999114126143,-1.0339418066904071,-0.6447192714062822,-1.454760276810081,0.2575799105003682,-0.3756993550650661,-0.7678960057876143,-0.5666352177548218,0.1792233170481578,-0.15438764663027,-0.1588853578783613,-0.4208195815034526,-0.5629260581454496,-0.0408498899687194,0.058595458278017,0.1739027338826409,-0.0214711971814772,-0.4124487977224969,0.2701779182809572,1.7946749504314805,0.2759794872842774,-0.3839967242713224,0.4235802359827929,1.456193795809705,-0.0299357612516855,-1.1826549185670077,-1.179436968801893,-0.9423655900406128,-0.2753725272034149,0.0457417619113735,-0.7736329111483552,1.9270899415278968,-1.231757790487791,-0.1048416821635347,-1.138663160379369,0.1058598275901574,-0.3809467417252355,0.1234588077886395,-0.1115718763845788,0.0852923764966934,-0.3219153094633992,0.089191576672884,0.2794505583449134,0.0545074467819703,-1.349227947848558,-0.8413429330599577,-1.016078204385946,-0.9725557813500464,-0.6248481325441356,-0.939133386843105,-1.490819714642699,-0.0212484950317493,0.1615890601135721,-0.6673852481836742,0.2200529538445676,-0.2311198057373829,0.4366457972739365,-0.5768711193665931,-1.7817773257671203,2.1621694654055936,0.8254062432940215,-0.7010301950850997,-0.9405398727545832,-0.1076113415057781,0.2090853724573512,0.4500649186840094,0.9987603493058608,1.3914817105900623,0.4029515065863887,0.1767807819990035,-0.164950332950629,0.7400771093938768,-0.8256329179049487,-1.4754940828873335,-0.2163831593551698,-1.360605722921158,0.7426834190917343,-0.1310800775426633,-0.917581720074998,-0.326390719162879,0.584764650961851,0.8696877582089102,Control
MICH-01586,1.6487645306849998,-0.9901307371727148,0.9964205938644068,1.248297640765061,-0.2306459417595484,-0.0048492100181977,-0.0274991691772222,-0.6800773866003661,-0.1194665883770619,-0.357797944888648,0.6396464702270528,0.6230497260381475,2.895181767096594,0.2829905433584611,0.1242091634542466,1.217820383479302,0.2604699468721694,0.9992615159088428,0.03105467765526,0.3355101951713272,0.0734154748246101,0.2842361447042386,1.7031476455094758,-0.3977595933796161,-0.4911097604182626,0.5609650027241326,0.3854512667227211,0.0767662629193062,1.2541012470531152,0.6177678109692056,-0.1221179435723783,0.8735786165290005,-0.0521696160497305,0.6585552804057028,0.4970469934486393,-0.1911516774683938,1.4711424562229714,0.3871861281712533,1.3482101713661272,0.3693561547949583,-0.1380490216647397,0.0889914202482583,2.542079683497468,0.3039934176180117,0.0957206500213219,0.3326740605071391,0.0508629301988398,-0.2722606786647761,0.8726398314364668,2.102554146507626,-0.6692858315058765,0.2238669931350259,-0.614221283724527,0.5645203701517383,1.6362746110180928,1.2386675331912864,-1.3226971721134868,0.2306515371768706,0.830837797725977,-0.941975325690694,0.3331843487184525,0.9729654961677956,-0.7794616460821828,0.2742249763488225,-1.1497515890180037,-0.7697076742420447,1.0352878817373026,-1.4260976668706051,0.0314042583610542,-1.201241744024484,0.5911221498066668,0.1106614799769566,-0.194412713876898,1.6761977556564598,-0.3000111166490019,-1.1548791808938852,0.6995393734525728,1.1391999319148751,1.133757164755803,0.6502485549565076,0.077368077074778,-1.1223994367761407,1.2509311046457186,-1.1881910328481486,0.6599716638800981,1.38876107857288,-0.6096611431350503,0.97620045808473,2.1387010208445307,-0.2575159443865855,0.9759259376785706,0.7823954680743905,1.0248600906993055,-0.2884057921453238,0.1851734236671352,1.1736272979309623,1.7254744075167143,1.827122317117428,1.9506150853190376,2.187871189462671,1.0762587672448558,2.971095404811489,1.375717771855079,2.246970995185474,-0.8302283109935105,1.6093801551040523,1.07282606112813,0.4438684546195868,0.8805609804518135,-0.8421922949304097,0.3319508625793714,0.6429786731560492,0.6259570031313353,0.8934425619253371,0.8546170025426463,0.7821407112870836,0.2184526620587404,-0.3016634649091186,1.0439500611623709,0.7796302111178129,1.7722802618973672,1.1189136124482146,-0.6900961974304546,2.298567760220547,0.5685552319408181,0.7450551235165268,-1.2045175735402316,0.0310854289527495,0.0728546501328762,-1.0582206374688463,0.3295615507595142,1.457331014413452,-0.7239776966754626,0.3280910750697406,0.1400246867288028,0.8563790678275894,0.244173045726226,-0.4191764807606711,0.2759794872842774,-0.0574600354203851,0.7137816063045387,0.5750403750539422,1.3255860654577687,-1.087015028909005,0.4512476347148286,0.0797560954586656,1.3613760147821274,1.2427207730678025,0.3739353958950598,-0.3472212883211335,1.7875249262938762,0.6851202973181474,0.4999521696592841,-1.2877755837019176,1.0740956791842544,-1.3488112569819537,-0.0839216392133175,0.8643101982530258,0.3727202730140424,0.0058937203141754,-1.2862930696857482,2.2126731641834145,-0.3277537040373629,0.4191525602433964,-0.1565003533323085,-0.9725557813500464,-0.949711063153634,0.076337890264974,-0.2679378958484695,0.2563347937338631,2.1834348161081447,-0.3679861473248438,1.627423784079364,0.6062337900094555,0.4036968261792402,-0.7020724349041793,-0.0940212360684715,0.1937382792017601,-0.2057388835293967,-1.3624901539659733,-1.043210643785735,-1.5844585803827218,-1.0422522769294509,-1.52848796677831,-0.9298346780043312,0.2194706986865597,-1.2257779028053246,0.4935521762893878,0.0184524781043323,-0.8974506641100006,0.4611458146253172,-0.2501688448915958,1.057377397644295,0.0610703901905979,0.4196268513907299,0.2487831184375589,0.2340863544112625,-1.4790535044004858,-0.169312846085735,1.3095063499749895,Control
MICH-01587,3.3038548144857907,2.2443031116309644,-0.718731696768827,-0.3696419452286116,-0.0078217066278781,-0.096493818535958,-1.345233662089536,-0.6800773866003661,0.99949438931374,1.222680399922873,-0.9421412097511148,1.3021905891738166,-0.638060362667142,0.5213657872685148,0.8384472107247134,0.3360706476310855,-0.80727506943203,0.5209854467718754,0.2130796133072131,0.1465679741332608,-0.2386651671973504,0.7892100187575526,1.2895654654170516,0.7570291465201532,0.1479282510404323,2.22664954783951,2.5172003521101627,-0.6349951478158159,0.8775985086151236,0.2146383114380095,-0.0678924559579398,-1.1379343823931538,-0.7764677923108466,-0.0954492190146015,-0.5382990745969287,-0.5715772190033365,-0.4518323441922051,-0.9218625152536312,-0.1128951467220512,0.3064745239381816,-0.9075472759823924,-1.217580299990258,0.3431166270877294,0.1094382549115304,0.9866374577641768,0.8332643906089551,0.4473867333652367,1.111741727696218,1.4095486106339483,-0.9273408142694746,0.0076171074412539,3.12921844556406,1.9393438641171443,1.2553793109218332,0.7244812341722467,0.4249835172053819,-0.8747356589437868,-1.4551657326934804,-0.6837661431796133,-0.3151016437123315,-1.087427839510143,0.4855000834478359,-1.0766712844711217,0.1550478376965655,0.9607552936147185,-0.7697076742420447,0.089501914183812,-0.3290482181848602,0.0475560168412882,-1.201241744024484,-0.2589508643061851,0.5590091972970476,-0.4077195105974675,0.0281708863987257,-0.6347941363449683,0.0046514333738808,0.215326267091157,0.4525708020987076,1.3798839741390774,0.4570246352290668,1.909053678656744,-0.9653289914616536,0.5375854612355997,-0.9782377812487474,2.0485337833731503,0.0041025888308955,-0.3731265272223067,0.1457752265595462,-0.5038639096806244,-0.2575159443865855,1.0636753685430846,0.6470476501452376,0.7317457843252082,0.8079971610641185,-0.4276121437085078,0.6074647449531184,0.8409400125484273,1.3108989414305383,1.9854510908647285,0.3467178592116142,1.194149137262584,-0.3135328485069024,-0.385303995766495,1.9796044540586053,-0.5901124241809131,1.5498323769397488,1.4649779447371098,-0.8643102450648406,-0.2204149172302021,-0.4407740968394504,0.5457888731617232,1.862944959597873,0.470119132027205,0.6804105513970952,0.0129156500716969,0.6033741819993735,0.129189135975576,-0.937376946547152,0.5962222098037381,-0.387979263332802,-0.2377485599756507,1.7699237892772752,0.2575799105003682,-0.1613193687448922,0.653763591050909,-1.5235385743520904,-1.089323487892335,1.087853523136148,-0.0743098251328954,1.1284390223773044,0.4165855997933202,0.15053926158826,-0.9626796732161172,1.3132059451084752,1.6617814803814823,0.5070937972155108,0.3218250827180699,0.334557012998881,0.3509311306968185,0.8661386578780171,-0.1530495260510543,0.2840199077044325,0.5094109470850791,0.8934774611460923,-0.6105527607495735,-0.9738672211649568,-0.5573154069055618,-0.3435394682061053,1.3539734057783388,-0.4865422627448387,1.5321401519070212,1.8789918396130756,2.2776685352021766,-0.9612044479603196,2.583994866210068,0.8815042315184276,0.20380496672113,2.1789390004791644,2.7843738837266483,1.2118240896626682,-0.9972534613184092,1.621422310357099,0.4122163016973071,-0.7603752440528936,0.715400391818477,-0.9725557813500464,-1.082763972666185,0.076337890264974,-1.490819714642699,0.4735928640435091,-0.2816857968911278,2.003970796183138,0.6454012854727579,-0.8340255047465935,0.6946198636806648,-0.2459047409535744,-0.0473629178154193,-0.5312387049491281,-0.9682605489343228,-0.4732757030582857,-0.2037679722063855,-0.0361123134300666,0.7036727424801551,0.4100441037189599,0.4431205706510236,-1.0709876197886916,-1.0135880084630906,-0.4567229556865658,1.1279600826951346,0.256468667721462,0.8084132716242137,1.5476183972547402,1.091990863605528,-1.0719710292220348,-0.3111325616923157,-0.1310800775426633,-0.1169890966526248,0.9609388733229652,0.8199170017462702,0.227741513042009,Control
MICH-01588,-0.638672425042352,-0.4012743465148184,0.445777621428329,0.2725485198599655,0.0724957459579656,-0.0860945977975632,0.1563997094094877,0.4009536894256232,-0.0583686802225157,-1.1775648864257948,1.3024944631866089,-1.123236532873535,0.8498406341174735,-0.2180907603856764,-0.5382713488324457,-0.1791008003065385,2.114867051253165,0.1159437315303982,0.3906317361066914,1.4785410870454914,0.5318681111468019,0.0958853787887548,-1.2625781984597926,-0.2182765324971241,-0.4123802227778821,-0.7573562706109467,-1.4350630321697722,-0.7106425460416812,0.027873385561656,-0.248416934243396,0.9588422078403028,-0.5169905396770584,-1.003463071044402,2.6655095407756755,1.649386604557734,-0.2588449566113218,3.177343911550868,0.5130923063069722,1.7285635913018051,-0.2190376809878889,3.3070645273147945,1.410560180424867,0.3597740179531844,1.5428050431482676,0.1667673940430497,2.630049356637306,-1.0717032975237977,0.0883244348516762,0.0681401072040753,-0.2205346290498323,0.2343760067684406,-0.2955637013989311,-0.614221283724527,-0.8836356629167712,1.1709745413175374,1.2016000009123606,-0.1886726746505906,1.1850784839023745,0.2446432620056513,2.0223107478063898,3.00457984626252,1.2852526374605222,-0.8999010654964698,-1.3570038652762406,-0.5506774146137948,-0.6827112631101168,-0.0736491490811831,-0.26343938332024,-0.6442411455318908,0.6507715222388736,0.2307553145735231,0.7894246195037689,-0.98341945001652,-0.1548016613946957,0.317639754026638,2.393370731688562,-0.0025237045070741,-0.1548176575993326,-0.5936881365345124,0.7903730363334718,-0.1561581876589487,0.0311654599759224,0.1322574606450133,-0.2493037225761498,-0.4818604928568825,-0.067221634063083,-0.4258359655924651,0.1307821956642008,-0.6627723857491407,5.376069131010955,-1.476941063219206,-0.7314683672621939,-0.4082981249992867,-1.097520471358038,-0.7539634916609934,-0.5813237594305751,-0.0118939302094032,0.5536000181715314,1.3351038145720284,1.008513631364814,-0.8213843902184281,-0.2254298481769978,-0.022057072769397,0.5566569015517406,-0.6195797233582792,1.7991038778141033,0.8486277124193806,-0.8643102450648406,0.7113408683068579,0.0942120289940558,-0.8609412078341809,-1.2193080809815944,0.9810488248067568,0.4119069580243445,0.1779882051412459,0.9310161222982108,0.3707933263697175,-0.0581593831638482,0.1247485444659762,-0.4554022377976726,-0.2377485599756507,0.7779939351087198,2.0189620013693004,0.0699836687600755,-0.1440050742931962,2.4704593465513858,-0.03742571913946,-0.5340971433813855,-0.0245491187519543,-0.1838720178825459,0.3075501797318904,0.1773377705114675,-0.369446443946981,-0.9136865221168108,-1.0182292263561947,1.2516517014771842,1.540123556557975,1.2198249357574351,1.2319022220719344,0.9151779723808292,0.6000077241374836,1.71466373328994,0.4316124560708302,-1.118460233719205,-0.5265176581949517,0.1564399035309236,-0.3060214810809697,0.4833503398211323,0.1463569784616454,0.8344617857996108,-0.4546070983086286,-0.1950619421674921,-0.4867600656228892,-0.2532281162574245,0.4457341586318344,0.8549972338630265,0.5765949422582837,-0.3958978325937629,-0.6051222418767324,-0.3358861701443296,-0.2421101406902246,-0.1135106001077649,1.523519913571734,-0.8006091819331362,-0.0403490806227976,1.0595342570589463,-1.2208389169898328,-0.4055359663853743,-1.2054012277890271,0.8959624862251468,1.000949429756257,0.6638714869837695,2.203371560980376,-0.9095923253377862,0.6629055190558423,1.4198709035618164,-1.8946067678521008,-0.8178494553576267,-0.7767161466490262,-0.4228981863093014,1.0765339568826533,0.7131229825090886,0.7131468055527186,0.6484089798205802,0.3749716397455004,0.0143684899193693,-0.0682776485376296,0.0435314567596039,0.8007848404181438,-0.2451426106754911,0.5615491470167914,-1.144945388991087,-0.1743784698019009,-0.3035411651239761,1.4998115672440993,0.4473944680346314,0.1394236333088922,0.1139561410428948,0.0786921222068831,0.5635270482506478,Control
MICH-01589,2.272930202544344,-0.6485260052411094,-0.5828697230284685,0.0232716030693091,-1.1810937404462412,-0.9303722402592388,-1.801450777475759,-0.4362265153250767,1.121384083759852,1.2554320541483366,-1.001303112185763,1.1662964982497,-1.3218332524078555,-0.2925237487195775,-0.7840568238963659,-1.283200685512694,-1.8105201449978583,-0.0670908697165162,0.2846248299019108,0.0696782665346513,-0.6785954367490392,0.6918725948693849,1.3345491515103771,1.7644102120963312,-0.1442747008356386,0.5310911756053999,0.404220001023289,-0.7106425460416812,0.0703291986487543,-0.4925034325069631,-1.2104145758723768,-1.121827804408038,-0.3753068809021301,-0.9378677057543175,-0.5382990745969287,-0.6682019309838538,-0.8612083022666125,-0.9598989917924996,-0.1128951467220512,-0.4981132479615858,-1.0463462219550668,1.6826980573154524,0.9834040279112772,-0.6815039357293375,-0.2760423267119871,-0.1387768652522231,0.6315174587181437,0.5439051957306623,1.570009772509737,2.5116960835663424,0.0189195879831224,2.805361936546264,-0.2598593788619879,1.293710686303102,0.6206413661462941,-0.4278885932622199,0.021782095214238,-1.1424459215966396,-0.5816063117961785,-0.6808751302934706,-1.087427839510143,-0.6956387384487038,-0.7648457616236856,0.0323820966550056,0.9974439123577442,-0.7697076742420447,-0.242958291280236,-1.4260976668706051,-0.4721979918795504,0.4735753069651202,-0.6811407765562333,0.4579754144104374,-0.2660725841004074,-0.9269279322142888,-0.5323578736223727,-0.0734529359153056,1.4893242963520477,0.3489901110698414,-0.6525442993041918,-0.7034310280393267,0.5793293689732337,-0.8508537834687185,0.2006496171340425,-0.104921556437424,1.2695691596796523,0.0747309545546471,-0.6096611431350503,-0.1036277875070485,0.8347220441711937,-0.2575159443865855,0.4781464101909869,-0.5199470933560569,-0.2089393428432971,0.1562727788921684,-0.0773247381683396,0.074685345276305,-0.3579350788143461,0.5813884820129619,0.4231164654288907,0.8626364724119303,0.0920003601656289,-0.1817081877471734,-0.1998150380754831,2.590517763380582,-0.1654564676243246,-0.0310906062729333,0.4763410339001342,-0.8643102450648406,-0.6098297729517999,-0.3529822409427708,-0.3006517119679761,0.782907961951239,-0.4582324201529256,0.1763344467096894,-0.4177678679661232,0.2002439350131973,0.897882686198718,-0.4477471457712373,-0.4198067786156417,-0.3518544441470469,-0.7983249518250726,1.3087413577038325,-0.8125190772109149,-0.2942934396011499,-0.3313796731688232,-1.9724201933560348,-0.8355977537302742,0.6877934819367094,-0.316592065267211,0.214360584467166,-0.0356899065055486,0.2305410106655491,-0.9626796732161172,0.0477787499405899,-0.7639745690723101,-0.0981859171998113,0.0586464236625262,-1.3995998147343347,-0.2295111844911414,-0.1651986496124267,-0.5345897327670105,-0.6920958237904996,-0.2311072887879783,1.1097941275537275,0.3130418567019903,1.0827855862345266,0.3603950053135533,-0.3435394682061053,0.2835772445111118,-0.5866039439641024,0.2590290164523523,-1.2838653785212777,0.3070933208681886,-0.4965828950101095,-0.234294518992582,0.4433864384292684,-0.4347821795938295,1.6818111665072448,0.8106048498867232,-0.078245542769715,-0.4837885591637222,0.2303254672275742,0.9088161038558517,-0.9454477021323244,0.1090521795641783,-0.9725557813500464,-1.2208389169898328,-0.8461311523886517,-0.0091633248616677,0.2013611014213317,-0.0055821557028176,0.1693724450032661,-0.1355178168846306,0.3517304655277148,0.3038768336082781,0.0114858667238899,-0.0473629178154193,-0.6439248634141985,-0.4606461769107663,-0.3569145768383231,-0.4194345985196888,-0.7962107157174914,-0.5834234891991914,-0.3698580330914757,-0.8086995382816875,-1.0709876197886916,-0.5280687906781995,0.0660163698630567,0.1982233105631872,0.7582852372917871,-0.5998540435635064,1.056300325716928,0.2600982710646423,0.1193417839743302,1.0537721397794626,-0.6091226857284859,-0.917581720074998,-0.003676729664233,0.4741342062326176,0.6737799597276675,Control
MICH-01590,1.8121049629646209,-0.6993556749883466,-0.718731696768827,-0.2912318776652233,-1.1810937404462412,-0.5794419533715642,0.3980317375835879,-0.6800773866003661,-0.9372139546902876,-0.8785088041091348,0.1978103162247249,-0.0539087536047449,0.1445674946349808,-0.9573621598542198,0.9579297531094468,1.142921095574324,0.2914436471074946,-0.7460851006071108,-1.5262918320369656,1.2165718687403206,0.371689419112733,0.1503642948147119,0.2516643672161354,-0.9381580624900078,-0.4645738922567223,-1.5257705895452611,0.5332284158422714,-0.2495081908695428,0.027873385561656,-0.5998919471966874,-1.2104145758723768,-1.1541894101937378,-1.003463071044402,-0.9378677057543175,-0.5382990745969287,-0.7708071325472311,-0.8612083022666125,-0.9598989917924996,-1.5335113493719308,-0.7893262799393255,-0.8485468051056927,0.4129151281221098,0.3597740179531844,-0.8817220330707186,-0.5680335499441105,1.5885152127718898,1.028704744849642,0.698569748377954,0.2584207513855842,-0.7951464591084553,0.5157457040697585,1.000302275939288,-0.614221283724527,0.0840663236215136,0.4658138072899623,-0.5179652868771827,-0.7174841908466902,-1.1675521715223138,-0.9441321545588638,0.3391954719999251,-0.5305726161095987,-0.4460192609268018,-1.1273669670040118,0.1550478376965655,-1.1497515890180037,-0.7697076742420447,0.3344647851520959,0.866431854832424,-0.0011217023862664,-1.201241744024484,-0.69762293116216,0.5254873077038827,-0.8754230459764986,-0.2945502845982359,-1.0263174391329646,0.9086381802279172,-0.5971209659915763,1.4147917433598731,-0.1453500320402415,0.7672926471703523,0.5074544150067675,-0.3698453497951908,-0.3562837381078864,-0.4049700237686757,2.4500721173170845,0.2483447921638157,-0.6096611431350503,-0.7751399852807774,-1.0273039482349131,-0.2575159443865855,1.107245865381586,-0.1494768666451032,0.4206889080261965,0.6756670091256287,0.8577194874934184,-0.0398371448584762,0.0185903867118777,-0.2825507937644174,0.2538572286814188,1.008513631364814,0.3717694906090669,-0.4025303108287286,0.7701331335389112,1.0749379112825748,0.3056111671737487,3.2129183957930287,2.4946750036604666,-0.8643102450648406,0.3568752058679716,0.4807164886356759,-0.1281015982365238,1.921799704651029,-1.6002095856860985,-0.495099210423005,-0.797142979808187,0.1442656189928,1.4076501068351066,0.1578456919111571,0.0362739381503237,0.7067819291969389,-0.4243609226833015,-0.2102649575642607,1.5275684237987122,0.1200496130499391,-1.2268073690745938,-0.3505451260031446,-0.6621330563279104,-0.2796366939998461,0.0888226746036485,0.214360584467166,0.789319616712114,0.4637042402705406,-0.2764927476797496,0.9097001590359084,-0.8891397446097123,0.682983922350818,0.3984060229302423,0.653516786676064,1.1312705983886138,1.2522815376005332,0.6382630993005308,0.7776111522664974,-0.5003615124056355,-0.355961213148224,-0.3359085610691922,-0.7270894523282576,-0.8201670593083089,-0.2012455592662635,0.1001590991831351,-0.7957645178921825,0.7987892727459647,0.3988020530581111,0.1086704752065883,-0.6951746656972908,1.4919518576583766,1.140610869852032,1.157812234109973,2.098456700802836,0.8764482564243771,0.2533292268690548,-0.6898332250268285,-0.7551713187887891,-0.4038488945495515,0.261957874602687,-1.193983635568139,-0.9725557813500464,0.0302090942982589,-0.9705244983948642,-0.4447920316469063,0.8440218362104682,0.5783530382615507,-0.0955374267518391,-0.2726118033425359,0.928383089833796,-0.2185673160994963,1.3758377236899006,-1.2372762075665842,1.115986800830993,0.1393166237405138,2.7888874702614257,2.1546220654914627,0.1344003216332906,0.0947606596985556,0.505036287744995,-0.2306353706692104,-0.5850182984302456,-0.7549509982901901,0.0660163698630567,-0.5916773142814051,-1.2969528034165865,-0.003013538796427,-1.4261360807306822,0.4201011343028537,-0.1348633410059899,-0.2217866635185997,1.7231020216116857,1.1835639361425494,-0.1633528007744887,0.9027745535164616,0.1923057462030124,Control
MICH-01591,1.363693668856385,0.4697232900060598,0.1002043402874694,0.2622002411266472,-0.3920658281531687,-0.5008048297452076,-0.0274991691772222,-0.6800773866003661,1.1957033841603872,0.0233845702972302,-0.5296305122129719,0.1863703849907323,0.0274178939200807,0.386092254848714,0.1446172684236643,0.383591836251591,-0.3694748167905797,1.3207898129240694,0.355468611512195,-0.3266830671161237,-0.2742494495778107,-0.5729929098413811,1.0826003531489825,-0.2478132940738294,-0.6569088708615575,0.1514390483489543,-0.7089625735451557,1.8401278597341453,1.2541012470531152,0.737088979979066,0.9456158807504044,0.7559578382538188,0.6869423423470767,0.3630108342774911,0.2021754961538815,-0.1664625604020957,1.3136785713700985,-0.5238466474981405,-0.2242330253578253,0.8230405043301647,1.4051188608026632,-1.217580299990258,0.7676642285219614,1.2069659524975134,0.4631333875503566,-0.688163104085075,-0.4426144070487554,0.9325657702079596,-0.2865481949091331,-0.7039385329735941,0.6230947853784748,1.139392523202344,-0.614221283724527,0.8481350432837754,0.5903046723452117,0.1359009987315772,0.5969249616104427,-1.0436355500038197,-1.656904805632559,0.8938377326086966,-0.3262473739312931,0.2572138218644801,-0.2576935329026681,1.8810412584002087,1.2980722243091056,-0.7697076742420447,0.6483101929576587,-0.2851794594385202,-0.2550706700140478,0.4125990773450136,0.5210603935251964,-0.329320269622571,0.0910568574168407,-0.7275070865266687,-0.6347941363449683,-1.1548791808938852,0.4233153288321061,-0.655964717082542,1.0276696893397286,-0.7034310280393267,-1.3814894817516137,0.7176189770930054,-0.5711069141329776,0.0396909944443287,0.7740583092184979,0.1097884083676553,-0.6096611431350503,1.9287284962492488,-0.4696192331001804,-0.2575159443865855,-0.8681494647305359,-0.7586585233478143,0.9364579080806936,-1.6775472028228602,-1.2182496552427566,0.6474950658594042,0.5143009569255239,0.6639813636887956,-0.4595989144102758,-1.324605313992547,0.0335086175453769,0.285365582592741,1.6046944153210945,0.4637728459232527,-1.4105840430036511,-1.295674716619646,-1.1498280049578964,-0.8643102450648406,-0.6721981056738265,0.4547798536885511,-0.2506872170059763,-0.5278685825513585,-0.805959295641136,0.503053108812537,0.980058712627792,-0.2638304722569543,-0.0311137542715797,-0.1558854382230426,0.470097760761424,-0.7528540074710013,0.9125355183160704,-0.1848242554093861,0.6386246047085886,-0.5142002301387945,0.5685552319408181,-0.6410600656441751,0.3513683335438939,-0.9261236682261804,0.1830983980448993,0.5425691371157593,0.2184540056868122,0.9485521373444328,1.6532178743991868,-0.553246194050206,0.6073757807728991,0.1475339701720571,-1.040530367283765,0.4862261073665637,-0.4329612456366186,-0.2194788284162426,0.7137816063045387,1.091970484887261,-0.8148333502943105,-1.04062991001218,-0.6960665624506654,-1.7572984290419322,0.0801420047673492,0.3074602929544331,-0.0869835258232056,1.7938422549080428,1.5690839091895032,0.4576678416364937,-0.824177224207328,0.3178364986938362,0.935298482537275,-0.7728301353089576,0.1409062307370374,1.0542576612526646,-0.6932288471770406,-0.423568203146014,0.3288981496120149,0.382725859899447,0.3398789140409267,-0.0770223132104097,0.0722640342428731,-0.9725557813500464,0.3552026898048373,0.9192736150962972,-0.3651054197952497,-0.191132470489333,0.4843645724027539,0.6638714869837695,0.2635155534378426,1.1661231944824035,-0.2185673160994963,0.7213944138985466,-0.925236430363861,-1.863560205855194,-1.048528194308452,-0.8685580740052211,0.3518979929685462,-0.0478917367149251,0.7131468055527186,0.3280221268709376,-0.4565644804816295,1.3668966488475425,0.7187032257889232,1.7327504486795628,2.259480451153617,0.6664262357521662,-0.433666990070921,0.7358063851382414,-0.2879116280499142,1.1688361095432678,-0.0458967746702702,1.447011367457918,-0.7345166842957754,1.099228531825072,0.2686574067586796,0.3489943545828284,Control
MICH-01592,1.0125350766214731,-1.2109502838729505,0.1729121085970703,0.0118631409891486,-0.5815112782736869,-0.6063791922438466,-1.1625292352646313,-0.0397344895028981,-0.2024246469066321,1.6607097329803595,-1.001303112185763,1.3503451445801724,-0.8534997059761049,0.6212237495283076,1.726207212132168,-1.2325346025138528,-0.9150599929657646,0.7679697029279169,1.7314361158760598,1.2165718687403206,0.2407492687177968,0.4406778129189683,2.224241526427058,1.2593371688612585,0.7312477454597461,1.380523145977548,1.091664876303133,0.8419015224177315,1.3274343196653935,0.2465226420957555,0.5820324774896641,-1.121827804408038,-0.4260653140413313,-0.7901653733962739,-0.5382990745969287,-1.010821056320717,-0.8612083022666125,-0.9598989917924996,-0.7277002890695057,0.6151395008986013,-0.919637173411802,1.7861278747141698,0.392857623479546,-1.6083540162938124,2.883661396276962,0.2296859262370768,0.559623919983739,-1.1552594271145402,2.440591441480549,1.2063317948685048,1.7728104583086377,1.66779685964091,2.4792380204965587,1.1112808908387868,0.8107292624306865,1.9144848174399889,0.2208869584394671,-0.3334090357403815,-1.9461156845136287,1.1222735046680712,-1.0090887330561975,-0.5278032572933183,-0.0677208040645998,1.4749387003040284,2.069002898990388,-0.7697076742420447,-0.0736491490811831,0.3720981500177833,-0.1173716204147437,-1.201241744024484,-0.8687197970924478,1.4397827278819475,0.6921164960426098,0.3831723919127354,-0.2352663965577712,0.0352592437593785,0.5437355076033811,4.445409961631561,1.3798839741390774,-0.1445953442164012,2.048874696196705,-0.0216110373682901,1.4392077321861156,-0.1813637501160463,0.2443126266866615,0.9039372721257192,1.4309432322332842,-0.6948370843938543,1.041152926177871,-0.2575159443865855,-0.1959256965482019,0.2993560738697736,0.8464910040771284,0.1202598386679029,0.6888838918625304,1.1736272979309623,1.250348735377049,0.1203545850844287,0.5478539645825712,0.7495161622943677,1.5934434296083797,-0.0089700913184466,0.1902043226717197,1.327481198888293,0.3804732014039793,-0.081520786890286,-0.7134390075672625,-0.4030359335365355,3.286957101599878,0.1671830193786306,0.1987041916128753,1.0743337427441002,-0.6306936725989425,-0.9289191417341354,0.9008427437956164,1.8138551556226767,1.4248955372277394,-0.7235847154765546,0.470097760761424,-0.3590066102093274,-0.0590795996624948,1.0013223713079349,0.4678756499966123,-0.7729456304869222,0.9046251677714956,-0.9787657362059708,-0.3783590146077518,-0.4699780279604353,0.0244989992837753,1.1967404995077668,3.3467748179452474,0.5392509874321486,-0.9626796732161172,0.9650162065865354,1.578873634767743,0.8563790678275894,1.3937338671873452,-1.352213362694474,0.9606236094428692,1.440234103521181,0.5807534553163715,1.1620844588410388,0.8593817669246991,2.3584144697996665,-1.4740671144308108,0.9103677917211772,0.5487043332107805,0.0457417619113735,1.272770610718954,-0.3651156392737321,-0.2706595550605578,-0.0604565690966011,1.3065625272591792,-0.1033744759887635,0.6959336239067078,0.2708988639251087,1.7076690289719092,0.7998517697602802,1.0480037337319912,1.2118240896626682,0.0497661041076791,1.5264907808926795,0.1941235698500018,-0.8006091819331362,1.8099511593627209,0.777461751559149,-0.7961828676165209,0.6990839384819784,1.1263877416948809,1.352985001004562,-0.9074460356588387,2.3279840085619723,0.561944485389003,0.3890592388739707,0.8510009531428924,2.884805539041659,-0.0473629178154193,-0.937243739267061,-1.1945164081986166,3.395770992214854,1.852000033113575,0.5778659703658343,-0.0241566177880431,0.0920578291771228,0.1667443969489371,-0.2016279731344034,-0.1631986554788759,2.3931856532711664,1.40487441780741,0.0888565744698096,-0.768728874532403,3.194197286520721,-0.0522325049910694,-0.878796380925357,0.0406857985725766,0.6085960085455203,-0.917581720074998,1.064886945242006,0.6499942801447319,0.1384647449520112,Control
MICH-01593,-1.9544562056016264,-0.1231231912277588,1.702733989705765,1.1984257770853142,-0.9233195829146194,-1.0630359103546272,0.9048767870254174,-0.6800773866003661,2.7074166839531637,0.0661655743416398,1.8715056001444583,-0.89103985988274,0.7014449782112839,0.5880871394396268,-1.0448382452841254,1.7009429347054152,2.114867051253165,1.6864769298333826,-1.3456322261661116,1.249807841943816,1.0496596254495072,-0.0708813982424137,0.9162345193078422,-0.0440991739760235,0.5408878281976266,1.123620897274228,-1.8047199164709185,-0.7106425460416812,-0.869251910625325,0.6776935571194144,0.552360871726751,1.6744832721381513,-1.003463071044402,0.2407543003991465,0.2336160442636578,2.600715253980219,-0.8612083022666125,1.641705687843711,2.859926872931914,-0.0503425020999052,-0.2262103311396967,1.3836394484126362,0.3263812153715505,1.9200700241623987,1.2001881314009624,3.1151443410201667,-1.2651286052364847,1.6461707895081288,-0.2463305827283853,2.0032520440710804,0.2853237282997923,-1.7274440720446298,0.2937468829506466,-0.4900744601435629,1.257753944566422,2.573309361780445,-1.3792503129010922,-0.2931066699764096,1.216256299595176,0.1525009704710532,0.0954360758392774,1.4706688567908384,0.9032916358595396,1.4007636615648913,0.0249137812783627,2.238876566089233,0.607711184660323,-1.4260976668706051,-0.1683840811520132,-1.201241744024484,-0.7646615174266483,0.2515877758167978,-0.98341945001652,1.0532154018489803,0.3468945439568039,-0.7570001186897197,0.44360575421899,0.5884317680913629,-0.1722685156441213,-0.7034310280393267,-1.2465012841762415,-1.1223994367761407,0.8664405250224908,-1.1881910328481486,-1.0762239593515293,1.5050583597511582,-0.4492039463248962,3.0494753471526117,2.767473892703464,-0.2575159443865855,2.8125831945568325,0.0130198438374254,1.0901671652377063,-0.4040594053796071,0.0338441547719865,2.7958702983016805,3.4056151179030043,2.741671506637096,4.067767346889709,-0.3233201063640702,2.0374150200974226,0.6100758428908507,1.391371271553218,-0.8715439090068445,-0.891871178397438,2.934675760107993,1.7435532495139052,-0.8643102450648406,1.8417504149455368,0.3620985189685516,-0.975864400627878,0.3052351051800818,-0.2324943616115298,1.350878800252009,1.4826373027312076,1.1707881179440258,-0.3936976143113712,-0.7644762713786706,3.216580815689294,0.2027038183628596,2.252584859886461,2.6206206037952007,2.583721497721333,-0.5142002301387945,2.793203970232593,-0.1221369542682958,-1.1708862445647952,1.7442913042049235,0.229280693814383,-1.2462777985083926,0.4594978981345945,-0.4451517884645791,-0.5838460083902779,-0.553246194050206,0.4635142588102192,0.624634633547291,1.6220738287572931,-0.7988224282389115,1.0634573006069417,1.8064857817394544,2.647331269601346,1.0209708373303472,2.021817460705172,-0.9358638671008008,1.3787712154224292,-0.1037417055412824,2.98852850477706,3.628089256601988,0.6833899006724887,-0.7840519206898349,-1.6478928933087709,-0.703857718414015,-1.6825108272586171,-1.3603180889749824,-0.8782223854657706,1.51031019059529,0.641392667883667,-2.573747314189683,-1.7051835170495917,-0.4677577827544384,-1.30467369760999,-0.4006507505653924,2.1775701268660037,1.1424631144131805,3.771778308602679,0.2371594383179984,-0.8721416884988624,1.73218833981087,0.3306963337152717,0.739418575188369,-0.0395029312111792,2.1315243840101474,1.920062033044456,0.6761673626339492,1.9868791096454967,1.3091536632820926,0.1369661749198952,-0.587265243368048,-0.1753802099109621,-0.6470442125316255,-0.7947295413227329,-0.2696958477977806,-0.539776868003186,-0.2619085648761495,-0.0112876649060004,-0.5850182984302456,-1.2784038354576488,3.1752880071765177,2.1165148133279863,-0.5834689997886261,2.221011845264841,1.1998929295804646,1.4976029319507145,-1.2294395300893235,2.742561687189917,1.503131088173278,-0.4786112543944664,1.973175400413954,0.5408038247283639,5.175887925258898,Control
MICH-01594,0.101372749919667,1.5607041154793642,-0.2617484419438107,-0.8180915357216079,-0.9233195829146194,-0.8212981173744522,-0.6536038823628599,-0.6800773866003661,1.5206818306825394,1.9352419672641497,-1.001303112185763,1.2533740947762737,-0.9530273429013316,0.2829905433584611,-0.9386094299354314,-1.4398290911215856,-1.8968357447457125,1.0823439474538183,0.3906317361066914,-0.4911010115254751,0.6261802200286704,-0.5729929098413811,-0.1704597742794794,-0.0727735448986981,-0.0208340560523952,1.7711583034955154,1.2008613369461627,-0.598614249729932,0.8775985086151236,1.699501003751127,-1.2104145758723768,-1.1871559407089605,-1.003463071044402,-0.9378677057543175,-0.5382990745969287,-0.1664625604020957,-0.8612083022666125,-0.8475962215657141,0.818340666249147,1.5432294838943637,-1.0331720148539767,0.4256327072040627,0.6927557433974991,-0.0339460307877905,0.0477704279899073,0.1778181084531043,0.3091233055380713,0.0154551845350572,-0.3269747306878033,1.7700332310315288,0.8081409778927164,0.3191237429883085,-0.614221283724527,0.93330239020187,0.4658138072899623,-0.7473274896394174,-0.4119585527940212,-1.3745587681825386,-0.3805588180030368,1.4209139444119097,-1.087427839510143,0.4631500609833709,-0.9785512041406929,1.041557139130012,0.4757467583090684,-0.7697076742420447,-0.0736491490811831,-0.351180009720516,-0.9939167027035232,0.136273422484798,-0.9043923660153288,0.4579754144104374,-0.98341945001652,-0.6294524515686218,0.3760055751254959,-0.0107861970172837,1.5214627062377344,0.2085566237755668,-0.0390460365574381,-0.0618513371986046,-0.3121060579626706,-0.6106389281409644,0.5375854612355997,-0.4682360623180935,0.616193433950671,-0.7428842184536891,-0.6096611431350503,0.5245465794259822,0.8571032587485445,-0.2575159443865855,1.2367627164370625,-0.2938422851399647,1.907591175767117,0.1562727788921684,-0.4763624838496183,0.6871742390766223,1.1254034680090608,0.2683130308338152,0.7113332443825902,0.1952520926823308,-0.3592423175761635,-0.4025303108287286,1.0668365723422455,-0.1191478546423825,-0.5026133715960945,-0.0511156718932669,1.9774109643404687,-0.0644702387563121,-0.0493631397498573,0.6801345964761121,-0.0799682968763628,0.2722015028874027,-0.0662401915861835,1.9405361813760773,0.4432810454273246,0.1160682751813056,1.3903427537588702,-1.0619747105985435,1.355968902667554,2.300152308508969,0.070102497877188,0.7152468210927836,1.1910884594884303,-0.0572773576286764,1.228526968501913,-1.1718045156813046,-0.6878107509092743,1.9029774993454092,-0.6556182122121241,-0.260820123384411,-0.0834189707674671,0.6872607173731546,-0.9626796732161172,0.1426074389570097,1.289799370248571,-0.6698088886032467,0.1917950144230313,-1.0833718417060998,-0.2295111844911414,-0.4394048079157526,0.0258918744871933,-0.1976470415512307,0.1918070886287717,0.1814527656138667,0.1707904621150044,0.6172624204369727,0.882768874185657,3.138791462694837,0.7699300446571001,-0.2355169248693723,-0.8832198457530186,0.4771056688005088,2.541784746541994,-0.5686719029950051,1.319845675714431,2.1472112599090303,0.0240827741144102,-0.2443472697898935,1.900867141309492,0.7654825254746438,-0.5841510693870341,-0.693491696452546,0.8388957265559003,-1.2326839108778789,0.5889888268509691,-0.6394715313233027,-1.2208389169898328,0.3493750747837525,-1.034987965240029,0.0348164908942207,0.0281743539052506,2.607347784515722,0.769135310308249,-0.274507278793708,0.7888812495554496,0.2310509489479647,0.2277797245236399,-0.5312387049491281,-0.4773390185851985,0.3059059642668811,1.4740993752538811,0.8416255176351886,0.869733583511706,1.268470160509206,1.3376087598648363,-0.7966661592906564,-0.6254888579842232,-0.1171001071279621,-0.0727857811353183,-0.0415012349674928,0.4611458146253172,1.1344170476146147,-0.4370608545380101,0.9801740348405718,0.782205540123587,0.4799411053712739,1.6043441812449473,0.9259771205600564,0.3610174771313741,0.2802262654893787,Control
MICH-01595,-0.5295821291638818,0.2036782078045351,0.0406089678900976,0.0571952182473929,-0.0918190797273623,-0.2258384062108323,0.2677783516506645,-0.6800773866003661,1.2974620721460948,0.3944290059546654,-0.4322919752279133,0.4114176862938837,0.295711840987964,-0.3677124148256376,-0.3973083654597691,-1.1333844058053049,-0.2052923374303193,1.6864769298333826,2.12825781107815,2.6420705446694788,1.8504069113648591,-1.817971825712188,1.3345491515103771,1.3503439445277203,0.1782712905359517,1.1740135988226923,0.1730624927026333,-0.7106425460416812,0.3617064268207601,-0.1464660273865302,-0.6756088150733821,1.981194620472471,-1.003463071044402,-0.9378677057543175,-0.5382990745969287,-0.142135643960412,-0.8612083022666125,-0.2965620071334158,0.6877707178868004,-0.1173115050066861,-0.1309356215865261,0.4001396099833203,0.3597740179531844,1.1372195575096324,1.565866138773714,-0.5203682868855196,-1.2651286052364847,2.089107736895242,-0.490814269276817,1.2063317948685048,0.3937103558827587,-0.2955637013989311,1.800765696268957,0.2230483012875144,1.470078015650049,1.948639372765764,-1.304194702546928,-0.0598148582097196,0.0566647568790208,-0.6053535353502334,-0.5143188161711187,0.0907531869353527,-0.1888166800955547,1.3404636243423702,3.340550911175177,-0.7697076742420447,-1.964410505106742,-1.4260976668706051,-1.4797007467635264,-0.1620454060319806,-0.3292945964624602,2.486228691935175,-0.98341945001652,2.0444603159520693,-1.0263174391329646,-0.7365556455864496,0.1076919825080297,-1.1512267664849023,0.6268015611490012,0.2559519435498056,0.3709500213498231,-1.1223994367761407,3.1371750981616344,-1.1881910328481486,-0.6263611310184125,1.3593924781938609,-0.6096611431350503,1.7504823716433615,2.521718013557863,-0.2575159443865855,0.7529132861815546,0.8202933720175155,-0.6461425592903395,-0.7219912382427748,0.1851734236671352,1.5479562955846482,0.4297651996301528,1.2616635867978634,-0.1399616159924233,0.7875902195600748,1.2802456756534988,0.6894082824649083,-0.022057072769397,-0.820403146228083,-0.3035239808880941,-0.5110843850098292,-0.3102865928240825,-0.8643102450648406,2.6279849145744776,-1.0113090673909213,0.7501197691276393,0.1934239440019458,-1.0441700588180176,-0.5507698582481529,2.409059800172807,2.315216649702777,1.2137628375704874,-1.3016640199566474,0.0806212848047971,0.1832242783876907,2.7512484678038027,2.206291988954756,2.266352067554455,0.1696498208769678,0.653763591050909,-0.6661473605874799,-1.3271485394540603,0.9180180601322993,0.2597265391298015,-1.401038609270224,3.61540792722374,1.28572186795024,-0.9626796732161172,-0.5883771427662129,2.0777935108978,0.682983922350818,2.033523523783629,0.076531349118304,2.491470285696309,1.85139545699472,1.8160197159812532,-1.3058756359364652,-0.1440421521332033,0.0701848878380474,-0.0006094834913233,0.8884040030725345,0.4955317060231516,0.8418912805328868,2.670161001676144,-0.7957645178921825,-1.0308941033693415,-0.1723223317787969,0.2085973898372194,-1.3237046344037344,-0.4107498576580285,-0.2768727886982588,1.184433610121702,-0.9532575356691776,-0.1859725556597491,-0.292388858661843,-1.3232253105742022,0.4999690763500735,1.1165967682361684,-0.4733970332458521,1.4840508741930512,0.8041780839713333,0.3552026898048373,1.6212066081550864,0.8849990046778403,1.5503187778294576,-0.7174968001378343,1.4222727218375426,-0.2266784509512364,1.242432272376253,-0.2548730341748969,1.4635717543810054,-0.5248170594528065,-1.1849149694273904,-0.1008320198502404,-0.8495138358941176,-1.1877343013211976,-0.7184465076176957,-1.1115102229978884,-0.6252035529484681,0.2018512459440757,-0.6085420970410074,-1.2962837225592516,1.138181835314631,2.504377431482114,-0.6854848341680485,0.4611458146253172,2.3571162669160595,1.3536776335747072,0.0708948732641236,0.083644640168145,1.6687709964931128,0.2172476613734153,0.343993304883759,-0.0190484752508827,0.2628193367242934,Control
MICH-01596,1.3765559178164213,0.2519142608231859,0.1295205338393432,-0.3696419452286116,0.890118940122353,0.8753666697339194,-1.6004705671906878,-0.4005919610240843,-0.9625245999910886,-1.1775648864257948,-0.1326204762856761,-0.7803971402040571,0.5124228087233519,1.6964446180212722,0.5335661848981779,1.9989280101414575,-0.2955352472262464,-0.2400764122687524,0.2489407680263801,0.1847278139403055,0.371689419112733,0.8132763690986705,-0.9524021352455948,-0.2478132940738294,-0.6569088708615575,-0.6093932854527785,-0.7835228994338738,0.4033914963310772,-0.0576820588165847,-0.4570857303640964,0.0725624077313647,0.1324252696376131,-1.003463071044402,-0.9378677057543175,-0.3372885227787601,0.3308848261279491,-0.1380002998441526,0.1963548943044663,0.3505656106081536,-0.5338298365315747,0.3387796551796674,0.1174609173777739,0.2242884450720534,-0.3020309193027178,-1.4020031837159033,1.3114993381694178,0.4184504272466078,-0.5424377495109507,0.444159654961776,0.2933825670007197,-0.523278817756379,0.4422384135133553,-0.614221283724527,-0.6381228921538912,0.922022076064312,0.0938073419091802,-1.1620111373324584,-0.0977229836740714,0.5648215888384283,1.1393838667292524,-0.5143188161711187,0.5077473468254551,-0.750323270035722,-1.023786279637264,-0.5762882374426138,-0.7697076742420447,0.0434896154549706,0.8823495133360667,1.5804485563531414,-1.201241744024484,-0.2868510132971181,-0.2541125894091983,-0.98341945001652,0.3395661411507927,0.317639754026638,0.7040049085341775,-0.6481856456295197,1.6513246904126084,-0.623033087303699,-0.7034310280393267,0.0349683956478085,-0.9822081144332212,1.5633044972372503,-1.1881910328481486,1.4700419704077712,-0.7036464526678486,0.1521865081811435,-0.9425181045148696,0.9774214399186248,-0.2575159443865855,0.6165302483897854,0.445957413019578,0.6143503265606117,0.9379101882797224,0.6312241440010633,0.074685345276305,-0.1354148484466889,1.3597290622128633,1.9156336263013,1.710593483005963,0.4956506901876419,0.0761390698776571,-0.1546762689120566,2.283827654808055,0.5273116087376847,0.9129180306986652,0.2346821122107147,-0.8643102450648406,0.1709292759504372,0.7278848356998535,-0.5589605796190251,-0.3241192772229078,-0.1213738070683851,0.4119069580243445,-0.9421637373070229,0.0306267685988157,1.1229862816760798,-1.0619747105985435,-0.4198067786156417,0.1231373310950622,-0.169853491231174,-0.6646566207658806,-0.853785656585416,0.3635615137646065,-0.3788429679348559,-0.4452930211548705,-0.8923219804697078,0.393705374398361,-0.2809132525921753,-0.1687134437032764,1.3689009230813058,0.8313405174883155,-0.3559100276842608,-0.146266990657733,-0.6186318137029965,0.2685661746945357,0.4988979996744284,-0.4532262446981723,0.2003036621906516,-0.2740366564011408,0.0695030859562623,0.600764587892612,-0.6870082174155695,-0.5834496100887645,-0.5823792962992289,0.754617243912322,-0.3678168527056293,0.0991169865824796,-0.7736329111483552,0.2848739692650466,0.2590290164523523,1.6951471600952397,0.4681822210506001,-1.1013420696628022,1.596859457447622,1.652317775175378,0.9641882508133114,1.330005945245041,-0.1061048407833296,0.4936261659877408,-1.029162686259752,-0.5342176750461717,0.698045687198212,1.9428179419021432,-0.3585822391657406,-0.9725557813500464,1.862927188622513,-0.3496311683808523,-0.7826376673048873,-0.1342201512438194,0.6710910661092792,-0.8497851702738928,1.324821488983657,-0.4755774139252755,0.3373139395775878,0.819538038851434,-0.3308868157870867,-0.8178494553576267,-1.028254163307644,2.3846625859731807,3.169797162956325,1.3890716205484883,0.5875542446414891,1.175253948948265,0.306200335562177,0.1760643668294208,-0.9529086733385606,1.208272804653651,-0.9885986932397438,-1.909952385631392,-0.7121332556733787,-1.0130827111117864,-0.9615689158070572,-0.3270871955855502,0.938460004885442,-0.2024787150168183,0.1482418531091544,-0.0831032216634881,1.0245582990838733,-1.0846829110750758,Control
MICH-01597,-0.3614671412205502,0.6003864361959509,0.9644079395987843,1.3587706360987757,-1.1810937404462412,-0.882873130988771,0.4618261960300762,-0.6800773866003661,0.0216563144839683,-0.904883988616392,0.4565141471764588,-0.5895327254600486,0.2208394501565195,1.1012634514198356,-1.712880615622,2.424348843032672,1.0862637366483927,-0.2598142489853524,-0.1556742616032369,0.8412183011519304,1.2802190366754336,-0.2720882981461436,0.2516643672161354,0.6052807194428457,-0.962064007360224,-0.5887516671722158,-0.6600050686492667,-0.7106425460416812,0.916010896341934,0.8543258294967053,-1.2104145758723768,-0.683947626782524,0.0717352267412486,0.464409958904722,-0.5382990745969287,-0.302600927004412,-0.425739905492784,0.5636167707968246,1.467402108009977,0.7937326042368201,-0.5464367974940995,1.2068638285470896,0.8843441105816102,-0.1218385464341908,-0.937468473339942,1.724381940867993,0.6579086392383974,1.407763890655242,0.1065702625206297,-0.832365653580589,-1.1151364059542646,-0.4286900065005173,-0.614221283724527,-0.1917200499341265,1.4586659959113228,1.3123317295458374,-1.179243034871107,-0.4360610127912686,-0.7352655155972039,1.05318758770447,-0.7332965070898918,-1.111494497848727,-0.6373677419707895,-0.4276426467208206,0.2018824413756823,-0.3977202217165733,1.0537875359901347,-0.26343938332024,0.5007642894065297,0.1801330510827946,0.2534558105200696,1.044099037648076,-0.2452890325102173,-1.3927181583237878,-0.0764342841815305,-1.1548791808938852,0.5039450089546182,-0.4591248669603582,-0.2265264540167761,0.6026449717558579,-0.4598837805720419,-1.1223994367761407,0.4038029469204988,-1.1698248859470322,-0.4416665308567508,0.872530064231411,-0.4892621710609386,0.2486734510081218,0.4402943299718094,2.111363343424641,-1.1400125402380468,-1.7691600888861665,-1.3641671248215357,-1.818394191452216,-1.5452390821839237,-0.3271334773361892,-0.6568112884915386,-0.5448178568556893,-1.1885843432512828,0.1952520926823308,0.1305045508367628,1.5177315276215524,0.8772242949674373,-0.2282703672762586,-1.1453311145962113,-0.122767484853534,-0.2109866674889767,-0.8643102450648406,0.330683619744026,-0.2179032761800763,-0.0799682968763628,-1.4044539399657778,-0.805959295641136,-0.2521255669007538,-0.6976967142020669,1.0521668341814676,0.6818749779395259,0.4639583687447238,0.0806212848047971,-0.3518544441470469,0.0488463161969274,0.0382953392783642,0.9362871697843346,0.9277219048242864,0.2193671044509108,-0.7937487294792889,-1.105358355054171,-0.0304232275140793,0.9442941226669066,1.6445027110379806,0.6273152775319312,1.0859439575288687,0.539859247763969,-0.7308914338959506,-0.7149547374948023,1.0838117266456893,1.2433795687998923,0.7336100072072652,0.5715763402770568,0.414333282727843,-0.6354285560125752,0.311107818899704,0.2189429470162792,-1.102684514009915,-1.4740671144308108,-1.5060046576073507,0.4955317060231516,0.2043000786078385,-0.7736329111483552,-0.5159134418596255,-0.2706595550605578,0.4771056688005088,-1.3427784841475738,-1.1504208613519014,-0.2054251864615298,-1.1265975063965985,0.4194382746132176,-0.0593340693616829,-0.9049001688485266,-0.6922920304533493,-1.1280730730416422,0.3976014201907949,0.5558281503501411,0.4469410722991629,-0.0213404109848359,-0.9725557813500464,1.0374478423854518,1.0886678368754297,-1.490819714642699,0.5806749120152216,1.854447545668781,1.1970443318081163,0.4352713117389473,2.160966674727475,0.1341686968110173,0.3112878251894554,-0.925236430363861,0.9529050119186644,0.3105321515730506,-0.1820462782369671,-0.6138012156910541,-0.1076113415057781,0.4252866676570372,0.4421119829486594,0.8072990494861844,-0.8370355139809597,-1.0290739056850475,0.4319622278885223,0.5045025409156596,0.4175060179955224,1.1916440305810294,-1.0564375176424434,0.1272023334559202,0.2939060582952976,0.7426834190917343,0.2151114076595627,-0.5686404899693377,0.268070980256298,-0.3242014548285474,0.9133697809299725,Control
MICH-01598,1.2057525307377257,1.183552673523532,-0.0669241709352624,-0.534053171847298,-1.0965800722566228,-1.1870612656263368,-0.4697050037761505,-0.6800773866003661,0.825525801445311,1.9212055952725584,-1.001303112185763,1.5705642546198626,-0.8534997059761049,-0.2180907603856764,-0.2385186085784843,-1.4398290911215856,-1.3337186881797831,0.3576566401423361,0.0678283338398543,0.7000755305360388,0.5948891853978916,0.7650374148696153,-0.0262302440011659,-0.1305443174021232,-0.1790910673086335,1.996322637806827,0.3286192388846759,-0.6597710843068241,1.4722227509804926,1.92618202708025,-1.2104145758723768,-1.1541894101937378,-0.1957114058230527,-0.9378677057543175,-0.5382990745969287,-0.8185299962540467,-0.8612083022666125,-0.9598989917924996,0.2811819856120782,2.0488918203185444,-1.1279735679380776,-1.217580299990258,0.7378890239673871,-0.2715786099421893,-0.1489239300838235,-0.4650157944857285,-0.8592071572338873,0.698569748377954,0.7324181884767911,1.7195973515149738,0.2343760067684406,1.139392523202344,0.0593565779458268,1.7919157929634597,-1.2673805219356435,-0.9829062211712276,0.2380452144918143,-1.0681001022167091,1.586490197070625,0.1736234302220937,-0.8403989924188086,1.4706688567908384,-0.8691875953856397,0.2742249763488225,-0.6801744452307019,-0.7697076742420447,0.8071288949018549,0.4443540378979785,-0.6442411455318908,-0.0910662113227831,-1.2097540100103548,0.7243347106125595,-0.6647564203628755,-0.6294524515686218,0.2586931689528206,-0.3226222149863329,-0.7783862481287409,0.2791109531231011,-0.1453500320402415,-0.7034310280393267,0.0063591707323349,0.020716514300918,0.1322574606450133,0.0595191464239295,0.9517323868664946,0.4178923557718279,-0.6096611431350503,-0.1527977177778453,0.6257541778109611,-0.2575159443865855,0.4781464101909869,-0.9539825820922608,0.7779551696541579,-0.7627508941966423,-0.9940156136571896,0.380732255308292,0.5976543571167467,-0.2187563491659634,0.4231164654288907,0.9544497967310828,-0.1681766177850272,-0.6750758299850432,0.8595614379256723,0.5011707262950328,-0.9229443326845022,0.4472737493512862,0.3229309921873831,1.2522995012084002,-0.5789021521095988,1.0414718710448831,0.1306038604400464,0.0403627680755673,-0.6306936725989425,1.077558921756211,0.1633521991913811,-0.2037055395883515,-0.0078843471290265,-0.7371184474590099,1.355968902667554,0.0496800891795057,0.7172404494874557,0.9213039057755492,-0.1069131183315601,-0.6563948939930222,1.4251680726911282,-0.6913767939374981,-0.1508994601860496,0.7457620578576742,-0.2280823587233102,0.7282322154615161,-0.3296551757315556,0.8313405174883155,-0.7728701300543243,1.1281112194762946,1.451295254158851,-0.1603954804412898,0.8134762137746047,-1.2146161262016957,0.462030680928052,-0.2194788284162426,1.637991536010469,0.4181725930429352,-0.2311072887879783,0.5799027652235562,-0.871745051804483,0.6172624204369727,-0.9219385822078424,-0.7632972282409745,-0.2298772039438954,-0.5763133337639297,-0.6425108044405736,1.8372832622806692,0.7489633144780384,-0.2846535832068656,0.6959336239067078,-1.163092696385073,0.0240827741144102,1.5373314106785705,0.8545943157929206,1.6009686448067697,0.0776586428725034,1.6110026750169812,0.698045687198212,-1.5730361712953442,0.0351061526244125,-0.9725557813500464,-1.2208389169898328,-0.4905888866761745,-0.3454589376814097,-0.3058245365848078,-0.9848991170807204,0.3991660185152786,0.0883752283134877,0.0403377293185975,0.7261863553461613,1.034461751015098,-0.62331866648452,-1.1218408922210434,-1.152057899986592,0.7536736349267444,0.1847247579966848,1.2502887052240002,1.929306952430752,1.7220888924703517,2.376965096584688,-1.024495127614649,-0.2839297588923475,-0.5586757709372843,-0.7879688617271488,0.8124301025143836,1.378110880637463,0.5692752338910205,1.0134622588244668,1.2149001906482488,0.7029744315447957,0.9806068559878086,0.3942001607105197,0.8908568105529789,0.6499942801447319,0.4330826038269107,Control
MICH-01599,1.192281139344288,-1.313732232354524,-0.718731696768827,-0.4368687837930854,-0.7788652320647794,-0.6614027413881243,-0.1462098228664712,-0.6800773866003661,0.4705628545456122,0.044826245964505,-0.4164290529212264,0.364379329102512,-0.2810738590277416,-0.481946350540766,0.0623937752512486,1.168068882793301,-0.0828040531113902,0.3576566401423361,0.8328313401646575,-1.1861626851603686,-0.4917910848250024,-0.3904731457085225,-0.5949939996623778,0.0410961162851121,-0.3995100687472684,-0.2364141620669812,0.5150475186135071,-0.7106425460416812,0.0703291986487543,-0.1128236562898497,-1.185299330577471,-0.4720541462473319,0.6043927999929903,-0.9378677057543175,0.0826489251550798,-1.167510975941607,0.5749185373614993,0.2654986011293056,-1.140523673054807,-0.184956973934175,0.4950906298346569,0.7261578440702373,0.6007419751812978,-1.3799283109604106,0.2135593799074551,1.2175453721940972,-0.6491998260199694,0.2122849073634913,0.7324181884767911,0.6193613144513985,-0.8088209874278023,0.5022126619075884,0.749710854427032,0.3239165432845827,0.5596599865408601,-1.2250478715981177,-0.8161182467793465,-1.269656606292058,-0.8391186380311532,2.869304466197579,-0.0519622768578244,0.7670292570489041,-1.3050169081497172,-0.3134453824127315,-0.7864490497118372,-0.7697076742420447,0.6483101929576587,-1.4260976668706051,0.4146392885156327,-1.201241744024484,-0.6484993005529863,-0.0330556162025788,-0.2556491258657054,-1.028344512343541,1.53303081923299,0.4693368189375961,3.03567461441476,1.99235084246017,-0.7420946136188615,-0.7034310280393267,0.5555653126017541,-0.6975081765480733,-0.716215135431237,-0.9128970805310984,2.1061308507405867,-0.031471684547912,-0.3157629128109762,-0.4661063185930303,1.1036139323680054,-0.2575159443865855,-0.2459682319217114,-1.1288001282424596,-0.2369449088889941,-0.5216247349266854,-1.4537705614563143,-0.687139034670071,-0.8647278729672339,-0.9613275209220252,0.6299923407588733,0.5331627533944938,-0.2944892033203714,0.5300188961264741,0.7701331335389112,0.8064131687264096,-1.376744716974412,0.3501038527627596,-0.177097329941868,-0.8643102450648406,0.2513716353805053,3.0190278438938623,0.4614436025259197,-0.096705271223933,-0.1213738070683851,1.7866293579092063,-0.5637996226887568,-0.2941332273741854,2.609401413261656,-0.4130329304606224,-0.373131476830128,-0.4250424936946921,0.9298472414584849,-1.2605997337263224,-0.2198942548954444,0.9062652002495366,-0.1440050742931962,0.2411373470137562,-0.8216773948968371,0.2740368234313862,-0.4259141657587269,1.7508681868711806,0.2408876588175037,1.4149348063622895,-0.9626796732161172,0.1426074389570097,-0.3202895317573915,0.2685661746945357,0.4988979996744284,-1.0833718417060998,0.1238895247086577,-0.1111933083343063,-0.4604618607614019,2.5175914338977816,-0.5929402320891634,-0.660167869121007,-1.0231563323209756,-0.5494683806469559,0.2499371487200469,-0.0353302974616272,-0.0869835258232056,-0.99577002257601,-0.0018018626921252,-0.4781240320725369,-0.0956469726494124,-0.9612044479603196,1.0968935037251968,0.9864300377756132,0.277502875084037,1.116464237770599,0.3967237890842369,0.0476467712478265,-0.8303338461129085,0.0708670350439974,-0.1767390548570934,1.0631736774931644,0.0537317743859101,-0.9725557813500464,-0.0302642128669422,0.5852237140200505,-0.6097151815128825,-0.7166724122526532,1.0882662993697128,-0.4219154669162765,0.8100001358848881,-0.9350906569856544,-0.1824552294409194,1.034461751015098,-0.4273469018101209,0.1937382792017601,-0.8140362155134362,2.744962614024194,3.429244468451792,3.0942100433556505,2.5546188611709937,2.750430759882099,1.7479268884008552,-1.024495127614649,-0.982999643960895,0.88386178755967,-0.9885986932397438,-0.4108220486256703,-1.412408972623625,-0.3015012497566925,-0.5789048411243983,-0.0090141429935215,0.5015634546680228,-0.4584313022755237,-0.0865920831092583,-0.0432881463816341,0.4964556734507228,0.1744513366026248,Control
MICH-01600,-0.382068268863811,-0.3683564707341247,2.256529012210994,1.9370337682335197,0.3995138105138558,0.2553710911071333,-0.7346806061643368,-0.4123913940446074,-0.2871573432782646,-1.4380607487179933,-0.90345944916275,-0.1988817008972461,0.105890135725166,1.193647435210197,0.2650615676167042,-1.1826028364682335,-0.8932309833007598,-0.9316856207733032,0.03105467765526,-0.0471101306668239,0.174313205581757,-1.264461902991168,0.5165684048099505,1.4621608024869013,1.6914705755756114,0.7066657114102259,-0.2660888660131772,-0.1236931143767002,0.523815049392052,0.1180663002674458,-0.0145300101799661,-0.5398955113762983,-0.6574974781917053,0.6269586021072048,-0.5382990745969287,-0.9442155142218251,-0.8612083022666125,1.0330240093577394,-0.6083432590450571,-0.4625861382061785,0.2755908054249951,-0.0578600044309649,-0.7863813838230589,0.7240315070932324,-0.8207656489033746,-0.4099478919928503,-0.5435888734728205,-1.1552594271145402,0.6969644112705561,-0.4118438427002622,-0.4125999001034175,0.8284814817197217,-0.614221283724527,-0.5952066835243351,1.0293569625184078,1.1269873269370496,-1.0780029077507334,-1.117503231463132,-1.887557165169317,-0.8095705736601594,-0.7685472971204436,-0.5553746781060575,-1.2866138748032006,-0.8409818349997733,0.2665372253304875,-0.7697076742420447,-1.3563317679728335,-0.351180009720516,-0.7637571207737353,-0.2343940584231808,-0.9773037460653838,0.1814666873868769,0.0306474405230876,-2.5246778727965165,0.0782502980801634,-1.1548791808938852,1.031908781279995,0.9814763861570192,-0.2265264540167761,-0.7034310280393267,-0.9536777305937184,-0.9992250276879154,-1.465724025824971,-1.1881910328481486,0.4507260673774705,0.28257346143747,-0.6096611431350503,-0.2027894675585737,-0.0704343048667247,4.977098943184693,-0.4488361753316168,-1.909580380250686,0.1936190123357125,-0.5216247349266854,-0.4276121437085078,-0.0864705139789532,-0.4889221310049447,-0.6462361586858538,-0.9384748070415662,-1.324605313992547,0.1875448311462297,0.3676776873022915,0.0641190678843594,0.4825129733352812,-0.4164367735599207,-1.277413997890881,-0.9209597428817762,-0.8643102450648406,0.9750280672667362,-0.4407740968394504,-0.9468631165504232,0.6904766711957943,-0.5154134472331972,-0.0711406052391266,-0.6781979009232381,0.1442656189928,0.3707933263697175,-0.5558331087055912,-0.143360950659307,-0.1837952318773103,-0.1030390265973099,0.0382953392783642,-1.063679629991827,1.6850199474127063,-0.4745316884181027,-1.1437098920505566,-1.089323487892335,-0.9927157094686628,1.017955779862532,-0.487254747354754,0.50202007927458,-0.0967956125709311,-0.9626796732161172,-0.9136865221168108,-0.5245107507149791,0.624634633547291,0.6945845156643903,0.4240109047656852,-0.3918462590130662,-0.2740366564011408,0.6950242233923971,0.2294492781355457,-0.3194883210591133,-0.7395020217177362,-1.4740671144308108,-1.944610003361572,-0.0948517496369158,-0.3724568741999807,-0.5721722643801949,-0.8314222479602412,-1.0806787712853183,0.865582142632006,-1.5105473293245864,-1.0693055239458586,-0.97665462276869,-1.2367239760164197,0.5436374499692186,0.5695395374140508,-1.390253920681089,-1.017168936942828,-1.0945549056875152,-1.0585851575383054,-1.187366729322722,-0.3125406779919902,-0.4639220741638316,-0.9725557813500464,0.8023422282168632,-1.2623297548063928,0.1135062279889892,-0.4800758803565489,1.828485856025569,-1.1114398562223762,0.8911704160642886,-0.0619752668740831,0.757606366244988,0.5963283154839433,-1.6150567793124455,1.1360040849864383,-0.4275431604335455,-0.4563967115779395,0.015308292279891,-0.555211442748106,-0.6878398287839933,-0.8024629790078117,-1.4348555268370926,-0.5618281819916935,-1.1085090154043364,0.6537738785318306,-0.7879688617271488,-2.273546092097161,0.6609962426698719,-0.6471947185195932,0.0261664955594171,-0.6186565361042461,-1.4647283208433075,-0.6473217076289413,-0.5038695326035941,-0.1633528007744887,-0.1947988884270793,0.5635270482506478,Control
MICH-01601,2.1291051305324045,2.976311696961543,-0.1143406657539498,-0.6796148117864532,-1.1810937404462412,-1.1870612656263368,-1.1625292352646313,-0.4848719010310849,0.1770135798814672,1.2879455124173904,-1.001303112185763,1.745974922304733,-1.6369704243300005,-0.9573621598542198,-0.1069546935641902,-1.2074782626014744,-1.3090730093615417,0.0800653924551456,-0.0430588730148016,-0.0471101306668239,0.0394445925864899,-0.7939197184878586,0.3056449152016854,-0.5205259421065555,1.5941798997593015,-1.5257705895452611,1.5544254328793152,-0.3069946052690752,1.290847148404343,1.082829225842345,-1.2104145758723768,-0.8408205748890203,-0.8706031338267405,-0.9378677057543175,-0.5382990745969287,-1.0661013440509095,-0.8612083022666125,-0.9598989917924996,1.165628743466729,1.3837732725578589,-0.9816258752889252,1.2355273290238216,0.1191925194209451,-0.5201405912574879,0.4409688964047588,0.3326740605071391,-0.618527291545955,1.7928114019548755,1.2787540925541716,-0.069360168900199,0.6055362726240012,2.881634681668276,-0.614221283724527,2.0384125416291403,0.5287009907840803,-0.7473274896394174,-0.400184303574882,-0.3946693729597018,-0.3309618060717467,0.2155792186508149,-0.8222637113814092,0.1389005619027615,0.1273536389527885,2.713506249241608,2.0106709994996046,-0.7697076742420447,-1.080644780325509,-1.4260976668706051,-0.2903476262904316,0.9286731197558468,-1.4886830448818031,0.9812633534042616,-0.4421495726850492,-1.07949078749765,-1.28965336662411,-1.1548791808938852,0.2576839299286342,-0.7362107584678751,0.3168094332797616,0.0195324325881406,1.8172002049290124,-0.866827503759058,0.2006496171340425,-0.5335767630357426,1.7661954649327096,-1.1891478946725582,-0.6096611431350503,0.190308606023659,-0.5734969246340789,-0.2575159443865855,-1.534284679293675,-1.6331983457610488,-1.0911889238725856,-1.8659698905716404,-1.4236740568635868,-0.4524433394353374,-0.390412930112443,-0.6804312169447038,0.4231164654288907,-0.8346939294205968,-0.1681766177850272,-0.1817081877471734,0.0853937946829317,0.8064131687264096,-1.1453311145962113,-1.1031451648324098,-1.0612818089656872,-0.8643102450648406,-0.1628197574619573,0.2383340932686524,0.1761159973704069,1.4080689467626062,-1.7277684510646407,0.5255771222361916,1.121832917197818,0.5250039309861997,1.1776571058028436,-1.2125774873265651,0.7616525550927539,-1.045495344648509,0.3963315680029057,0.8193761795023914,-0.2579452415825635,-0.4583674279242504,0.821783741829947,-0.6661473605874799,-0.8355977537302742,-0.3427513278153458,-0.5197593524581139,1.177381912896955,-0.4061267598954261,1.1756433060216045,-0.9626796732161172,1.3132059451084752,0.6774645746437935,-0.6049591195643409,0.1122896442563864,0.160570609570473,-0.0312123152223596,0.3112790306478385,-0.2687349512737049,0.005709064684001,-0.8148333502943105,-0.3219911245206898,-1.4740671144308108,-1.436402238486138,-0.7533123065069831,-1.2187119228300345,-0.8760390493700162,-0.6178762861101494,1.420362266014708,0.7035237355155578,1.2499516591680149,-0.7616916229419439,2.4963786961698093,0.4149647077955838,0.0373011684439017,2.284853334805756,1.1935436940501298,1.8394635192632285,-0.6362921835007523,-0.1307722244839476,0.698045687198212,-0.8413429330599577,-0.7068091480149167,0.0398704345946285,-1.2208389169898328,-0.2943475476519145,-1.490819714642699,-0.191132470489333,-1.2629698281840398,0.4267021181728278,-0.0452826874688186,-1.7213403744157174,-0.1465347197398877,0.3112878251894554,1.1313736865804127,-1.5467607849609042,-1.028254163307644,0.1558718474817839,0.4356675528527671,1.3206154710126832,2.0999261349074305,1.5493917611407748,1.7479268884008552,-0.8507165628310852,-0.7684096315677035,-0.8792214446021459,1.9712616284624376,-0.4350458717622507,1.1916440305810294,1.3269672381235529,-1.175942260596713,-1.175631982219444,0.5422339226245322,0.8894895859127334,-0.917581720074998,0.3061251850071483,0.9027745535164616,0.4989172772728458,Control
MICH-01602,0.7023503369447557,-0.8187583160862949,-0.718731696768827,-0.1051067519343971,-1.1810937404462412,-0.7037196933168093,0.3115994216914526,-0.6800773866003661,-0.9625245999910886,0.0661655743416398,-0.3081055068823322,-0.2736496003552302,-0.4556643752207204,-0.4436722601899163,-0.8864686633207056,-0.6978591632503456,-1.284602746113759,-0.2598142489853524,-0.3086113533142859,-0.0079842148890196,-0.2742494495778107,0.908497654172152,-0.9860397099183034,-0.7096086330188147,-0.5044903481656899,-0.6510411482382806,1.043952894654158,-0.7106425460416812,-0.0147963116172352,-0.7090266929307281,-0.6117427018045283,-0.2630931144213191,-1.003463071044402,-0.9378677057543175,-0.5382990745969287,-0.9054996296386828,-0.8612083022666125,-0.1976086288664477,-1.140523673054807,-0.9398235006650266,-0.9565156186082696,0.0018065312317082,0.6162431008793535,-1.5696063907639657,-0.8207656489033746,0.020690350044575,0.1728407354833153,-0.1158577400070857,0.0681401072040753,1.892770755547646,-0.1686981847074787,-0.4873277184610646,-0.614221283724527,-0.1917200499341265,0.4658138072899623,-0.8879072084107097,0.0501237951771243,1.6466159045894675,0.8744509244804267,-0.1765747598468921,0.1853762063031118,0.5957274298592483,-0.5429367386803192,-0.892403097113512,-0.6539832040827627,0.1941464308323517,-0.1939287344179036,-0.1989782839227787,-0.3619723826147704,0.6314915029222532,-1.2097540100103548,-0.2916190098050986,-0.98341945001652,0.5554856541322895,-0.5663068657964376,2.089328496535876,0.2787172567331653,1.4147917433598731,-0.3089880441179558,-0.7034310280393267,-0.5801750548158263,0.1028773082888188,0.6700753706621203,-0.2263987251918562,-1.6788319735684205,-0.6258032288246769,-0.6096611431350503,-0.7347190539229547,0.6969698960275816,-0.2575159443865855,0.2904189052057104,-0.2451777251242732,0.6616343640804788,1.03381106361498,-0.1911987340909531,0.074685345276305,-0.07333438122164,0.1799814807914101,0.6707615076473001,1.1318104230649342,0.0920003601656289,-0.0518365569040028,-0.1100101657007713,0.444949613461561,-0.1382396632022338,0.2826969956683327,1.1665548313853826,1.225143517602588,0.7113408683068579,0.2383340932686524,0.2658103217915715,-1.0098176160406962,-0.5154134472331972,0.3424169377357166,-0.9000073044530658,0.0877302956569659,1.899923735705967,-0.5191224297959004,0.4276555581142826,0.5065124520263364,-0.306759761902981,-0.3133919244803556,0.004351782561077,-0.2407052107270187,0.482527549120324,0.8536698514369407,0.0434426759384484,0.7457620578576742,-0.6162484104160543,-0.260820123384411,0.6887263265676105,0.4127490581108486,0.0139091650956829,-0.0809193697591589,-0.5245107507149791,-0.4124487977224969,-0.2745753752922611,-1.4477894651146332,-0.1099304347672077,-0.2194788284162426,0.6950242233923971,-0.7898501258788705,-0.6241283966254504,-0.8923689606538745,-0.2041956484273071,0.3555178494081238,0.7053173136249713,0.0724957616161586,0.2835772445111118,0.3263986457733842,-0.5951546691061402,-1.2838653785212777,1.1641520229740665,0.247074584791262,0.4966881102652613,0.4433864384292684,0.2285824140064261,0.1209947456711073,0.6078413839791814,0.5330102404005574,-0.0559797453093667,0.4124129993799698,0.484198221641133,0.172929108169793,0.0537317743859101,0.2688682949010781,-0.326493721162557,-0.3496311683808523,-1.2556249803533426,-0.0775931079791178,0.1945475404804143,0.1090928416132534,-0.1355178168846306,-2.0762507810390765,0.4366457972739365,2.140735622876843,0.0912249772155698,0.5429041028823895,0.386301524612653,1.7565748154654124,2.1287149614481278,0.4642975697653413,-0.657628932115891,-0.138251326704695,-0.3051944497603683,-0.4081025279882746,0.0996681940644609,1.4781725928971792,-0.4951005483428468,0.1101861087334624,-0.6558427359719073,-0.7845701272139355,-0.3763860225933815,0.7799589016933212,0.6630768020189752,0.113086946956915,0.2256870540312398,0.6040086439460846,0.2453001369628276,-0.1050029940374837,Control
MICH-01603,0.0281447560730904,1.4644055969058518,-0.718731696768827,-0.6058000342372414,0.5059434100868486,-0.352494380692028,-0.098364301939374,-0.1589524982283545,0.119466284245801,1.1061223428037326,0.2710465088440589,0.0682625484320554,0.3142172278709433,0.4877783374122609,-1.4095271869795702,-0.8973173243837348,0.1976726307716342,1.5203806904883426,-0.9973234602860028,1.855559852756317,0.5948891853978916,0.0684412817922694,0.9403021338005134,0.5796049855875741,0.0332110351206506,-0.1083371826556366,-0.2660888660131772,-0.2124230689429714,-1.0124088448773836,-0.3519404105418377,0.9720165649451676,1.194269280836032,-0.4519378949454778,0.4477189256939411,-0.5382990745969287,-0.7130223638490419,0.0820343696518269,-0.9598989917924996,0.5211472492474554,-0.5338298365315747,-0.5370507320407858,2.4009147314688764,0.9553803244959916,0.9224123268456788,0.259903588705107,0.1256978915353514,-1.2651286052364847,1.0164102978334146,0.2584207513855842,-0.1897265043329848,0.5248787965889764,-0.3142752555976404,-0.614221283724527,-1.02485984094743,0.8107292624306865,1.2016000009123606,1.1109426095833983,0.177841191015754,0.0566647568790208,-0.3386010652968056,-0.6640899300368011,0.4855000834478359,-0.1219659136276911,0.5028696918477535,1.1413541077998584,-0.7697076742420447,0.607711184660323,0.1464195424852622,0.4579633085518264,-1.201241744024484,-0.21767657985417,1.9818501028422768,-0.0319822357896474,0.2957445500058272,0.016860288380314,0.8866667171116612,0.0197319025932029,0.7875981940960098,2.0200253383762146,0.6973987638113921,0.3197013031841107,0.3225076561550542,1.7473689917541009,0.7314204656278666,0.2443126266866615,0.5507281939800127,-0.26786133014303,0.4172309111745377,-1.007023251422292,-0.2575159443865855,0.3847496492477631,1.129563167023723,-0.4961907594866626,0.2277561996780767,0.2485602662697109,1.0477194588673142,0.9459589584507266,0.7991313122420353,0.7517094539170797,0.8064881777015089,0.6659513812933076,1.1133498877472454,-0.1771859458485652,-0.6705770521489132,-0.0040708917657915,1.4449899806609254,-0.0065571722293258,-0.8643102450648406,0.9983998467544276,0.0193255723987211,3.763205088404461,0.4018529359646594,-0.1213738070683851,-0.7216812942583138,1.3573058064260035,2.0600345908086406,1.267419339546571,-0.7235847154765546,0.4276555581142826,-0.6525226204614154,0.7893123811991722,1.4734215691937524,0.7058250619722278,1.9034252464718344,0.3079501061264723,-0.8458309965815753,0.6292524041531617,0.0310854289527495,0.0728546501328762,1.07869506707739,0.907243703979946,1.1309789631174334,-0.9626796732161172,2.0963491148727638,1.19896589524896,0.0865655006718937,2.0711645502675524,0.4615031576106733,1.7478013830418402,2.11695354218505,1.8160197159812532,0.4446231392410589,0.78613111825694,1.02944131856045,-0.0759584192880827,0.3310498668932475,0.7053173136249713,0.7720746877572076,1.0665772766320183,-0.9178286026206846,-0.362149245262426,0.2376179677636126,0.4999521696592841,0.7879910503815739,-0.6551416759190312,1.1911766247795683,0.4078755223804782,-0.2819336775249543,1.4533327912127003,0.3743441817813854,0.8801065096676924,0.6686731849718651,1.1852071570509035,-0.3652875225808928,1.263064093846445,2.224236228085414,0.3184330156240278,0.6310809480979731,-0.2871607320685925,1.792235334065713,-0.0735895791418618,0.1990682720913634,-0.8431659746216149,1.8070411426818975,1.6106156364380635,-0.1877099270005129,-0.2830290496872922,-0.5034584509466322,0.544039891895002,0.5622003483051159,0.1539051077386822,0.1995632830428664,-0.1862533014027245,0.2944425857673075,-0.5334060193827613,-0.4722235226662066,0.7486966525207216,0.5543079236371851,1.4824657481033718,-0.7636953152879631,1.378110880637463,1.419075196758107,1.9503806910124712,-1.2113505966844744,0.4196268513907299,0.9503695222847228,-0.917581720074998,0.1139561410428948,-0.2461614015362868,0.8402581327742408,Control
MICH-01604,0.5288565948199121,1.9150207922432527,-0.1788733762708211,-0.2912318776652233,-1.0801349216610474,-1.150808807862568,-0.2927473853255137,-0.6800773866003661,0.8737345406642073,1.3041139958885095,-1.001303112185763,1.3021905891738166,-1.519539850585968,-0.7954754957113438,-0.4907654170476224,-0.7411959805981501,-1.0263337011964804,-0.0297405734833157,-0.0804026659222868,0.7709691640919352,-0.5658929938599977,-1.627182978795516,-0.0834823943940184,-0.4895937367108759,1.368537097410538,2.0455588627236296,-0.3328863770846834,-0.7106425460416812,1.4362570197561553,0.4037110674160146,-0.7627012329847128,-0.1954376616976935,-0.9029967049353136,-0.9378677057543175,-0.5382990745969287,-0.759087966710168,-0.8612083022666125,-0.9598989917924996,0.8827460246179044,0.6752012889907384,-1.142030270857556,1.666441655955601,0.4581197824752064,-0.0339460307877905,0.0957206500213219,0.0733228070179494,-0.8761844003755854,0.9325657702079596,0.8028448287399954,1.6424303544618817,2.424662499341084,0.5465299850188223,-0.1934354658944376,1.5513119660963035,0.5596599865408601,-0.4278885932622199,-0.9351162627346298,-1.4551657326934804,-0.8391186380311532,0.7287615223464234,-0.9328671611357546,0.5957274298592483,-0.292930862011719,-0.3815896526859269,0.2018824413756823,-0.7697076742420447,0.865265688626945,0.2421374490988359,-0.6442411455318908,-1.201241744024484,-1.3994936583154318,0.4579754144104374,-0.98341945001652,-0.6783443337799608,-0.365471262490975,-0.1376390155448354,-0.9123833167887352,-0.4591248669603582,-0.1453500320402415,-0.0618513371986046,0.6146199347215977,-0.9992250276879154,0.1322574606450133,-0.7583457916772345,0.1108378081999467,-0.2486684772314027,-0.6096611431350503,0.5113408034458432,0.8682342001828701,-0.2575159443865855,-1.306972576585158,-0.2210512658334529,0.4453039555435345,-0.6010952879376046,-0.7800359286496138,0.0520116299257014,-0.1354148484466889,-0.4122352180400709,-0.3670228645902569,0.0145905543480931,0.3537405880506531,-0.1382035091553113,0.6416975508284997,0.2123088209448222,-0.7089065063894514,-0.3539040435501548,-0.3102865928240825,-0.8643102450648406,-0.5175507145675979,0.9112739099900689,-0.5589605796190251,1.0824224340142776,-0.2324943616115298,-0.33178527798422,0.4698861739624506,0.6033741819993735,-0.0078843471290265,-0.9074542267408388,0.5543791934213367,0.5863306953849927,-0.0590795996624948,0.860406230312193,0.6723018983552447,-0.2674320029851762,0.5685552319408181,-1.2571678276454803,-0.9067716355216,-0.4061972735621902,-0.1588853578783613,0.8925580626706998,0.8486532797061198,1.1085081772679857,-0.9626796732161172,-0.950890104864576,0.4635142588102192,0.0252914235317538,0.2180457968500295,-0.3194076017265664,1.2651608154264862,-0.2740366564011408,-0.3635448766326462,0.651862491575061,-1.2159803201127568,-0.3788866177447766,-1.085066838440738,-0.7270894523282576,-1.4224094740008384,-1.2187119228300345,-0.3263854953832165,-0.6073845550833953,-0.1801179616074643,-0.1723223317787969,-0.4139743954586697,-0.9914751246996042,-0.6551416759190312,1.0896356711571606,-0.0701960623775066,0.2620410920638102,-0.4615626778484868,-0.5568465059934495,-0.9196450688528938,0.2147078130097121,-0.2520517720787503,-0.9454477021323244,-0.2967895233294553,-0.4158776876639137,-1.2208389169898328,-0.939133386843105,-0.8951336683665545,0.6338376994303507,-0.3881108505475959,1.3219671952473824,0.1763767779658634,-0.6152580276672209,0.4036968261792402,-0.8951014842426335,0.7120092989496284,-0.9675418557486848,-0.511012789187195,-0.1359361818110906,0.8367879235922531,1.4754265422616462,0.8786916604934835,1.2855667525676608,-0.1201628935404327,-0.9792883082906112,-0.8797547247607794,-0.6105345077305948,-0.2580601787096137,0.3176002105335618,0.905547610370272,-0.1334939193916897,-0.3024529262683419,-1.123164181523008,-0.3111325616923157,-0.3843163597811838,-0.1900162665187181,0.7128256346571167,0.2453001369628276,0.3489943545828284,Control
MICH-01605,-0.728322703020256,2.587930166757742,-0.718731696768827,-0.9147518940037168,-1.1810937404462412,-1.0802755796100598,-0.873003922186492,-0.6800773866003661,1.1809506575650637,1.6457829050669517,-1.001303112185763,0.6668040049457902,-0.5231110482357884,-0.1811529282060011,-0.9913939259710745,-0.3112628726719228,-1.003788981248802,0.8854515672039717,-0.1556742616032369,-1.0064487281212091,0.3065371648073678,-0.3309607566470647,-0.0834823943940184,-0.7096086330188147,0.4620121974935854,-0.4278136124909447,0.0318871707895681,-0.6849817084569475,0.6433923339701609,1.384835301064388,-1.2104145758723768,-1.1871559407089605,-1.003463071044402,-0.9378677057543175,-0.5382990745969287,-0.2588449566113218,-0.8612083022666125,-0.5558908714284521,0.2111214365147972,1.3837732725578589,-0.8836619652341762,-0.0578600044309649,-0.3553771167171795,0.4387951822785595,-0.4866378043337703,-1.3269296956078305,-1.2651286052364847,-1.1552594271145402,-0.2063197458166555,-0.6327881351573567,2.8031040797692666,-0.7961846345130204,2.1788859469930046,1.1774866220596314,-1.2673805219356435,-0.3831978873775255,-0.0857011944801804,-1.0193263293281372,-0.281625147107976,-0.1765747598468921,-1.0090887330561975,0.3268376311263858,-1.179219304248449,0.3901064686646177,0.3513605537479166,-0.7697076742420447,0.7482287954458682,-0.4868370051942343,-0.6247077360393198,-1.201241744024484,-0.9405819466604732,-0.5208215171274143,-0.98341945001652,1.331166442993902,-0.3326507745439312,-1.1548791808938852,-0.9946978853578248,-0.381850957718309,-0.7722901473682896,-0.2005364423454158,0.6839578872231074,-0.0757585050332233,-1.3889025422687675,0.2114183956267132,-0.7117455126776843,-0.5487881400886386,-0.6096611431350503,0.5767942554842362,-0.1927271618175683,-0.2575159443865855,0.0503806150341001,0.3837417638216673,0.2704415937095508,-0.7627508941966423,-1.3640555393448823,0.5873159510978092,0.7609432280268549,-0.0313883715824451,0.3389142766388651,-1.324605313992547,0.8607968295385202,0.5300188961264741,0.4900167208444743,-1.3044928376098337,-0.9229443326845022,2.433115258811652,2.1533521292311675,-0.8643102450648406,-0.548143074996795,0.1958567300329455,0.1987041916128753,0.966786773813648,-0.1213738070683851,0.7452984442549907,-0.16179510649932,-0.2638304722569543,-0.8959694767971569,-0.6314356280515901,1.2402411357459049,2.401039648824588,-0.669933082412519,-0.3133919244803556,0.1139518093747326,-1.2021874965968284,1.386184089092476,-0.5177008453768434,-0.3242208658208896,0.80345393307899,-0.1760539905446549,0.6018163899062123,-0.2049169111786731,0.4382864559622315,-0.9626796732161172,-0.0484977611427702,-0.2762504251038525,-0.6698088886032467,-1.3097724597721865,0.1188614805258331,-0.6842893422969595,-0.2740366564011408,-0.1076211485653338,-0.4086375768689194,-0.0017536971204244,-0.5091802287284889,-0.2827942727485513,0.1310052808156002,0.9076753022775134,-0.173234185842921,0.0070627761213969,-0.8678873910831633,-1.594779139591514,0.7035237355155578,-0.3419508929106263,-0.171855193040755,-0.6551416759190312,-0.3407860548399297,-0.6277841050064168,-0.4728997472817097,0.0243027379810308,0.3743441817813854,-0.1263144307426411,-0.8179758592583326,0.8388957265559003,-1.1868226766142405,-0.3378697026387831,-0.9725557813500464,-1.2208389169898328,0.076337890264974,-1.0828521400482023,-0.191132470489333,-1.3036154571150629,0.1090928416132534,0.0883752283134877,-0.3183538870731386,0.1341686968110173,-1.0274577668623524,-1.1320963878831678,0.6540909869987749,-0.2364154547974861,-0.2131520141371061,-0.1916964175017944,0.2526331940366845,0.5776689527074041,0.5512087783836153,0.6768991595917504,-0.5389624134952954,-0.2943554423491326,-0.6105345077305948,0.153613243498086,1.205396317654009,-0.4887693138087944,0.5692752338910205,0.6937332836669345,0.0313191035398372,1.4270973881621054,-0.1310800775426633,1.207884118845887,1.1674581809793485,-0.068639838053453,0.5313724202101915,Control
MICH-01606,0.295578813277958,1.394525437356407,0.6095355499548699,0.7257026538022212,-1.01579070562867,-1.1870612656263368,-1.83580126345872,-0.6800773866003661,0.9055507961517948,0.7735187752302605,-0.5629325202007005,0.8366217284383,-0.8289925403313955,0.6212237495283076,-0.3285322464022198,-1.38682448330719,-1.049027232253861,0.456530278138443,0.1408189326811437,-0.0471101306668239,-0.1330253169200331,-0.7618076857479956,-0.3184555111208883,0.8560662945336951,-0.0649786575946883,1.8236041146661128,2.2408270882837757,-0.7106425460416812,1.2171952323364172,1.9509026405927723,-1.2104145758723768,-0.8545456093829412,-0.6719859837162079,-0.9378677057543175,-0.5382990745969287,-0.2849597493061704,-0.8612083022666125,-0.9598989917924996,-0.6479089201381832,1.8511846357989716,-1.0331720148539767,-1.217580299990258,0.5062958454004867,0.4121024336400757,1.0458186365249609,-1.0902198749466794,-1.2651286052364847,0.2122849073634913,0.8726398314364668,-0.1440601434145157,0.5520695803125035,1.344057533879225,-0.3737032270033593,1.0027870750443093,0.1122737713501817,-0.3387357794532879,1.2754536764592368,-1.269656606292058,-0.5816063117961785,1.0182510930827269,-0.7508668223871483,0.0421219106463981,-0.8844924491846131,1.0578320344726373,1.1413541077998584,-0.7697076742420447,0.7482287954458682,-0.1147475945814275,-1.1940183562421922,0.8199711465261772,-0.3292945964624602,0.1461504318382805,-0.98341945001652,-0.7275070865266687,-0.5323578736223727,-0.9047103158895946,-0.0926398052368775,-0.4591248669603582,0.4860169102701119,-0.7034310280393267,-0.2802492393725481,0.617786700147412,0.1322574606450133,0.7663200062056684,0.5269275170620032,0.039502904187687,-0.6096611431350503,0.6786288875099077,-0.7546662655470149,-0.2575159443865855,1.3645253349213835,-0.9826277403823538,1.87062375916017,-0.6411660446223072,-0.966726962957141,0.2737911813358216,0.4013180288452403,-0.1243327192010639,0.5064808075995835,-0.3233201063640702,1.0612640916513876,-0.492440583558441,1.6929508163822038,-0.8715439090068445,-0.7692447382310427,0.2912437218761082,1.0440738546672583,0.2034235242107598,0.2779329864285207,0.9553367193322104,0.107677686837957,0.0884405877602501,-1.287764569280366,1.1175506890635367,0.1338637118679062,0.1723237160946535,0.9361375905951892,-0.6835480982501055,0.9642040147636114,2.663429263443325,1.03224468160766,0.8399348540292471,0.2575799105003682,-0.0830981533257268,1.2682024662515092,-0.8721023593572478,0.2515410700197151,1.79741853220993,7.010257503671059,1.36563327142691,0.0350027395351919,0.0965419302157167,-0.9626796732161172,0.2668674001291014,-0.6425021253136817,0.3286358424741685,0.0855328207097569,0.3860176270472139,-0.7698900518859135,0.2593760955491597,0.4235802359827929,-0.3475420764897232,-0.0017536971204244,0.0511117503592375,-1.275675935566498,-0.5786497654103802,1.0548769872754007,-1.5333134200911205,0.1001590991831351,-1.1059309053011863,-0.362149245262426,-0.0825897869607959,0.8701678894404337,1.1202205600857038,-0.5011354886157416,0.2708988639251087,0.1409062307370374,0.5023446264376225,0.7662345180658953,1.028746033857818,0.8801065096676924,0.4564692956040078,-0.1018115706097768,-1.598754144683838,0.6209992268160393,-0.9725557813500464,-1.2208389169898328,1.332413292314765,-0.4853132345548835,0.0906046115640712,-0.3524549896260303,0.1842567506380222,-0.365196847878156,0.1989586607633011,0.3705867347809377,0.204056330131827,-0.672963130836568,-0.1298787131327254,-0.7398655250714984,0.8226778406767333,0.9195418696568322,1.2431491736135154,1.0859348787113918,1.5029805158466618,-0.2306353706692104,-1.0867836440916896,0.5675536254089114,0.198609198659312,0.5045025409156596,0.7034168112749092,1.5613062131244602,1.022230552157679,-0.0923229814225354,-0.9412408844937906,0.0406857985725766,0.113086946956915,2.7059485966350207,0.6404511351214001,0.3150492799405546,0.4330826038269107,Control
MICH-01607,0.5288565948199121,-0.3146871994099557,1.7834019964618766,1.6521631718572565,-0.3808509797339712,-0.5008048297452076,-0.3176218222607052,-0.6800773866003661,1.7576290223320337,0.2741370633709963,-0.400665585326502,0.9854617381554251,-0.8046316869951424,0.1784332302781541,-0.9913939259710745,-0.4486977380974912,0.1012721807071139,1.1635730838340996,0.931145888655669,0.8761048247744294,-1.3137192175354475,-1.264461902991168,0.6948995321589259,0.4231558420638719,0.4530833875390986,0.7066657114102259,0.8807412466931815,-0.4725840742593412,0.916010896341934,0.4962868659165803,1.3094611798869702,1.0222895304094357,-1.003463071044402,-0.9378677057543175,-0.5382990745969287,-0.3114923963724318,-0.8612083022666125,-0.9598989917924996,-0.972535911749942,0.3064745239381816,0.1226176950761785,-0.2936476795126271,0.1545690843516733,0.9224123268456788,2.44883719762666,-0.355161667982048,-1.2651286052364847,0.6220967903052781,0.2959248752343446,1.3425211109672688,1.3422716658994625,0.0081522278719838,2.0504392058431686,0.8767456657013409,0.8107292624306865,-0.0337106880042536,-0.7591639662687392,0.1062748195940884,-0.8391186380311532,0.7100481485986433,-0.0109926485301599,0.8297355937091503,-0.7215537441057904,0.5213720631109814,-0.6020417396861439,-0.5983121514534578,1.6250525334884092,-1.4260976668706051,-0.3439300797856756,1.4450022525036077,-0.6647667024297608,0.6255920147146853,-0.98341945001652,0.3395661411507927,-1.5652417967700727,-0.5977011836892528,0.813021037545726,0.6886939785904608,0.9412160036458832,-0.7034310280393267,-0.8365738303973453,-0.9992250276879154,-0.0055587642302329,-0.7583457916772345,-0.0280313715635376,1.270564982593169,-0.6096611431350503,0.8724523676265002,2.4285752869046244,-0.2575159443865855,1.0636753685430846,-0.6776005476026236,1.9442916772912269,-1.913865967182569,-1.2470496866551932,1.065922287219878,1.4926451517054673,1.3108989414305383,0.5064808075995835,-1.324605313992547,1.1208938514264488,0.9231867965092015,1.905918865550022,0.5749922733193737,-1.376744716974412,0.4786770496482785,1.274603599379037,-0.8643102450648406,-0.0493631397498573,1.0940149803265482,1.1517491109533249,0.6810473100484418,-1.4116578681125744,-0.5228554562853428,1.683466456459928,0.2002439350131973,0.0611396388610084,-1.2125774873265651,1.0835564721821542,2.19518076532919,0.5124150998054645,-1.1353718651842688,-0.1069131183315601,1.033729052356457,1.0680417671780094,0.1999057276707757,-0.9067716355216,0.6877934819367094,0.6732381126231322,0.8495992157076766,0.8091812504260624,0.4382864559622315,-0.8916357426971058,-0.1135085326523662,-0.0628546331713606,0.5660054909693109,0.6945845156643903,-0.6481582367028114,-0.2697806149262227,-0.328874988590328,-0.5097401794711584,-0.5328576756107506,0.4835929493454357,-0.6214925786147264,-0.30927885604458,-1.436402238486138,1.949828275130168,0.6775494960836244,0.855665152381549,-1.1788155153972957,0.1295868625675246,0.7943362981698516,0.04123678169301,-0.748202807958,0.0752678178814402,-0.8768887464903934,0.3846089122359938,0.5023446264376225,-0.4899546690948859,0.089191576672884,-0.8596620807372721,0.6686731849718651,0.2671825304348705,1.1087164206878488,0.1994522357220751,1.4292728864649094,0.2625761782012171,1.3915285383402245,0.281736834836676,-0.4216929520828681,1.6172361862381028,-0.1613867614815261,-0.365196847878156,-0.6628845959016828,-2.2270808185165185,0.9160458603472588,-1.1845377378671975,-0.7301331132441796,-0.4941275217655417,-1.0250468109350768,-0.3153944099966678,0.1780250862651702,0.4769571271925575,0.2944425857673075,-0.6501588304874933,-0.7188002147366939,-0.8654646620999068,0.88386178755967,0.153613243498086,-0.0415012349674928,-0.768728874532403,0.7853549662933862,0.4966061706886852,-1.0055923824143609,-0.5850188506932446,1.01071069109419,2.159648464515078,0.7845299903174118,-0.8487093567963274,0.6892484709054096,Control
MICH-01608,-0.89063872743632,-0.9901307371727148,0.1440612602056809,0.7257026538022212,1.0143882981673291,0.5900388135890222,0.2012691462216873,2.886599263282141,-0.0786301183232627,-1.1495360748211552,1.6101351125261885,-1.123236532873535,0.105890135725166,0.6542127573011194,-0.634896701332851,-0.0163036704851694,1.4128331525680504,0.3743231312892284,-0.270072553456369,0.7356036476375898,-0.6408182742886404,0.2577223597804231,-0.7871451026397644,2.838753039127151,-0.2025904395012834,-0.7144463209265711,-1.2621252840746169,0.0541363665936249,-0.8220656215836027,-1.0861842812287383,-0.1587616915813642,-0.2337795637365699,1.3286909762541064,1.2882992845303955,0.4413219650423756,0.2755019585168554,2.012768971350694,-0.0114383493876684,-0.3754207005512347,-0.901880937508212,1.167419036308358,-0.569130012250398,0.2586445162095583,1.2529685332694809,-0.937468473339942,0.9789902227872612,-1.2651286052364847,-0.8119437343659932,0.5535116739581744,-0.6504288612944541,0.0525083954612555,-0.4481272201836045,0.8936206918942269,-0.9067966020463448,0.8945811995726966,2.0503051299258344,0.8389237244763678,0.5652476796627348,-0.9441321545588638,1.0182510930827269,0.7764518569170915,-0.2864848793731939,-0.3529016817642386,-0.6903986791791483,-1.5440602710660032,0.9237844869115828,2.087953505981054,1.3584859850530628,-1.0156005920389053,-1.201241744024484,1.967264218539801,0.7894246195037689,2.256068622972581,0.2074467650392302,-1.5652417967700727,-0.3052611946734599,0.7186486479070134,0.5208172453868662,0.9412160036458832,0.2302337843697633,0.3709500213498231,0.1427744170127117,1.1239616887093846,0.3946851841345141,-1.6788319735684205,0.7134170644507543,-0.6096611431350503,-0.1693689701407142,0.4530057336875644,-0.2575159443865855,0.5245002911575298,-0.4942266845258537,0.7317457843252082,-0.6411660446223072,1.330493993990338,0.252096191348086,0.0185903867118777,0.1799814807914101,0.4649023239347318,1.149108993914835,0.8130065875175256,0.0761390698776571,1.5598718605379405,-0.5735526686339472,1.2947325132419936,-0.4249708286553608,0.0170962179368811,-0.8643102450648406,0.9983998467544276,0.9771155288693698,-0.3006517119679761,-1.2593099676054005,-0.1213738070683851,-0.7216812942583138,-0.9210113011946424,0.955453807784671,0.129189135975576,0.9540746461154294,-0.4667283892024598,-0.6263410759527337,0.7353747624067724,0.6302930480208513,2.3202111224584465,0.573601165129805,-0.0977682267840821,0.4417560969966578,0.1378247191052852,-0.0922465076331112,0.5362144390352852,1.5169614317306537,-0.3044399787555403,-0.1533241136018977,0.145184343203144,-0.8399314242036786,0.2954249111671961,1.2516517014771842,0.4488793718192708,1.0432986497262218,0.5715763402770568,0.7176532141502162,-0.5595816911569659,-1.1988108617932351,0.1096357086315492,-0.5960616178977006,-0.2041956484273071,0.6863976951532661,-0.5895184002697844,-0.0353302974616272,0.3739353958950598,-0.2947011444736981,-1.231757790487791,-0.4781240320725369,-0.2353102816560416,0.1984100045566246,-0.9436487658270228,-0.5697350180527844,0.4309544965300488,-1.2061577495876217,-0.5185048338103919,0.4540549931321629,0.2877774347949782,1.2365595832586305,-0.1018115706097768,-0.1096496948245716,0.3224101076777391,-0.9725557813500464,0.3734498687048612,0.5156355212532963,1.9350222763469591,0.3110422685756903,1.3159014037239352,0.3991660185152786,0.561944485389003,0.0403377293185975,-1.8022795016254745,0.3112878251894554,-0.7730535038383601,-1.0905989031678207,-0.8140362155134362,-0.0754515350534685,0.3232751913536363,1.228810420677482,1.0775832732191644,0.734888512765273,0.8072990494861844,-0.1030576651375975,0.6065140943057848,0.9395858677820992,0.0184524781043323,-0.268405710367941,0.7103668600194052,-0.666463286109051,-0.1330318442919254,-0.4364265893809245,0.782205540123587,0.1812725909329058,0.3865296523461132,-0.2853083146770561,-0.4840079756467965,0.7956407093693932,Control
MICH-01609,0.8236035882431595,-0.1717562889784738,2.431232308269731,1.705833958893449,-0.0261580794369609,-0.2709439280247279,-0.2680042125206107,-0.6800773866003661,0.0806316348345277,-0.4285737894298521,-1.001303112185763,0.2358098476876824,0.4414570058532716,1.3451050653649554,0.0415884306761098,1.456339936211891,0.4274724545490154,0.0438300491191118,-0.1936061484175607,0.4098122278108933,0.0053017051482448,-0.4506395301584697,0.1421360372638277,1.2363641510821957,-0.4383328731757299,1.5419856103338982,0.7452812447791397,-0.7106425460416812,1.2171952323364172,1.026428566368197,-1.2104145758723768,-0.0674477764184142,-1.003463071044402,-0.9378677057543175,-0.5382990745969287,-0.0635306412602457,-0.2883705624749003,-0.9598989917924996,0.6215845413260771,0.9962444125302004,-0.8485468051056927,-1.217580299990258,-0.3757361682067218,0.9949673842062412,0.7004738028944427,-0.2464228310551577,-1.2651286052364847,-0.2324959083907985,1.2125231341777,-0.6504288612944541,-0.205585244212316,-0.113740213727273,0.476832832731255,0.0305518823438757,1.0816262447968126,0.5859570647701687,-1.2141570233596053,-0.2137527538793246,-0.8914787286095597,0.7473989795620253,0.1471811328144487,-1.3662254824973366,-1.7083307588746393,-1.6255442744758992,-2.188560769979982,-0.7477063158909956,0.2909094935194178,-0.4410608610763756,5.100666684304739,0.28758898492683,-0.6323371900408067,0.0749981345316489,-0.98341945001652,-1.028344512343541,0.0476348143240039,-0.5784462180128394,1.473170417207666,0.9495187146691456,2.987373018563128,4.022259876586832,-0.7797220280165261,-1.1223994367761407,-1.0111211025699285,-1.1881910328481486,0.8297120692647241,0.872530064231411,2.302775567819474,-0.3053516318527747,0.1327247724633462,3.962585010066438,0.662210704705341,-1.8740412949830731,0.6143503265606117,-1.913865967182569,-0.5754135956754934,0.5873159510978092,0.6798580185248277,-0.2825507937644174,-0.7919163071665277,0.1952520926823308,0.7155996103200011,1.5177315276215524,1.7936604425801694,0.3879738323064294,-0.4737428810544327,1.6716511359855166,0.7454861709190819,-0.8643102450648406,1.0216752474962851,1.323979106572428,0.2879630792622036,2.101527426888406,-0.5728994412331623,-0.5507698582481529,0.2925689813028343,0.9310161222982108,-0.3686581156484323,-1.0781352715252883,1.2402411357459049,0.2266851247456879,-0.306759761902981,-1.389167402797293,-0.5696858399463111,2.078835271635858,1.0274665952277986,0.4417560969966578,-1.121529690811056,0.7457620578576742,1.4509405441106706,1.8223841411099724,0.2408876588175037,-0.0967956125709311,-0.9626796732161172,0.9650162065865354,-0.1257202393422916,2.51734878130275,0.5237393392827228,3.4319611539997013,0.0078520399020589,-0.1111933083343063,-0.7648470975212879,-0.5015443317018208,1.5238344402268076,-1.04062991001218,-0.2564532380342186,-1.2330665975789985,0.4148336663505935,0.358305847302265,0.2835772445111118,-1.0226118942063716,1.6789870636982125,1.4723762300731726,-0.4502709527500755,-1.0852570532282424,-0.234294518992582,-1.0183644226047477,0.0635561900693631,1.3599959168652929,-0.2944367379345794,1.3909646761337309,-1.1621642281924054,3.236063959470744,-1.349227947848558,0.4744960646868525,-0.6614444303955205,-0.9725557813500464,1.0222355469323,-0.4337257000186562,-1.490819714642699,0.3110422685756903,2.6147500400235426,-0.9777880239132852,1.920062033044456,0.6761673626339492,-2.2270808185165185,0.7213944138985466,-0.5248170594528065,0.9735826619291876,0.4722913477568292,-0.1820462782369671,0.0803265076751072,0.9956941538557244,1.1355557416377058,0.9647809822186098,0.9036381733047996,-0.823468002114599,-1.1746072531385627,1.7481918779445809,-0.4951005483428468,-1.4496070436514266,1.4242119096804264,-0.7249732395905263,0.4966061706886852,-1.175631982219444,0.7426834190917343,-0.3109983675932007,0.7406263841263098,0.1139561410428948,-0.0936199518981621,-1.0846829110750758,Control
MICH-01610,0.0832012497276864,2.203451920607878,-0.228295510202386,0.1885673731270146,0.5400900579742433,0.1663898887684796,-1.6665113823924536,-0.6800773866003661,1.1661427804617293,1.74923897849486,-1.001303112185763,1.993843686073752,-1.405394482726808,1.2241877671466432,-0.4437815390347225,-1.0848592155596726,-1.4341070601592227,0.1514720324490701,0.1408189326811437,0.5199426219471416,-0.2032676798102587,-0.8914015675435273,0.644517736456135,0.7819449197804323,0.1882996173658789,1.9664488106880944,0.8472972410130107,-0.7106425460416812,1.1801277028176702,0.9121851445551836,-0.6541846554735327,-1.1871559407089605,-1.003463071044402,-0.9378677057543175,-0.5382990745969287,-1.137898491453951,-0.8612083022666125,-0.5883801682357741,-1.0141658794801125,1.192811611604379,-1.0331720148539767,0.5007502713749005,0.3431166270877294,0.4653567620898612,2.1304076905044766,-0.688163104085075,0.6226526847246779,0.0702496953607144,0.8028448287399954,0.4099941886499567,0.4788586445649214,0.3503097980718571,-0.614221283724527,2.412372469799769,-1.2673805219356435,-0.4728102598926817,0.761454160743005,-0.8533509561143383,0.0090767466013933,0.1736234302220937,-0.7158349870119719,1.5069145038777068,-1.3235701720016615,0.9923497602768558,1.194186016521017,-0.7697076742420447,0.8459703479175414,0.567489721400389,1.6426484825251857,-1.201241744024484,0.3203447391664921,1.137344125817442,-0.98341945001652,-0.4365349804287677,0.4338019645017229,-0.4474454848435586,1.663367512870474,1.2629709675298402,0.962964323277629,0.9041880375476988,1.7859349034576244,0.9244628785700412,-0.0749897933248083,0.4763651769851721,1.960286705678204,1.3002954147885777,-0.6096611431350503,0.2341886604695146,0.1186422466521388,-0.2575159443865855,0.7529132861815546,-1.1886953031505292,-0.0984350477535285,-1.271005669531448,-0.5754135956754934,1.0294430835338233,1.324077563918873,-0.0931892031520077,0.989963820095683,0.1952520926823308,0.5130254806182086,-0.3135328485069024,1.0499431883576285,0.444949613461561,-0.9229443326845022,-0.5110843850098292,-0.0366729798198674,-0.8643102450648406,0.8805609804518135,1.073113713254083,3.3736054894402723,0.8982858668457637,-0.9244066230558228,0.5255771222361916,0.723687063007857,0.4187998459891668,0.2843319470784447,-1.0781352715252883,1.1229872444386404,1.169790455849214,0.4740761400754554,0.6729570598260204,-0.3346454027765818,-0.8921010671291779,1.5026301157185578,-1.0880468788349515,0.6097638181082992,1.031506451800568,-0.0410558256174846,1.1870766191158435,0.7292236160084504,1.241958025691769,-0.5539486213942029,2.11932177774692,1.578873634767743,-0.9993208286042086,-0.16126470486839,1.0834847789244129,0.0078520399020589,0.5164013545921459,0.3223904341201632,1.6935727866131225,0.0542062226358347,0.6475721145204625,-1.4740671144308108,-0.1037417055412824,0.9076753022775134,-0.2294039746934563,0.6833899006724887,-0.5159134418596255,-0.7380001218945977,2.6356205594638564,0.3070933208681886,0.6108257626533811,0.3423953626603991,-0.5365138188357961,-0.6612555659183461,0.2968705391540376,1.91869234645262,0.3342008933844931,0.7981812710954592,0.2613498829428569,-0.4038488945495515,-1.1641303729149104,-0.3378697026387831,0.056793117682956,-0.5773338051620368,0.4686967327775653,0.4423868621095837,1.2026891503889037,-0.7174968001378343,1.5855203144147256,0.2635155534378426,0.8293313813472066,0.4694352085614205,0.5963283154839433,-1.4512698849408086,-0.8771912487877731,-1.110205962673266,0.2656663064043539,0.6533748402567715,1.0579038166105696,1.271793354886534,1.268470160509206,1.0302025890163489,-1.055342755931187,0.5609797146985063,0.5543079236371851,1.047265059101495,-0.4350458717622507,0.049590431988549,1.3682309176999154,4.7912753824697285,1.3526844046989464,-0.5850188506932446,0.6085960085455203,0.0580156752444832,1.2350919303923749,0.1745708803207683,-1.0846829110750758,Control
MICH-01611,0.1553575458858982,1.0022581136350637,1.7433663323928128,1.5476100631001857,-1.1810937404462412,-1.1870612656263368,-1.1625292352646313,-0.1283943590281142,-0.4399460778311381,1.5398758689696606,0.0314114743475348,1.820074207612456,-0.9279169201866344,1.3451050653649554,-1.071813034278853,-1.3088159079881023,-0.2052923374303193,1.6980560237198932,0.6996292671492462,2.0373882856213026,0.9907666234808448,-2.056056548391544,0.8920642707542623,1.6367682914214703,1.6270574713793942,0.5009631000931821,1.1388231280605576,-0.6977548478329263,1.4722227509804926,1.1108528113609866,-1.2104145758723768,-1.0743722589550453,-1.003463071044402,-0.9378677057543175,-0.5382990745969287,-1.0661013440509095,-0.8612083022666125,-0.9598989917924996,0.1758331624464947,1.192811611604379,-0.9075472759823924,1.8631717695669636,0.7824592967393614,2.157702603316798,0.7214843905649551,0.1256978915353514,-0.6491998260199694,0.4313981343098603,0.5172314654192774,-0.3629402522834124,2.0137500311471226,0.7738748058766215,0.3682344938588654,1.5983814663716247,0.9627212404064164,1.1643737206876208,-0.5973983381639854,-1.482416306054856,-2.4902387219416595,-0.0864909539159533,-1.087427839510143,-0.4460192609268018,-1.3611373446776722,0.8921669748106621,0.7342900107151047,-0.7697076742420447,1.3743638674875394,0.584749388615806,-0.929649598110392,-0.2343940584231808,-0.6484993005529863,2.408883630998373,-0.98341945001652,-1.8283322006293907,-0.3984745953252027,-1.1548791808938852,1.5214627062377344,0.3141341199249113,0.9412160036458832,3.424140552637428,2.871332261544424,-0.9485854452386958,0.7358433574081232,-0.9290324952697988,0.0421046255277099,2.0600695157573754,-0.6096611431350503,0.6408460263808934,-0.0110323984637878,-0.2575159443865855,0.8873525564449545,-1.53398691568003,-0.6157962161464557,-0.886450368581836,-0.9940156136571896,1.1558536139970477,1.250348735377049,1.2368918339669466,-0.695615853078445,1.4639377279284551,1.251761271401531,1.4817307593881786,0.1065629392763105,0.232190037450873,-0.891871178397438,-0.0410789541271684,0.1514957935044081,-0.8643102450648406,0.6867470312188088,1.1044084715848068,1.97147439660034,1.239050395122639,-1.6638003207278018,-0.3586289850919885,2.2232734674385357,1.8764071978710009,1.4420794864546385,-0.8489759392886631,0.299099710486348,1.643910530996971,0.662362714934104,0.343375327854972,1.253427546103612,1.3987982551841776,0.6960653723646764,-0.89852963617766,-0.9958560973738408,0.9748954587934064,1.1606903927399246,0.2010010560442303,1.6916087122092645,1.1085081772679857,-0.4954142563398712,0.2668674001291014,2.199625392946875,1.6882750007338037,1.68275235775635,3.0341642328431826,2.0537929117025624,2.2472936421346232,-0.584717696211861,0.9248876310456708,1.026813935920334,-0.4372082106569669,-0.9317446905197332,1.2496180058082789,-0.1245454070798337,-0.2577109840297442,1.4344669970653974,-0.0256647146769562,-1.0308941033693415,-0.1497066435876578,1.5828318582125152,-0.844674937411415,0.3684117147515601,2.0600762682765064,1.330781928465815,0.1565190474262435,1.472781548186901,1.1024608177759312,-0.8596620807372721,1.5264907808926795,0.9784043165908424,-0.92436065326717,0.715400391818477,-0.9725557813500464,-1.2208389169898328,2.60260509167551,0.164813983444528,1.8875698363475537,1.5634080761985347,1.6410989398468183,0.7280817319808067,1.9497097715474647,0.5020665979765166,0.5709876393775359,-2.124453384059732,-0.2338062265379976,-0.9289366593436904,-0.1975621154091094,0.1121519596781465,0.6146351599178608,0.6170136139077239,1.2106196942398244,0.6439432843648505,-0.8645130649348207,-0.8797547247607794,0.614251765846518,0.9658463036638943,0.1101861087334624,-0.003013538796427,1.3682309176999154,0.2364278079147793,-0.3035411651239761,0.7029744315447957,1.5864540098871784,1.818585252430092,0.7128256346571167,0.6283448592051565,0.7504425656822888,Control
MICH-01612,-0.4445693541459543,-0.5746595837056374,-0.2786301041235101,-0.3564057633031832,-0.3257831173842689,-0.2823861442284543,-0.342628923486809,-0.6800773866003661,1.0761138480229664,1.0037381549418392,-1.001303112185763,0.7668484812060073,-1.462068043965824,0.3518842494598489,-0.6105348697593778,-0.509319212147894,-1.5375150798905246,0.2731604606203676,0.8328313401646575,0.7356036476375898,-0.5287402504937487,-0.4506395301584697,0.5423903843081999,-0.4282122275478656,0.4973936445663157,0.3778192923533693,0.7106987062386863,-0.6723211092163717,0.2380558077657251,0.2146383114380095,1.995229306603,-0.910539456159322,-0.7012829930160764,-0.9378677057543175,-0.5382990745969287,-0.7017031727031713,-0.5880242347200311,-0.9598989917924996,0.1403706245898292,0.5849053886747682,-1.073054489473048,0.2556278464778704,0.5538309660595541,0.6220422433406227,0.190219899255289,-0.1924646139591522,-1.2651286052364847,0.8175344828981279,0.3332491224980615,0.4604960001229104,0.7258086213382581,-0.4676727197382724,1.7049535591123242,0.6866350583727254,0.739028132811077,0.6257389335079679,-0.5462489792047504,-0.1360101966799443,-0.9441321545588638,0.6912582373219687,-0.5143188161711187,0.3727031049617785,-0.3047990989054137,1.4157040705573782,1.0156796034473088,-0.4367161541781625,-0.0736491490811831,-0.82425590633326,-0.7435558988556731,-1.201241744024484,0.090039926846734,1.1988485294569633,-0.7184373971490781,0.2517054810912175,1.1123555557176714,-0.6170972126425094,1.120122120715174,0.3489901110698414,1.3998790658124678,0.1260039449275189,0.649492850831459,-0.6536210756068901,0.8012974146214782,-0.0107601264189554,0.1446956640949571,0.5835597698208488,-0.6096611431350503,1.3784378046740264,0.5528821324942502,-0.2575159443865855,-0.8147045863824594,-0.3678920009749962,0.6851124537612185,-1.585175248670853,-1.4537705614563143,0.5058111020226275,0.5143009569255239,0.525680784606968,-0.4131830213776233,-0.2483945141430882,0.6156512969557736,0.6894082824649083,0.3327427263317459,0.1722648261777699,-1.376744716974412,-0.9423996615503724,-0.9098527317791794,-0.8643102450648406,-0.0775142039984884,0.6680711104472987,0.3100095880872418,0.8456798653678614,-0.6887994646684623,0.1763344467096894,1.1850688732573278,0.9310161222982108,0.1740275305023886,-0.6059017150323119,0.2123514656113596,-0.6881958320656567,0.3569126219239379,1.1189136124482146,1.9628330028454324,-0.0315809999841065,-0.4745316884181027,0.0094878918110345,-0.5387052271260991,-0.2796366939998461,0.0568118337055694,-0.404435240893932,1.1160064853751908,1.3074721456791698,-0.4384837760024187,0.9924933262468272,1.7161402529569356,1.1959607040388265,0.5730910432578973,-0.2547884268249373,0.8913099980915897,0.6175019420242632,0.0039216274975233,-0.0228952245021861,0.5351154587541143,0.0222056675263672,0.1707904621150044,0.0539389956239987,1.5864450972736566,1.7344387726734816,1.553904404437272,-0.7608792185005954,-0.9813915030739212,0.9529531278844678,0.687550570376305,-0.5933151667841329,0.1836725581429053,2.233156658134224,0.3375004034901692,-0.4728997472817097,0.8545943157929206,1.1024608177759312,-0.4235337035522838,0.8294971250994848,0.046903323289548,-0.1426049953147337,1.4460006779633232,0.8306689594142248,0.2625761782012171,0.300833473402168,-0.1733480662056935,0.5806749120152216,-0.2116278643590325,1.6410989398468183,0.769135310308249,0.1794599621127705,0.9735563387071622,0.519971139766361,-1.3973084874328232,-1.5809883787595649,-0.8709231638612455,-0.8685580740052211,0.1331242991529016,0.5778659703658343,0.5875542446414891,0.4894534667757045,-0.1201628935404327,-0.8924603402984824,-0.4582282788296524,0.348504364317335,0.924861446782028,0.7034168112749092,-0.3243270787874469,1.6805217082600197,2.955537283358593,0.0011417696866528,0.378356816400566,0.113086946956915,-0.917581720074998,0.3061251850071483,0.2686574067586796,0.4330826038269107,Control
MICH-01613,-0.4868314466920327,1.1334344377961498,-0.718731696768827,-0.7249468890446973,1.644735355410558,0.8241570935328588,0.3550147352587502,-0.6663791769486589,-0.0989957288000393,0.511568829071999,-0.6481699997854254,-0.84636827655346,0.2396867391565839,0.6870554718759759,0.9747293420059164,-0.8072407804262232,-0.3138715972100905,0.0072305253778359,0.2130796133072131,-0.9181351742224438,-1.0684847061481,-0.5729929098413811,-0.0834823943940184,-0.7740089636151682,-0.8198470876541508,-0.9800729430187493,-0.5876573340222745,-0.4725840742593412,-1.5590447607044244,-0.6724509131418197,-0.7407151242392619,0.0518789423718164,0.0107459515387182,0.1506530379172678,-0.5382990745969287,0.2117150535341936,1.20267263302324,-0.4922354668913759,-0.889993056726407,-0.6786321153627654,0.0365478924811361,-1.217580299990258,-0.3757361682067218,0.7240315070932324,0.2829104389191462,-0.2464228310551577,1.0435461253903664,-0.5424377495109507,-0.5740459785690348,-0.3629402522834124,-0.1084628742329714,-0.0262442054401459,-0.614221283724527,-0.1161145319729343,-1.2673805219356435,-0.5179652868771827,2.7321173724579686,-0.3334090357403815,0.2910562548476087,1.6861834015177375,0.0025326842674678,-0.2086477383239344,0.0061109104551049,-0.1803935634808053,1.2116633216361865,-0.7697076742420447,-0.1454292372004292,-0.1989782839227787,-0.6052813594646056,-1.201241744024484,1.2317887278133433,0.4239824895294909,-0.5747006725867324,0.073330547085556,-1.2132125264022413,0.1102655663943419,0.361900955434779,0.6554259653315503,0.3657179145408061,2.2888872945527026,0.567471296554398,3.232615179870554,0.26870235705766,2.6999647516400525,0.3727965472094634,-0.7823358150813533,-0.465056564846357,-0.0552530932159355,-1.1518245740095212,-0.2575159443865855,0.662210704705341,-0.0558679986558583,0.3210190993552074,0.5067151103778278,-1.0490749585452468,-0.6075464226731963,-0.1981488062794722,-0.8544268596839659,-0.8404848331151948,-1.324605313992547,-0.0660069703738214,-0.5832825855491918,-0.1998150380754831,0.1722648261777699,-0.9229443326845022,-1.4087524762651542,0.1568360733890303,0.8401764493417655,-0.0775142039984884,0.9771155288693698,0.5457888731617232,0.0403627680755673,0.5742609888026905,0.503053108812537,-0.0652364988620944,-0.574386078040422,-0.3686581156484323,-0.1161945852125903,-0.143360950659307,1.1070338969163416,-0.9039427717831208,-0.5265095791401713,-0.1069131183315601,-0.9526924451985304,0.1298982580675357,-0.39766707974283,2.4929461574850142,1.087853523136148,-0.6754741231549461,1.068647825456073,-0.7251645545538588,-0.535850618869844,-0.4667540426745094,1.7169270812701902,0.2763176043921321,0.2081998653774696,-0.050220400488928,0.5229120525839424,-0.0704724824685956,-0.328874988590328,-1.3247282525090902,0.0906587526258189,-0.9125698926058576,-0.7665594166351697,-0.1268479838311305,-1.5060046576073507,-0.2448870351902183,-0.0081699061644589,-0.1343690164194695,-0.5559273018495394,-0.4082558724674824,-0.9153668545166826,-0.4502709527500755,2.310105689341933,-0.1767058251653623,0.1828498392394431,-0.1961625851939807,-0.2819336775249543,0.8545943157929206,-0.078245542769715,2.5917889754697225,-0.045316552839647,-0.0272653983649758,-0.861901149604342,-0.0786621499089356,0.4227790268445224,-0.0917539255909553,0.3734694302315394,-0.4853132345548835,0.3654860919133071,-0.6429430882744306,-0.2801843445693889,-0.8431659746216149,0.4627227935436551,0.2365031414249762,0.204056330131827,0.0912249772155698,-1.281039121092733,-0.7398655250714984,1.526349405954112,0.829113438323788,1.192610112314233,1.7615568669236297,1.5442774142417797,1.603937693290047,-0.3263417017897149,2.8745751458675333,-0.0937975572078009,0.330753115098103,0.9707080937382384,-0.882848765810921,0.5028503587843216,-0.2305346085425957,0.0610703901905979,0.6630768020189752,0.2822893655957614,0.5550427590253935,-0.1633528007744887,-0.7336533163211446,-1.0846829110750758,Control
MICH-01614,-1.317309274086967,-0.1619331245419698,0.0705694862167359,-0.0931664249364855,-1.01579070562867,-1.1870612656263368,-0.0510020773629101,-0.1283943590281142,0.6940248453103591,0.1505186581262068,0.4340652047779648,-0.3888384238666965,0.0274178939200807,1.1629806419113,-1.2093004394268116,0.476711871177555,0.2292146636826977,1.6515170905320098,1.9325705917658969,0.1082187546931545,0.5318681111468019,0.5172536889681534,0.7696423475316686,-0.6776704973967693,1.0296462933347732,0.168098032057647,-0.5876573340222745,0.3610356677317589,0.027873385561656,0.8252080442124171,0.207369291445875,0.7996420041663166,-0.6574974781917053,-0.671804323765022,-0.5382990745969287,-0.6245611211911204,-0.8612083022666125,1.367764324551271,-0.2994289933035987,0.7347291874598535,-0.6845572611242148,0.7937327134433578,0.4903092242374234,0.0238649011896691,0.6581771771673551,-0.0322020213503798,-0.8932878695319967,2.198939452337151,-0.3269747306878033,0.6312630820354148,-0.2430532261176948,-1.018309948186208,-0.614221283724527,-0.2494706332764073,-1.2673805219356435,0.3022663286604664,-0.0558122492589648,0.0517082514067939,-0.8391186380311532,1.6404703188520098,0.0293902823452932,2.0365499198058354,1.1795155756985087,1.4007636615648913,0.7149074175538379,-0.7697076742420447,-0.8209231417364158,-0.4868370051942343,-1.059370343711032,0.9464876686824376,-0.4312286417537203,-0.1796762836126592,-0.8311548399601772,-0.1087036139705396,1.4850622743794577,0.0046514333738808,-0.2547241966756233,0.418206897363891,-0.5936881365345124,-0.7034310280393267,-0.9141237538973505,-0.0003398293539575,0.26870235705766,0.1651816848628567,-1.351294292195535,0.0747309545546471,-0.6096611431350503,0.8012322553420876,-0.1157366369223745,-0.2575159443865855,0.5706275018739216,0.1475576683468905,0.1156175219019712,1.3444517215711338,-0.6511024206380532,1.6767449733454185,1.2996024947604925,1.2120162160405934,1.3725895471887557,0.730338233273075,1.433233268822597,-0.721335434666271,0.0212486177750434,-1.3908273114602474,-1.0171929198195588,-0.6811704150979105,-0.8343824057650615,-0.8643102450648406,-0.4568589826841188,-0.2014593678615874,0.0148121389185032,-0.652017447884651,-0.7472201948182019,0.7452984442549907,0.7114953669142133,0.0877302956569659,-0.1969318184440417,0.0073976576263605,0.9642040147636114,-0.6613576588560715,0.3569126219239379,2.0810641204127016,0.186117895236757,-0.6852946064298954,1.0680417671780094,0.9069996274630148,0.0257670091059594,-0.6633649521880173,-0.6954458126583077,0.3828930590919965,0.0350027395351919,-0.2972765072576468,-0.1022010701281408,0.3887260517127657,-0.3424869829335956,-0.2229232525514588,0.5484700266774785,-0.7795469557183221,0.6796109767668927,0.6175019420242632,1.888105403541214,-0.7570760931118437,-0.3194883210591133,-0.8356122507026802,-0.1013365918776173,0.7996000681190498,0.1938973253102037,-0.2294039746934563,0.8128972908644992,1.144378704718736,-1.489510570047936,-0.8082649487247243,0.7489633144780384,-0.232559656394432,-0.3513034287904388,1.9717182895190577,-0.6111940453023257,-1.7406039455318765,-0.2671047194838826,1.1755289724530853,-0.0958667551613094,-1.1737693683355643,0.3398789140409267,0.7757759841843892,1.4966477453240583,0.6959208005438127,-0.6972970699944055,1.2926092826126452,0.4108306607389921,-0.0212484950317493,-0.1078437297004567,-0.2117305813890128,1.9559735320234573,0.3704368892499238,0.3038768336082781,-0.0447314219378132,-0.4759544013082307,-0.1042299461004005,-0.4606461769107663,1.0639072645077106,0.2649262834625867,1.0655753558078922,0.3832910389386448,0.6848073377750731,0.967186275919712,0.4826683331713899,0.0043023958895192,0.5943593573180876,-0.164950332950629,-0.7113898167047837,0.953778024602583,0.2077964210419226,1.6963491928532706,-1.4393942564713214,0.0406857985725766,0.7971381844064689,-0.3112384569484262,0.8201347200886241,-0.5658550246648143,-1.0846829110750758,Control
MICH-01615,-0.6608820584584404,0.1035105010578018,2.126513876935209,2.863456224896114,0.0724957459579656,0.1663898887684796,-0.1462098228664712,-0.6800773866003661,1.1809506575650637,-0.3344528223523304,-1.001303112185763,0.2683912142754457,-1.4336328709560973,1.5228580778280258,-0.2385186085784843,-0.8072407804262232,-1.511370030149057,1.1231849956262334,0.9959535683100592,1.249807841943816,1.9280646509923536,-0.9906505550959052,1.6610068216717695,1.0254742706845856,1.1986502403132002,0.1178840340355674,0.1730624927026333,0.774425806621292,0.6828791979201525,-0.1464660273865302,-0.0500104425341731,0.2467411742378088,-0.6719859837162079,-0.8143406955479392,-0.5382990745969287,-0.7358952101267818,-0.8612083022666125,-0.9598989917924996,0.3159575950846041,0.178911724541317,0.2916446728200776,1.7467973368432552,0.1013720143040688,2.7792622857964617,0.7839747138767814,0.7350005505473395,0.1071103779426719,0.5121298193859884,0.6255685835552355,2.458260425898697,0.4413906626595421,-0.4286900065005173,1.847623913634733,0.4058938282080224,1.2332133571525374,0.3022663286604664,-0.6234701817183127,-0.6062530047069965,-0.8914787286095597,0.6723911598687604,-1.087427839510143,0.7459452530552265,-0.9154148608906756,0.2742249763488225,-0.3507439111545846,-0.7697076742420447,0.3776012694188146,0.3720981500177833,-1.1036872314395516,0.9818648697106706,-0.3724721106992054,1.01274919972585,-0.6647564203628755,-1.1309335644535226,-0.8809338749202071,-0.7162678366514424,0.6610807901543644,-0.0806818301761345,0.3168094332797616,1.081018781671688,0.6262901559932352,-0.23531091097134,0.3364190326987774,-0.6288098321403164,0.7740583092184979,1.270564982593169,-0.6096611431350503,0.5897148086241532,2.0939380207210574,-0.2575159443865855,1.1937877182127343,-1.0114657968142835,0.8237482485573635,-0.6411660446223072,-0.7539634916609934,1.1558536139970477,0.8673687519304727,1.2368918339669466,1.3725895471887557,0.7685998504979921,1.2230634988376554,0.7288068869605167,1.406967537121047,-0.2504355976128352,-0.9229443326845022,-0.5236836831922111,-0.0245520395399316,-0.8643102450648406,1.1593473575921962,1.3621470362883283,0.3755216938096781,0.5945827393718682,-1.0441700588180176,0.2955365389351528,1.0023120289127485,1.1707881179440258,-0.0078843471290265,-0.4712445584254778,-0.0082957018971347,1.896698071744975,0.3569126219239379,-0.5812942808513452,0.8384042192189691,0.8195643648952663,0.5685552319408181,-0.5913055471962217,-0.636797741220845,0.7457620578576742,0.5916834253288595,0.4204929756174489,0.6683454328337268,0.3870909156127652,-0.6295144961300386,-0.2790295571529476,1.304745365682834,0.9706243180250868,1.662599776137614,0.6995602432697644,1.1312705983886138,0.7673783956588726,0.1341129314436249,0.5750403750539422,0.1918070886287717,-0.8923689606538745,0.1224327595762303,-0.3497009341552091,1.31527886008256,1.348945349577762,0.7699300446571001,0.3782609990010136,-1.1307487397149532,0.6666348836244321,-0.5603242069152271,-0.6057562991947242,-0.8782223854657706,0.0635021389563392,0.7047556389704763,0.0494101457615065,-0.3219153094633992,0.0476467712478265,-0.5841510693870341,0.245872612608451,0.2671825304348705,-0.7009351004540794,0.8074510744259976,-0.6818931243399573,-1.2208389169898328,0.2023060027589787,-0.1362036940511909,0.8959624862251468,0.942124560731286,1.0332774164518594,0.6037708397814343,0.6062337900094555,0.9125559243378706,0.519971139766361,-0.976522042203649,-0.2601281926076269,-0.2987494188840536,-0.0013876452232762,-0.0743775122637766,1.1998910209750204,0.6170136139077239,0.9453277503268596,0.6768991595917504,1.2149642774338694,-0.5044945366030389,0.7894218620669442,1.047265059101495,-0.7636953152879631,-0.1090232423920243,0.1030904005405407,0.9416418012351886,-1.105961246786854,0.5827083875652804,1.333366943820406,1.5173085179224866,0.6404511351214001,0.6499942801447319,0.3659756843501925,Control
MICH-01616,-0.4868314466920327,-0.152158710501793,-0.718731696768827,-0.9478000364328134,-1.0965800722566228,-1.115221570486403,-1.132758847219064,-0.6800773866003661,-0.0786301183232627,1.8216973038152768,-0.8092812164846156,0.8641516651273913,-1.405394482726808,-0.6370519148940955,-1.5585140338992474,-1.466640366916501,-0.9150599929657646,-0.0670908697165162,0.4951059585541554,-0.4496673902333506,-1.5251222944499825,0.3106221518554976,0.0021804154674158,-0.4895937367108759,0.6338455939916805,1.5756469812849216,-0.1787000409080525,-0.3567216681725871,0.523815049392052,0.8252080442124171,-1.2104145758723768,-0.3749475279985996,-0.8387278821509537,-0.9378677057543175,-0.5382990745969287,-0.4220837058716313,-0.8612083022666125,-0.9598989917924996,0.5882612828186216,0.5849053886747682,-1.0865929654527626,-0.1654323703211407,-0.9987014950879785,-2.0539843588406264,2.2081450395631235,-1.267259995647371,-1.2651286052364847,0.2640880408661381,-1.459327935144232,-1.3821169395255617,2.420556945812203,0.1093633261047683,0.8463614730161073,1.030214540033805,-1.2673805219356435,-1.2742962931234647,-1.3984610215778668,-1.482416306054856,0.830837797725977,-0.7319215099434582,-1.087427839510143,0.1389005619027615,1.0652185331538386,1.217196494150928,2.377299896686281,-0.7697076742420447,0.0665547552045287,0.584749388615806,-0.6836338269694597,0.5926315127185954,-1.2097540100103548,-1.0855767043654176,-0.98341945001652,-0.4365349804287677,-0.9896356939347712,-1.1548791808938852,2.61374787711921,-0.0806818301761345,-0.5066323777429442,-0.7034310280393267,0.0491695172034547,-1.1223994367761407,-0.285417435937861,-1.1881910328481486,0.1108378081999467,-1.4446808956711,-0.4105225687113749,0.3759736584353808,-1.6313070727732395,-0.2575159443865855,0.0503806150341001,-0.5718560343367572,-0.2934232386007894,-0.9701282807801758,-0.859136239853799,-0.1099687317128625,0.25700901781106,-0.4122352180400709,-1.1885843432512828,-0.4515008090847058,0.5817472285785558,-0.3135328485069024,-0.579227111184541,-0.0762724197467077,-0.5026133715960945,0.3748267483178966,1.3542247027153536,-0.6728858441582894,-0.5789021521095988,-1.191085707030411,1.3136844260005545,0.9327654271872112,-0.3447724427566539,0.9555867054593457,-0.2112682535847281,-0.9368236200184004,1.2496001227532858,-0.0581593831638482,0.6793221097302384,0.0334348950059255,-0.1251925709514261,0.4557580826874234,-0.8125190772109149,-0.8921010671291779,0.5685552319408181,-1.7423256049851092,-1.3271485394540603,0.3340192041621094,-0.3890844018100944,-0.5380518265516906,-0.2049169111786731,0.5642013165735962,-0.9626796732161172,-0.3464739325130195,1.058844416434617,0.5070937972155108,-0.7213603058365577,-0.1916053531315953,-0.557617250335605,-0.4394048079157526,-0.485031417600929,-0.4086375768689194,0.883596157585913,0.0511117503592375,0.2424366099175672,0.499933870096162,1.198382839260441,-0.9861729695665932,-0.7228534018730917,-0.5866039439641024,-0.5480538241508347,0.7035237355155578,-0.2353102816560416,-1.3603180889749824,-0.8457972800994962,-0.7044011719862324,-0.6111940453023257,0.3315304992131934,-0.0015146532052299,-0.5568465059934495,-1.379938630331727,-0.4194174828556858,-0.2520517720787503,-1.422825566671594,-0.2561607836983735,0.0228560291988651,-1.2208389169898328,1.025818900023328,0.9263823799914158,-0.4800758803565489,-0.5325866048492497,-1.251262377307919,-1.5056219933371042,-0.7110649738494936,-0.3280737492639851,0.2579203022609846,-0.2354160814152754,-0.5034584509466322,-0.8518378469313296,1.3857504700179748,1.689396395016363,-0.6281284864014917,-0.7803674274319679,-0.8156199659463744,-1.1781122912305388,-0.9644929512316772,-1.2962837225592516,-0.2115400326206884,-1.673071726345754,-2.273546092097161,2.5151683709447603,1.4491994261592045,-1.115728874400298,-0.957145471704154,-0.5387463632782535,0.0442125474485465,0.7594023064714751,0.6040086439460846,-0.6490549785717169,-0.1244578069233236,Control
MICH-01617,-1.4527783731585409,-0.3575049810974162,1.3069127007408472,0.8931606827492011,0.2942771134371845,0.2812884035686507,-0.7346806061643368,-0.0206155092625504,1.0303202453682156,-0.6729286394517459,-1.001303112185763,-0.2736496003552302,-0.545843312121579,0.9446821433135676,-0.8094307255120359,0.105203234226351,-1.212219915300255,3.2091246672194638,0.8985227729963208,-0.4084547493052081,2.7280169116038984,-0.4204736913851624,0.719923478751778,-0.0727735448986981,-1.1838997259498312,1.404045009960798,-1.8047199164709185,-0.5514963000591844,-0.0147963116172352,0.4962868659165803,-1.2104145758723768,-0.3749475279985996,-1.003463071044402,-0.9128002973405588,-0.0088065347646141,-0.43164139840659,-0.8612083022666125,0.9156205722152978,1.584647966676486,0.9102024004631428,0.5135098585816142,0.5618468358204918,-0.3351334145801753,0.5442672236095271,-0.3018713632006168,0.7842451588633255,-1.2651286052364847,0.2981998780892757,-1.0930442996036414,-0.9466767550655664,-0.5951624632717136,-1.134879079320119,-0.614221283724527,-0.5952066835243351,-1.2673805219356435,0.465507241635947,-0.9973694288832108,0.0148936466622985,-0.0868282891428429,1.2740199312967646,-0.895515270934129,0.6821363557201289,-1.0934445133730817,1.3857697984013484,0.4552467615360042,-0.228603748047765,0.960516820909736,-1.4260976668706051,0.1897030905926758,-1.201241744024484,-0.9405819466604732,-0.4053154791290982,-0.98341945001652,0.0281708863987257,0.7963295424731406,-1.1548791808938852,0.1294214503405487,1.201347679631621,-0.0390460365574381,-0.6723918385365,-0.5626870093058473,-0.9992250276879154,-0.9367978910791168,-1.1881910328481486,-0.981416717034448,0.0041025888308955,-0.1412654129803507,2.8260671642788893,-0.5038639096806244,-0.2575159443865855,0.7979396045824395,-0.7860224196284837,0.3461203719904679,-0.7219912382427748,0.352333705038058,0.6871742390766223,1.250348735377049,1.8046068207060733,0.2964936935398916,2.3811211431456463,1.2230634988376554,0.1183857769176386,1.406967537121047,-1.6608949739246843,0.4543650739488766,1.234211960166976,1.922760257361115,1.928055028986382,-0.1915438738133682,1.5634042482980404,-0.666490354959331,-1.0840277006418295,0.0974885007729884,0.8304999707368301,1.6657560068411172,-0.3245984645285938,-0.0311137542715797,-0.937376946547152,0.6378692394426382,0.9612548138785268,2.3151506514857005,0.6516722487807626,0.5708019121384438,1.319804456427948,1.5411110786129454,-0.6661473605874799,-0.921332016979068,1.087853523136148,0.5362144390352852,0.2409047516427861,-1.0087306281416262,-1.0135800546182434,-0.756444490780246,0.1739027338826409,-0.3872441325257868,0.2685661746945357,-0.2745753752922611,0.4490605937400768,-0.1894477366979535,0.414333282727843,1.158268303466137,-0.4086375768689194,0.78613111825694,-0.660167869121007,-0.1013365918776173,-0.5494683806469559,1.866381301089531,2.001747888715641,0.1923244434194972,-0.3033364199441553,-1.0308941033693415,0.0052435130598744,-1.3427784841475738,-0.9762801977678632,-0.7496476458912932,0.3864140799834785,0.0108030413085426,-1.336056931773912,-1.0616323020633378,-0.1206360475934929,-1.0131442546584477,-1.2209438985484973,2.864822831620485,0.7757759841843892,1.4966477453240583,-0.9725557813500464,-0.1124823197677786,1.6212066081550864,0.2487196778036444,-0.776603966483543,1.2314069678413404,0.2576005302309648,0.9716061134996924,0.8791532138782913,0.1684523153645525,-0.0447314219378132,0.6258205813035045,0.9735826619291876,-0.5450781240344393,1.616828255111124,1.485650073788008,1.9073994723005083,1.271793354886534,1.8018419481259995,2.324304703868693,-0.6085420970410074,-0.982999643960895,1.1558075191782005,-0.4951005483428468,-1.2969528034165865,1.0495756333824229,0.1333567274661741,-0.7982649402558166,-0.646025074057662,2.6798865066106474,1.1002328642555996,2.8298626413081176,1.099228531825072,0.4517133112155421,-1.0846829110750758,Control
MICH-01618,0.7634739244095848,-0.0569933211374059,0.3800785452332916,0.7170353172659005,0.6324502571226995,0.0635515825922776,-1.0737791970330115,-0.3888699018911769,0.1579238922735401,0.6257175189504982,-0.5797504079599496,1.024994733199562,-0.9279169201866344,0.248301861675439,0.8211024004326253,-0.5710265014847214,-0.4641931343334379,0.423869772584556,1.5842618258857868,1.082179753394718,0.3391919785635853,-0.5421472739617766,2.1858148389248333,0.5796049855875741,0.4530833875390986,-0.0371784549729775,1.1231644429729035,-0.0080125071791496,1.290847148404343,0.969549929506342,-0.5698312864600424,-0.9683694905368906,-1.003463071044402,-0.9378677057543175,-0.5382990745969287,-0.8185299962540467,-0.8612083022666125,-0.6547446693643652,0.4873535430132581,0.6452377290134941,-1.0071728539128968,1.245017088947382,0.3763541120632526,0.4917884559064049,2.4926649434619894,0.2813037776641958,-0.6338124375134911,0.1948443719622473,1.570009772509737,-0.6327881351573567,0.9033203770171588,1.5704850039418914,1.0612041109710393,0.6413197469546813,0.7822528660848644,0.4249835172053819,-0.1992663865013451,-0.923604108728972,-0.6837661431796133,0.0454069159048823,-0.8042443115251197,0.8089236422241848,-0.4906870306506166,0.5397931050072781,-0.0892337885401438,-0.7697076742420447,-0.4189086779179778,-0.0733434262447809,-0.6442411455318908,0.9107735368606912,-0.6323371900408067,1.5281101004134747,-0.98341945001652,0.1629661998597852,-0.9531796839823562,0.0046514333738808,1.0673975590564977,0.243918999323466,1.1755944578336557,0.0195324325881406,0.7292930432606185,-0.2117563067093895,1.1239616887093846,-0.4426881119628952,1.1585041929129911,1.2107353026751044,2.164992244283052,0.2341886604695146,-0.3199875649547107,-0.2575159443865855,0.7979396045824395,0.0808170677033272,0.7084825978208605,-0.4430323275430244,-0.2843359439559517,0.9182064107167316,0.4013180288452403,0.4976295447192653,0.3811211531232896,0.6526651894096275,0.907998265087818,0.1604298610828043,0.2722371178022892,0.7890526865955259,-0.6492001001012035,0.4708707196348582,0.9480678901356866,0.4311368981408647,0.6620455621157779,0.8210526309959465,-0.3006517119679761,-0.0585894010282059,0.5742609888026905,0.1278294535351768,1.057232051482471,1.83478244674579,1.0861915025964983,-0.4831022749805466,-0.0082957018971347,1.7686501366335454,1.2778168413368771,0.6302930480208513,0.3283514607151617,1.5913095583352284,0.2637682381643137,-0.5666352177548218,-0.6494231729364112,0.9748954587934064,0.9068605801735872,-0.292153265047387,1.315848471028694,0.8549862500142793,-0.3967867403455042,0.2668674001291014,0.897348532524337,1.3070901311659748,1.3297942337537372,0.2287542443460938,1.3640975452525357,1.670610923679422,-0.3635448766326462,2.3509018664179675,1.2806030206537666,-0.5336742416799835,0.3130418567019903,-0.1037417055412824,-0.2753725272034149,-0.2577109840297442,1.024779211256095,0.0525635780443631,0.1295868625675246,-0.4295858353339671,1.0187305037984444,-0.5084115369361139,2.055337125240841,-0.1198720673731462,0.1024925360622604,1.1781322224521429,0.6989502958179159,0.5722089773069289,-0.5208351479213895,1.305665986301768,0.3398789140409267,-0.4551294383788538,0.715400391818477,-0.9725557813500464,-0.2609656687942101,0.300833473402168,-0.2871607320685925,1.934937081747772,1.2030130157040262,0.9421743053570256,0.6454012854727579,0.9446639194906492,1.52719363419934,0.2846655472641822,-0.4273469018101209,-0.559173724396221,-0.8140362155134362,-0.1055538456752043,0.0588595302997602,0.8582844722024318,-0.0241566177880431,0.5739782812831398,-0.7687503439503796,0.2051295909638866,-0.5640030055582447,0.1767807819990035,1.287229613131046,-0.7636953152879631,0.953778024602583,1.1233732953677078,0.791857557151652,-0.1565887685012373,-0.6783357576446861,-1.5468706593278805,1.0248190830666646,0.343993304883759,0.5628322301660135,0.9133697809299725,Control
MICH-01619,-0.5728328309519984,0.3675760833478706,-0.5081697151482086,-0.3963213062865143,-1.0801349216610474,-1.1870612656263368,-0.9866778620392768,-0.4482643225136055,0.8737345406642073,1.156448361760737,-0.6830909062256474,0.9721856701760788,-1.2670615466280963,0.1432501712377413,-0.6105348697593778,-0.6978591632503456,-0.9150599929657646,-0.6128401653633007,-0.2317382044266201,-0.0471101306668239,-0.5287402504937487,-0.0427317943978313,-0.8198132893102267,0.316500050775538,0.0117411834390302,1.123620897274228,1.091664876303133,-0.6977548478329263,0.8002471310441426,1.2492420231108423,-0.6971707515658315,-1.121827804408038,-0.8867340780639961,-0.9378677057543175,0.0938032503689962,-0.6462379666494888,-0.1829994665152809,-0.9598989917924996,0.8506155489920744,1.052997671538512,-0.8718633938055612,1.1190723372176383,0.8118669019998068,0.1376642752639613,0.6581771771673551,-1.0318508834025415,-0.618527291545955,-1.1552594271145402,0.1065702625206297,1.58993857533426,-0.0497150084331086,-0.131504343304094,-0.614221283724527,0.3404600440133174,0.5596599865408601,-0.8407942304894809,0.5315754893603172,-0.8302168108393826,-0.1837220540204073,0.965343096781527,-1.087427839510143,-0.6956387384487038,-0.6373677419707895,0.2937624489553083,0.5164760235137136,-0.7697076742420447,-0.1939287344179036,0.165763063091223,-1.2169653933389768,-1.201241744024484,-1.2097540100103548,0.2515877758167978,-0.98341945001652,-3.149855638335443,0.7963295424731406,-0.5215075480222344,1.4079810421445806,0.5884317680913629,0.7185874601512078,0.3323144010698809,0.6146199347215977,0.4112257386501136,0.0635224848969659,0.3095135521984608,-0.3238306014033263,-0.5105856764232469,-0.6096611431350503,0.0700470449954709,0.5773616063681142,-0.2575159443865855,0.8427520204267169,-2.282200963620992,0.6143503265606117,0.0840636256941276,0.0557645242858473,0.6074647449531184,0.971927064739026,0.8257957444686738,1.557542913901162,1.2005471331240942,0.7969431060241159,-0.3135328485069024,0.8948143152784592,-0.5258596728953874,-0.0306532695168176,-1.4087524762651542,-1.1894837871662445,-0.8643102450648406,-0.1058063769280227,1.1456078907027925,0.0148121389185032,0.9069493900284024,-0.1213738070683851,0.7452984442549907,0.9122884833752036,0.0877302956569659,-0.3686581156484323,-1.0944333707941103,0.843227664623506,-0.8405381600221724,-0.7208196074309063,0.2049638536882267,2.609558556132711,1.117042995713846,-0.0977682267840821,-0.9518594122037348,-0.03742571913946,1.1997656644606394,-0.0576424684211592,1.8380506078739167,0.0583315046600891,0.7597787724035182,-0.4105929874699173,0.5082744469621681,0.5718788607551996,0.0865655006718937,-0.2176309772310931,-0.286914433123133,-0.0312123152223596,-0.3839967242713224,-0.6099994180519073,0.4181725930429352,-0.7826141669215027,0.7702593370451818,-1.054013001105791,-0.7876842763300366,-0.3368356592276827,-0.5793649522500369,-0.1343690164194695,-0.7155107249456792,-1.1307487397149532,0.8301121103566977,0.9299785414962248,0.0885430595934265,0.0752678178814402,-1.0903126644924923,-0.1676869543859588,-0.1697643083386449,0.8764482564243771,1.1390750139620351,0.237286535101009,1.7138069317286893,0.6271095135501611,-0.9666712377005656,-0.4426126313083328,-0.9725557813500464,0.0896990519654256,-0.2943475476519145,0.0086213877320976,-0.2483329546047721,0.515835080084465,1.5761572463669535,-0.2266784509512364,-0.2095952595831993,0.757606366244988,0.1769352723588314,-0.3308868157870867,0.5429041028823895,-0.2210370163998044,0.8678837884081381,-0.0629715599352992,1.7004648978940935,2.5748626472818623,1.7316050995917225,0.8395492292725943,-1.102733778381799,0.0482606128412801,-0.2836981157346356,-1.0394566995319652,0.1735178442098931,0.7103668600194052,-0.2163979345387721,-0.2734500085777052,-0.646025074057662,0.5827083875652804,0.5123331262706298,-0.917581720074998,0.4936407651302652,1.2212037207923825,0.102101323501499,Control
MICH-01525,0.2436169346749873,0.5937213185433238,-0.0049583278733543,-0.4368687837930854,-1.0965800722566228,-1.029009598632976,-0.8171839728643085,-0.2977618993565945,1.833563025182915,1.4626618458210685,0.6910647212032235,1.993843686073752,-0.6614439843345001,0.5213657872685148,0.3435131241763229,0.0881052757977373,0.0520390128207163,1.1096221421117498,0.6996292671492462,0.4098122278108933,2.230049702781502,1.002091145005285,0.719923478751778,0.3966723296340493,0.4441206920766538,2.179884964141771,1.292178073185335,-0.7106425460416812,2.1612135635629834,2.0000723768509343,-0.3874550574759753,-1.1058669893083837,-0.6288328005044065,-0.9378677057543175,-0.5382990745969287,-0.1828810614999315,-0.8612083022666125,-0.8659429177041035,0.7206364472091552,2.564287944041853,-1.0463462219550668,0.8048385552117581,0.0109113884158357,0.8980092577910235,0.55079067403025,-0.4650157944857285,0.7183355358236957,2.615297676866572,1.3444261332274745,0.7707545523840583,1.3997577084506547,0.0926962729256421,-0.1499017541335759,2.160697813013592,-1.2673805219356435,-0.2504880859811806,-0.5336627076498803,-1.2182640307060617,0.4289356755268543,0.7844485908683473,-1.087427839510143,-0.392254582668093,0.0472480009309055,1.8943664851555784,0.2665372253304875,-0.7697076742420447,1.072211216089532,-1.4260976668706051,-0.4350740416284014,-1.201241744024484,-0.3724721106992054,-0.1796762836126592,-0.8605388456140789,-0.3416265444660057,1.509095098097617,-0.2369336318783808,1.663367512870474,0.8851807101033197,-0.0654193333296994,-0.7034310280393267,-1.034415028141135,-0.2117563067093895,0.2006496171340425,-0.573834957160376,-0.2854330558451744,0.3166410540245018,1.058735268892707,1.3981811331281917,0.2969557252510444,-0.2575159443865855,0.5706275018739216,-0.4942266845258537,0.8237482485573635,0.4033834067515588,-0.9940156136571896,0.5058111020226275,1.0235262698729684,0.2390150642139094,1.9854510908647285,2.0534798301574564,0.8449328949728948,-0.3135328485069024,0.9816925502273957,-0.3176343409084002,-0.891871178397438,-0.6140908330261442,0.0575897202262965,0.9857342025758732,0.0065212443194626,2.3929833378695453,1.040533485656855,1.5057400870281143,-0.9244066230558228,2.511936207594731,1.4254433856370294,-0.1442101989328659,1.821290790335336,-0.8634289520816806,0.8837362748802491,0.1383979486699187,0.7353747624067724,1.29009142392078,0.9362871697843346,0.194277965778025,1.5026301157185578,-0.3740437719555213,-0.5267922070225822,0.6877934819367094,-0.8177850691327465,1.038305265727222,0.4165855997933202,1.0859439575288687,-0.9626796732161172,1.6924377728810358,1.363992678807873,-0.2857725056224641,0.1389181372208756,-1.0620749533117655,0.6796109767668927,-0.3839967242713224,0.3833856214611074,1.2542296486440752,-0.4092256368318531,-0.148745764070372,-1.4740671144308108,0.8884040030725345,-0.1245454070798337,-0.1453683267039353,-0.3263854953832165,-0.3472212883211335,-0.2706595550605578,1.1223631197622934,1.1063518370777945,-0.6308827778639243,0.3423953626603991,0.3289214188271577,0.1153544780920558,0.227040492212296,1.0690499288637978,1.6009686448067697,-0.4354399121252717,0.5143477479813472,1.984403047667686,-0.6813587748581407,1.0987180107487835,-0.9725557813500464,-0.8978158414784062,1.1094422915938649,-1.490819714642699,-0.776603966483543,0.2600006562281546,1.164991650676944,0.1324849163935178,0.0403377293185975,-0.0752603753140641,0.6466793740498956,0.4510114061865586,-0.475831256971371,0.258908158705275,1.7736300896381392,1.361340526497741,2.067979575898018,1.2482024556958438,1.4873161088919318,2.4292597891794254,-0.7702966231518708,-0.4582282788296524,-0.2354639867797143,0.2426152346195466,0.1314054123539365,1.1916440305810294,1.605252405757842,-0.7460010749797289,-0.2918660781842457,2.5531152661053307,2.6098702618350624,-0.917581720074998,1.2013488918915023,3.3827876263834544,-1.0846829110750758,Case
MICH-01526,-0.2601486705327331,1.039876672548555,3.1824581222828496,2.930177102170484,-0.1898971092310773,0.8626904806796345,0.2677783516506645,2.406904675854232,1.2974620721460948,-0.1519547971548108,0.6910647212032235,1.2533740947762737,0.3326390687047603,1.4048313568038917,-0.4204818090375224,0.699062020535494,0.6149182320601024,2.8143972628029355,0.8657517061930403,1.348666570108166,0.9014513328066888,-1.817971825712188,3.302128883773137,0.7320075734807726,3.2721889566774696,1.148906915534267,1.866628162149629,0.8723377011708746,0.8002471310441426,2.1693839600732168,0.740692465632439,2.0140078094207023,-0.030976216929604,0.3630108342774911,-0.1792168133709814,0.004162637882682,-0.5880242347200311,0.9327575848781912,1.8416548942711144,1.8008321844299666,-0.5942883983101557,0.2556278464778704,1.4657422731308196,2.459119814026719,1.2001881314009624,0.5858935005990451,2.190371471114376,0.0154551845350572,2.0920813867995958,-0.4950377345762379,0.666432371237626,-0.3520004373200373,0.8779445264334622,0.7756110708394622,-0.7264653750770592,2.2830007159784618,-0.2750302359657254,-0.1746841557549223,-0.4304189452868893,0.6153205265410349,-0.2514412242165526,0.2805332465681415,-0.9946131946702272,1.5622497809266922,0.1801283226575688,-0.7697076742420447,1.8624708833612844,-1.4260976668706051,0.952837882860029,1.6567495332994435,0.1259691417800859,2.063856356099833,-0.7321260659937288,-1.07949078749765,-2.573230555437225,-1.1548791808938852,1.424365280121367,-0.2674520183699235,1.299127085406258,1.5568205587084345,1.9464967112791405,-0.1540085612971475,0.1322574606450133,-0.3077452375241908,0.0594172292725983,2.450074948976139,-0.2949835415357553,1.5044997163266722,0.3498406383493714,-0.2575159443865855,1.6149735626142767,-2.282200963620992,1.485363872309469,-1.5394352807524652,-1.2760280475715389,2.567110483515541,2.1015338550606137,1.849552688575466,-1.1885843432512828,1.399745808013085,1.7722621737083335,1.6602740950156336,2.0556034827775145,0.0082006559888385,-1.2433606300090785,1.3345601834384098,0.6073477808946011,-0.8643102450648406,2.2672054712544303,0.8777743838787716,0.8096889174046177,0.4228372227751464,-1.2263478884348138,-0.2785351418544206,2.1936389951252684,1.9994824747169144,-0.8131005132653077,-0.4361056807103964,2.126446995963061,-0.6263410759527337,1.3095006665443711,-0.8068793790087904,0.6723018983552447,1.4959226872597575,1.34702949670709,-0.6913767939374981,-0.1411801526398569,1.087853523136148,1.5355160768561364,1.7022385442593175,1.9002412381648133,1.457331014413452,-0.3559100276842608,0.8538945825790354,2.1269596738027072,1.1400148270059074,0.4988979996744284,1.229317837086241,1.0293291988274018,1.5790564377973153,-0.8982240004432126,0.8517317520002438,3.140793308475085,-0.7127556382278059,-0.2827942727485513,0.499933870096162,1.991099329538764,0.8649629970513081,1.5142636653971078,-0.5559273018495394,0.6362322939199387,0.5918586531454273,-0.9404309490395112,-0.1324251284109925,-0.8457972800994962,0.7747999373216092,1.3391619557844798,-0.1697643083386449,-0.6343231260791038,-0.2060697834019744,-0.1676482214733878,1.569005973399116,0.9088161038558517,0.8744007057630778,0.684200391469481,0.3621172336645141,0.8023422282168632,2.9150693854608134,-1.0588397430230747,2.2150441123623,1.6172361862381028,1.218225887368522,1.7382952912492406,2.5315792247663977,0.8818483878121588,1.6982030720354209,-0.7730535038383601,0.5653395900727306,1.2815993136811097,-0.6649405728283031,1.1175347548866963,0.1671880197485994,0.4356931535338038,0.4579925668226738,0.0960358448527565,0.6986948831027378,-0.0225826375410844,1.030948104802855,0.2426152346195466,0.1735178442098931,-0.4887693138087944,0.2224793155938002,1.074740874418395,-0.189602725195475,1.3537481427090334,0.766074314842517,1.6235414317869783,1.1334184994306686,3.996523675132652,-1.0846829110750758,Case
MICH-01528,-0.220385998729203,0.9472394414861444,0.5972821372787778,0.2828551555078941,-1.1299195725475948,-0.9303722402592388,-1.1625292352646313,-0.6800773866003661,1.4797750728571435,2.285526790083736,-1.001303112185763,1.872071389042554,-1.4336328709560973,1.3451050653649554,0.9241312381801792,-1.5760219840923784,-1.7263186106500092,-0.4424408025026465,-0.3473567965182306,-0.4911010115254751,0.2737234462223381,-1.552690865240402,0.3056449152016854,-0.3674635287161433,-0.6857100500033946,0.0152673561976205,-0.5876573340222745,1.9640631450209487,1.649795648482938,1.826378864929693,-1.0384348500071208,-1.1871559407089605,-0.4005244420383679,-0.9378677057543175,-0.5382990745969287,-0.5820394307688029,-0.8612083022666125,-0.9598989917924996,0.7859200724807754,1.975433923102816,-1.1279735679380776,0.2421135004119458,1.2131279917511482,0.0525401441157738,0.615507889144516,-0.5203682868855196,0.1511386310865484,1.2435521684367392,0.3703952103854668,-0.9466767550655664,0.1074569736379141,0.4723536893741873,1.847623913634733,1.8578423281596443,0.7679132874519818,-1.2742962931234647,-0.9816242208195805,-1.3745587681825386,0.830837797725977,0.0018603632971989,-0.7685472971204436,1.2282134159443765,-0.6511839681085269,1.3404636243423702,1.8463559351892844,-0.7697076742420447,0.1123322932227259,-0.26343938332024,-0.6442411455318908,0.1582673594133157,-0.4312286417537203,-0.1427424828128685,-0.5872780736487081,-1.07949078749765,-1.0263174391329646,-0.089354161557228,0.8316651762389353,0.1014302583482755,1.1127118230567696,-0.7034310280393267,-0.7239463498610088,-1.0687168058390826,0.26870235705766,-1.1157207616178653,0.466102131396795,-0.6258032288246769,-0.6096611431350503,1.0983032647240656,0.2566979116961327,-0.2575159443865855,1.4067312030711083,-0.5199470933560569,0.7779551696541579,0.2985283308490182,-1.0214643160094226,0.3595453465913925,1.4926451517054673,0.2683130308338152,-0.1848842290526664,-0.6934593564774543,0.6825723823021629,0.6498318055628266,0.6416975508284997,-0.7448290674018053,-1.2104965061748854,-0.5878553160229217,-0.0125308612163411,0.3400298277743745,-0.0493631397498573,0.3888875439160733,-0.5589605796190251,0.7185581446083866,-0.2324943616115298,2.234562267766417,0.9008427437956164,-0.6385873613202486,0.8008956584694134,-0.9986626599814727,1.1622439288335809,1.127417874185651,0.7353747624067724,0.4779236475759278,0.041067641215682,0.1696498208769678,1.7310717194860124,-0.8458309965815753,-1.1378398380142785,2.059607227972533,0.0406935213935515,-0.260820123384411,-0.1316400959099852,1.329135595721016,-0.1875199638472091,-0.8399314242036786,0.9627089083694432,-0.1603954804412898,-0.6596704473820431,-0.2072699729601043,-0.1495881750175741,-0.328874988590328,0.2187968505975734,0.2019639876976943,0.326244434398968,0.0985046257656459,-1.4740671144308108,-0.9423655900406128,0.1087937750506542,-1.0846007920569816,-0.1819993943593099,1.273014384779421,-0.6901250126311261,-1.2838653785212777,-0.0611697994831872,-0.9914751246996042,-0.063297446031385,0.555807330197056,-0.2394144505636698,0.5360213215014964,-0.6051222418767324,0.171664688238177,-1.0453108231723098,-0.2006972026016102,0.698045687198212,-1.8120992807048515,0.5728790928644448,-0.9725557813500464,-1.2208389169898328,0.4450602290533594,-0.941144983957554,-0.8974294121083224,-0.2465688177766067,0.6891128839034607,-1.296480958008305,-0.3626694519278738,-0.1108037650618587,-0.0165545524741259,0.5388263499514264,-0.7592017339089079,-1.131057195092062,0.6712817232120682,-0.0743775122637766,0.4351048239676977,0.4973754300784321,0.6557312853449889,0.1314731124640535,1.4630935582222442,-1.0923468697118974,-0.7698079527510453,-0.4951005483428468,0.7582852372917871,0.049590431988549,0.9993146914424392,-0.9803536139693344,0.455109805313153,0.7029744315447957,0.2822893655957614,-0.917581720074998,1.099228531825072,0.3150492799405546,-0.00933096479703,Case
MICH-01531,-0.0654777849944801,-0.4802922945986119,-0.718731696768827,-0.3171027592733852,-0.3586249863859226,-0.4129182714981682,0.9621746939218886,2.592555939309709,0.5057728864899178,0.6444621200250608,1.8004946843020149,-0.4478648915272071,1.8626983738559395,-0.4436722601899163,-0.9649202198803236,0.0188520585635339,0.7524588716672557,0.307194558430126,-0.7466853461582879,-0.659093537637178,-1.4397641184502468,0.667265425865966,0.0304493752973312,0.7570291465201532,-0.3613151539811211,-0.2927553116068964,-0.7336643137599802,1.5942809205480313,-0.589998584966578,-0.3868061459932502,0.3369649238395369,1.431927738263975,0.0817210157129581,-0.1151398157437895,-0.5382990745969287,-0.3658662861220498,-0.8612083022666125,1.609965828205845,-0.5689943971827739,-0.8641521364045878,0.1696269626643681,-1.217580299990258,-0.2750815158051763,0.4653567620898612,1.2942286175159368,-1.5079596406947726,-0.7117997705519021,-0.6522064595379988,0.0681401072040753,-0.379159049632473,-0.0730403685937706,-0.3142752555976404,-0.614221283724527,0.3072976732718968,-1.2673805219356435,-0.0337106880042536,0.8515495757620595,0.7375286173760495,0.4744496237966248,0.1736234302220937,0.108461625475209,1.052947007409813,0.5726717526292019,-0.0514363030414473,0.2878894189345316,-0.7697076742420447,-0.4964810971182668,1.4549196209519182,0.2662785265196981,-1.201241744024484,-0.3436043052897766,0.0749981345316489,1.3510417684598828,1.7510830454070674,1.6278181681469022,-1.1548791808938852,0.6610807901543644,0.1373139486406448,0.6268015611490012,-0.7034310280393267,0.0491695172034547,0.8763819263666905,-0.2149154865451626,-0.0625218115074389,-0.4019372493488768,-0.3225400372443926,-0.066010010833172,1.2879437409440615,-0.7360706221326988,-0.2575159443865855,2.0181544087172343,1.2506906211065465,2.3483348237697643,0.2985283308490182,1.879866566572346,0.6474950658594042,0.3727344202685412,1.5980272062579115,0.7113332443825902,-1.324605313992547,0.8607968295385202,-0.1817081877471734,0.7338301579844334,-0.5258596728953874,1.6627253329603489,-0.6948508487175528,-0.7427489862152659,-0.8643102450648406,0.3043699278821772,0.7980443595626829,0.0148121389185032,-0.1353972216790088,0.2052753822591351,-1.0825042681007344,0.6622258222405424,-0.1738799954222984,0.0611396388610084,0.1663380122811304,-0.0530898750836367,-0.6791935678704133,-0.1474636412895938,-0.4723404489011761,-0.853785656585416,-0.8921010671291779,-0.1440050742931962,0.0951248209724045,0.5092048791299568,1.1997656644606394,-0.0081215810485476,0.2409047516427861,0.2632142296640726,-0.0687506559472038,-0.0202477555403456,-0.8399314242036786,-0.0421109257164185,0.0865655006718937,-0.9428381669286496,-1.2146161262016957,-0.5158444208319676,0.1021344450869637,-0.387572952865072,0.311107818899704,2.1204330690470288,1.048232078098863,-0.4439109836993239,-0.5204513989233628,-1.0605154589980743,-0.9215436838972018,0.0537284840144422,1.4279872263791051,0.9187525153894294,-0.3106674262098464,-0.3062199988166381,0.5773962548876572,-0.3513034287904388,-0.3407860548399297,-1.07726025415524,-0.58998634671993,-0.5760868026651563,-0.8299764250303505,0.6234858618738046,-0.4194174828556858,0.7686399984419148,0.1122046913088027,0.2876945652885924,-0.2071564090069818,0.4810620909422253,0.6990839384819784,1.6106326094235488,-0.2483329546047721,-0.1078437297004567,-0.8082920542643414,-0.5533114656050558,1.0883823433458788,0.3373139395775878,-0.0165545524741259,1.1313736865804127,0.9321417399247904,1.4769774165625975,0.0995587700081487,-0.810476889465825,0.0788085385767382,0.4043633142566799,0.1909020368954323,-0.0836959676968036,1.0645715933070048,0.5675536254089114,0.2848759106453379,0.8007848404181438,-0.0194854926112968,0.6113910846903509,-0.1996448580375043,0.4749729434178121,0.2221596292179643,-0.7253859379581774,-0.0604213356338648,0.8024525927218124,0.1139561410428948,-0.2461614015362868,0.3319295781425247,Case
MICH-01533,-0.0277438570892196,0.8675361804734962,3.3575223522279667,3.0725023550074178,-1.113174049766812,-1.029009598632976,1.037498729307108,-0.6800773866003661,1.4660450677340509,1.4782117077828396,3.6490284472805072,1.9637898194170047,0.0075617437208317,-1.4217092025625668,0.4014213214662096,0.105203234226351,4.032372613572687,0.0072305253778359,0.2846248299019108,0.372750517162838,-0.603251570649524,0.2043064640251733,1.0118977977311725,-0.4588230579279652,2.040345350448749,0.3146028355808494,-0.8340008622527455,-0.3069946052690752,1.105502400898349,1.9509026405927723,1.4832238728611815,1.64801136005239,-1.003463071044402,-0.9378677057543175,-0.5382990745969287,-0.0558712509028964,-0.8612083022666125,-0.9598989917924996,-1.3125354735907018,1.5432294838943637,-0.1814683673580037,-1.217580299990258,1.7130669475924314,0.1376642752639613,1.565866138773714,1.9470652932889048,-1.2651286052364847,1.72589819497832,2.354916183809138,1.8604955532572292,0.3743674226744282,0.3503097980718571,1.2626100427084532,1.1379075467127275,1.1835253936015295,-0.3387357794532879,-1.2141570233596053,-1.482416306054856,-1.487555864485513,0.7287615223464234,0.0692030821810441,0.6821363557201289,-0.8238818652616368,1.217196494150928,-0.8134038881618583,-0.7697076742420447,-1.964410505106742,-0.675849318029069,-0.5286231328351592,1.413752442520939,-1.5811764840065654,0.0391586730861376,-0.98341945001652,-1.7726965690240375,1.4850622743794577,-1.015502469047113,0.2787172567331653,0.3489901110698414,1.339662036938501,-0.5804250854329875,0.280671235640074,-1.1223994367761407,-1.777387417694036,-1.0457938383175107,1.571622111901909,1.562513820582013,-0.6096611431350503,0.6025797893207882,2.9154407947482155,-0.2575159443865855,0.0016311742622325,-1.5998718336230582,-0.4374271295242798,-1.4039542225918282,-0.5754135956754934,1.628877894482841,0.9198772058210672,0.029775326667447,-0.3211156414380327,-0.1992353421067895,1.0762587672448558,2.940604331482027,0.4512385094051073,0.232190037450873,-0.7692447382310427,-0.0917557616077854,-0.0736512820459493,-0.6934009651264855,-0.0213517835910199,0.6193005177935945,-1.4991290665176091,-0.6204112605479846,0.3119950493751859,-1.37170743122909,-0.8584363965684715,-0.3552279355607286,-0.221092734460494,-1.3016640199566474,2.0912325951942003,0.0816259192758391,-0.169853491231174,0.4999877678765796,-0.8125190772109149,2.557138852917622,1.617580006354672,-0.2577712896554817,-1.1876275024862248,0.6877934819367094,0.8816756501928089,1.177381912896955,0.1276277011572597,1.040532085588632,-0.9626796732161172,-0.9883144816805648,-0.2982111023389738,1.4719126658715878,0.3218250827180699,0.2287542443460938,1.2319022220719344,-0.9514726815892024,-0.4117341493125229,0.8024267806304758,-0.3791599305554199,-1.3866022914199128,-1.373859254830447,-0.7270894523282576,0.5221798484761596,-0.9861729695665932,0.2835772445111118,-1.1492646859932096,0.9978226077932466,1.651539383931422,-1.7701321605379663,-1.305656161450598,-0.2054251864615298,-0.0581519392583414,4.774604996780155,0.6029007587656816,-1.3228221410609928,-1.9687406386060615,-1.250032361428431,-0.947129252815834,-1.678416885181927,0.433076253342479,-0.2764193445248193,-0.4355589440488775,1.0069597344037315,-1.5723211486021005,-1.490819714642699,-2.598461756926222,1.5903740889825844,-0.7269730735413237,1.7749472355835076,-1.539845704749815,0.4366457972739365,0.819538038851434,-0.8235051991737689,0.0717292666953797,-0.6144206699027429,0.0422576935608529,-0.5424636265160991,-0.0955560525098551,0.2202787399822733,0.1284561871316151,0.5106582921515301,-0.4831591875007991,-1.2257779028053246,-1.3456913025210313,-0.3995403988145319,-1.8409435996658,0.857093388310002,0.010539553904957,-0.7807284043065338,-0.6051044134989106,-0.6783357576446861,-0.3475588175240174,-0.0370636510788495,1.4016363080136702,-0.1187246553546088,0.9565091557840728,Case
MICH-01534,-1.161037027563698,-0.2216207343071111,2.2765025794274747,2.7166205003876254,1.864405471072768,0.9066993386129992,-1.83580126345872,0.7231136636876414,0.3991897071348115,-0.1743637704244267,-1.001303112185763,-0.6102403296037896,0.7515122421131397,0.7523071715112368,-1.712880615622,-1.0370080081111697,0.2604699468721694,2.28410358140418,0.4951059585541554,3.456228321020167,1.6923557886855234,-1.2996715798799,1.744977464123556,2.943049064416745,3.2117709137475896,-0.4475352651984626,0.2515852018909615,-0.7106425460416812,-0.4989233313550946,0.1180663002674458,1.8869039810281012,2.669412276549353,-0.4519378949454778,-0.9378677057543175,0.8190318178092172,0.6789820629550195,0.2430226481989093,3.4274379529296706,0.8827460246179044,-0.3223329599882637,0.7419038473279563,2.946478035144651,4.663234982159708,2.796503992966256,1.21914288304195,1.0271282069232914,0.2156402212856688,2.0173654111317725,1.6332791505773678,-0.0546259351045486,1.387102531380583,-1.134879079320119,-0.614221283724527,-1.0009395214086756,1.9239660656118784,3.674320785050287,-1.3413717601469135,-0.7390532327128211,-0.4304189452868893,0.479332212002011,-0.0519622768578244,1.39735273810844,-1.179219304248449,0.5581335293944819,1.8158426778917376,-0.7697076742420447,1.608768813980081,0.7694543576361922,-0.5859608492277283,1.2534735382519862,-0.5220400078228379,3.6013091143368827,-0.4772895827556912,0.3395661411507927,-1.28965336662411,0.1687772541430551,1.1026143895040117,0.243918999323466,3.231688573478172,0.7672926471703523,1.4885337721780902,-1.1223994367761407,2.689376974561435,-1.1881910328481486,-1.2740653213267137,4.43074181626932,-0.6096611431350503,3.24145436696587,0.731979832526015,-0.2575159443865855,-0.2459682319217114,-0.598048380189805,-0.1258367172345512,-0.9701282807801758,0.7834323668541403,2.158091352515481,1.0746825579122874,3.114928297351837,-1.1885843432512828,0.430689189785829,1.5540145938704557,1.372832778317245,0.6787897313438281,-0.295116346643592,0.7639393269553946,0.1682580944521167,-0.8239123614938868,-0.8643102450648406,3.4403436244597216,-0.0265683426065998,0.1987041916128753,-0.7492469304836982,-0.3447724427566539,-0.4400540887314031,3.7448226494345382,4.262505528932407,0.4976451908366649,-0.2378237165468806,0.9642040147636114,-0.7528540074710013,1.3409471574999996,1.491376904178554,0.8711774213874526,0.8195643648952663,0.5256447895861357,-0.7167499855182062,-1.3271485394540603,-0.8598965167118805,1.2184512058472692,-0.404435240893932,2.937691988763496,1.520310681005952,-0.7401476813755428,-1.1019389789040377,2.1876031443442803,2.161527112997512,3.2950384715936774,1.5683982099436575,3.222482154454592,3.15735195867118,2.412874218015499,3.2200261727965978,3.007883792103292,-0.9212750434867448,2.3146192250714543,2.353576172647696,2.3497127011701564,2.8286376967428786,2.9802766820784234,0.649041310957058,-0.9321677921469832,-0.4295858353339671,-1.5531368254311235,-1.3603180889749824,-1.4607042682948026,-0.9119607182159196,2.073205382460842,-1.6486980544139918,-1.5278391320529623,-1.4046674657560054,-1.379938630331727,1.783986385135784,1.523519913571734,-1.2791956807646865,2.130684784663566,1.0472479395721763,-0.6010138346626632,1.658476255654573,-0.5057478319295784,3.437540712883039,0.7928532120069914,2.1933418378096845,1.920062033044456,0.6761673626339492,2.4905312933657293,2.833487608615008,1.3742130675563693,-0.475831256971371,-0.5279959427637774,-1.0250468109350768,0.0262744953123561,0.3555989040707935,-0.085455747143591,0.4019622709082196,0.4431205706510236,0.5305802102317487,-1.2962837225592516,2.4198072790156573,3.577461665334729,-2.273546092097161,2.0491253941541823,1.2851659059137206,2.664231672696427,-0.3993461992287971,-0.4927274250117816,1.6414422722298243,-0.917581720074998,0.7845299903174118,-1.4342996501763765,0.8843095693584843,Case
MICH-01536,0.5769860314732743,-0.9025811955279436,0.1149018407391919,-0.2276753781288697,-0.5567322255010625,-0.4880031329616999,-0.6536038823628599,-0.6800773866003661,0.3991897071348115,1.0722541444073728,-1.001303112185763,0.9185794591746412,-1.405394482726808,1.866055542354975,-0.2385186085784843,-0.8072407804262232,-0.3323062658942722,-0.5266439055318264,0.355468611512195,0.4098122278108933,-1.1087427711730728,-1.9755391283649049,-0.112326806247021,-0.10158813335155,0.2082294185072062,-0.0548344891051473,0.6758193182440525,0.2393487204247184,0.6828791979201525,0.3098404605809632,-0.3288027821978257,0.1006467876898035,-1.003463071044402,-0.9378677057543175,-0.5382990745969287,-0.7358952101267818,-0.8612083022666125,-0.9598989917924996,0.1403706245898292,0.2110309443026657,-1.0865929654527626,1.5837152620941026,1.1470816773986192,0.7240315070932324,-0.0495782339096368,0.1256978915353514,-0.7598936338455544,0.9747405838888408,0.8028448287399954,2.0187300761192644,0.2343760067684406,-0.0784795340513692,1.046324427956603,1.0438513247314984,1.0816262447968126,-0.3387357794532879,0.0687983832105516,-0.6942727293154334,-1.2664018503256085,1.5320035999443822,-0.4661120613947543,-0.3655946184732692,0.1273536389527885,0.0530773499900353,-0.3507439111545846,-0.7697076742420447,0.6684727428478263,0.3354318553200968,-0.9509427843665598,-1.0469008038495249,-1.4214941297676462,1.730120491471562,-0.98341945001652,-1.3927181583237878,0.1691587253155808,-0.9929700257167046,-0.115447662891769,0.0291295065209134,1.7658912791692485,0.2302337843697633,3.0197599605390857,0.3315513158821771,0.4708573541327895,-0.2378183142238361,0.9517323868664946,0.2483447921638157,1.1554649611609114,0.403541626864252,1.244689186898645,-0.2575159443865855,-0.4488361753316168,-1.5998718336230582,0.3210190993552074,-1.4039542225918282,-0.9126224258527158,0.4645012556318995,0.1687159812293669,0.209571697660566,0.5478539645825712,0.0833272644072527,0.598736767389964,0.7288068869605167,1.5748651057837535,-0.1191478546423825,-0.9229443326845022,1.162641724966779,1.0869926602736717,-0.8643102450648406,1.226944293450027,2.451810374474843,0.3755216938096781,1.0086873598342656,-1.5369918189769498,-0.1478883517288793,0.8546170025426463,0.9797868347685624,0.4134492919480567,-1.3016640199566474,0.299099710486348,0.6156005246605156,0.5880583519477728,-0.2874026331270414,0.6386246047085886,0.4344980441762467,0.482527549120324,-0.1668909297153599,-0.1606687386847194,0.6877934819367094,-0.0081215810485476,0.2409047516427861,0.9459001860831694,1.5618946931372055,-0.1627835699442121,-0.0484977611427702,0.8141615169575253,0.0252914235317538,0.5484700266774785,-0.540178627317818,0.0467225264613229,-0.0039961033510469,-1.5704881877623558,0.7025000475274197,-0.6554837907251905,0.2527812544564516,-0.7831120358001594,0.001913294352397,-0.9908070803896374,-0.173234185842921,-0.1819993943593099,-0.5660880612117662,-1.231757790487791,0.4576678416364937,0.5943909298424146,-0.0279864509554779,0.6467913926292829,0.9079000883961114,0.6091771987779055,0.0133462320710383,1.2343785022316458,0.0058937203141754,0.1232964242015968,0.2613498829428569,0.5558281503501411,-1.1641303729149104,0.3224101076777391,-0.9725557813500464,-1.2208389169898328,-0.5771210621218117,-0.19206636369371,0.739418575188369,0.0952008858192009,1.2808960561264395,0.3498083080248257,0.5171235638299274,0.4694352085614205,0.819538038851434,-0.4759544013082307,0.429195760534088,0.1663176055443727,0.8790881821829627,1.1039497430427527,1.8572046085161265,1.8914304164269056,1.971394279210519,1.5455621647562998,0.5008002284205011,-0.1534844393721665,0.3273950040814697,-0.164950332950629,0.1101861087334624,-0.2161202439650522,0.7976234587192029,-0.2590671994120311,-1.105961246786854,-0.2217866635185997,0.703518760700628,0.3318835991291103,0.4191785079264335,0.6283448592051565,0.6582422379786765,Case
MICH-01542,-0.9383541358915422,-0.960513030372498,0.6459687834044497,0.5278980728379027,0.0372326976274943,0.1203200261601856,0.3550147352587502,-0.6800773866003661,-0.9625245999910886,-0.8785088041091348,0.6910647212032235,-0.2360688893623311,0.7845523482534806,2.4049127753298696,-1.3513563593954698,-0.8973173243837348,0.6567612329932407,-0.1048282225435004,0.799760308320756,0.7000755305360388,0.8109371434072217,-0.1276185472915503,-0.2291951672151486,0.8805676670345163,0.7628424296454727,-0.4278136124909447,0.1531924103124493,1.33852469417234,-0.6359061064393909,-0.248416934243396,1.3213297571274585,0.2687413517980209,0.1015436740759702,-0.3820809903270393,1.4793616456206051,-0.6571835843714959,0.4327698431542779,-0.0631352991237959,-0.3373243283271329,-0.7522245535571488,-0.7807387243572588,1.0284432917646216,0.6007419751812978,0.9224123268456788,-0.9968917079729254,0.9306349106724698,0.7268398190935025,0.1063057644193482,0.5535116739581744,-0.6504288612944541,0.2032753327983176,-0.1493588759651931,0.0185782404668376,-0.1726712564734639,-1.2673805219356435,0.5459922902458199,-0.0166402017840787,0.6445194429764084,0.4744496237966248,-0.1088468467072328,0.5635185592162177,0.4631500609833709,0.7289368709642758,-0.1803935634808053,-0.6020417396861439,-0.7697076742420447,0.6280566154456878,-0.849582000621519,1.297544159715,1.086036998826118,-0.7477323857575607,0.6915695254163247,0.5427453164074235,0.7245165585658535,-0.6347941363449683,0.4039619885087242,2.651469899171365,0.9174205694486384,-0.5066323777429442,2.9859866787538443,0.0349683956478085,-0.1884648878903133,0.603990428539162,-0.2378183142238361,-0.0457913313765995,0.5177470432455258,-0.6096611431350503,-0.7347190539229547,-0.336264779318649,-0.2575159443865855,0.7979396045824395,0.5476827470161219,0.1417512420863818,1.128436057928899,0.8577194874934184,0.2737911813358216,-0.5890870260222564,0.4411260111185002,-0.4131830213776233,0.9725548306167237,-0.1065484568778595,1.5177315276215524,0.148588637648885,-0.2282703672762586,0.717392866835271,-0.0014111754496057,-0.4979967180298769,-0.8643102450648406,1.403342295986934,0.5445448822173854,3.0338229353657846,-0.7327834097106785,0.5742609888026905,-0.5228554562853428,-0.16179510649932,0.391935715013545,0.1066125483170551,0.1915913246720264,-0.4667283892024598,-0.2420422638384172,-1.5067499322305469,-0.0349364769840939,0.29305115882696,0.8413721003725039,-0.6690352200059506,0.8715175028817692,-0.2819942284342818,0.1531715671082971,0.7132986283082883,0.2540904027910037,0.6273152775319312,1.2199430379787015,-0.3424612263800215,3.28811966936248,-0.4324931287720418,0.3286358424741685,0.4488793718192708,2.3567191447457896,1.3640975452525357,0.8168728330358288,-0.9527382703216848,0.6263716057334295,1.9417098108784008,-0.906777116559912,0.2660858488344584,0.9322383155936236,-0.0948517496369158,0.4585735483293304,-0.1819993943593099,0.127167338150047,-1.231757790487791,0.6480667608692687,0.6255845508588938,-0.3932784290980908,-0.063297446031385,1.698950600569792,1.219547882378639,-0.5117151443627591,2.4103666580077983,0.9169360836687088,-0.2421101406902246,-0.1830823976853852,-0.4803414507821058,-0.7404419012212792,-0.1960427420313763,0.3158389983188732,0.1482371293656365,-0.2125570810152194,-0.8723487506937281,1.5991182985377814,1.6706518162863353,-0.5327430774313869,1.011552625262104,1.604220925168882,0.9735563387071622,0.7460867125059708,-0.2830290496872922,-0.2338062265379976,-0.6320158326290429,0.0710338936514509,-0.5007104784555637,0.4351048239676977,-0.554254364743125,-0.0204383910272222,0.7097114357783925,1.528497311535671,-0.0316318189905258,0.4525863137454808,-0.6403537332083974,-1.4808309668398048,-0.6558427359719073,-1.0130827111117864,0.2482895759723141,0.446925920066709,-0.0024939120737589,1.5310186835959194,-0.917581720074998,-0.326390719162879,-0.6211685770014821,-1.0846829110750758,Case
MICH-01545,-1.4527783731585409,0.0069880947511018,1.1106856101844305,1.484053563563832,1.9974726900459423,2.287966674673032,-0.4955387901501056,-0.6800773866003661,1.783102438174335,0.044826245964505,-0.369432080002101,-0.3116322517083145,0.105890135725166,0.4877783374122609,-0.0854156562053461,-0.8519846762302773,-0.2772961727661238,0.423869772584556,-0.3473567965182306,-1.2317519138972322,-0.1680550365416196,-0.9906505550959052,-0.8857200167544416,3.011568110832173,-1.1133969554932632,0.8739422234789799,0.1131583549365185,1.0194287112937632,-0.6359061064393909,0.2146383114380095,-0.3874550574759753,-0.9248201660198966,0.6573185886264862,1.6474748936490218,3.741792440865577,-0.7130223638490419,2.537227418201548,0.8190548554461203,1.7853318657620811,-0.1510488281617062,1.0798319169318524,0.0746475455913939,-0.3962118911152109,0.4653567620898612,-0.0495782339096368,-0.688163104085075,1.87290239223803,0.3487486537603589,-0.0092942693604068,0.3844430667147247,-1.2457902015276152,-0.9277653591748988,-0.1069485091782412,-0.2301186745832061,1.0293569625184078,-0.7009683229676137,-0.2313871315489622,-0.1360101966799443,0.3372411730944935,0.4990073037568501,0.3211586312087496,0.639124772419112,0.1952023251734737,0.1751475418559492,0.753591674232957,1.2119318611722494,-1.964410505106742,-1.4260976668706051,-1.6576386916638404,-1.201241744024484,0.8174236949656736,-0.7977070503707312,-0.2349915382881887,-0.3416265444660057,-0.4650380250742358,-1.1548791808938852,0.5437355076033811,-0.6161699794683105,-1.0203710798225158,-0.7034310280393267,-0.6511839611582693,-0.4210027710987731,-1.777387417694036,-0.3557647377897273,-0.8215486096636991,-0.4725837515482893,-0.6096611431350503,0.2630884350563962,0.9342020413430114,-0.2575159443865855,-1.195338187368095,-0.6776005476026236,-0.1533869059745635,-1.097520471358038,-0.859136239853799,0.84249925871476,0.5976543571167467,0.4126711547319471,-1.1885843432512828,0.881173608966684,0.6825723823021629,0.6498318055628266,1.1668155370133972,-1.6608949739246843,-0.5901124241809131,0.2218622418580075,-0.6847056562288221,1.015785355552357,-1.1633143918391673,1.7760966049873914,-1.3705419887311088,-1.27954776989178,0.3119950493751859,-0.6354802851065297,-0.3127375387018606,-0.9029026051364224,-0.7047792658811796,-0.2801462148809999,0.7616525550927539,-0.8506219768458141,1.1157084031418574,1.7189074203989712,0.186117895236757,0.1200496130499391,0.482527549120324,1.2470872093275722,-0.5871185589779448,-0.15438764663027,-0.3345718180785551,0.6018163899062123,-0.1803635334766927,0.9253114721493084,-0.4667540426745094,-0.8399314242036786,-1.0182292263561947,0.0252914235317538,-0.5684021432583712,-0.5757181064094736,-0.7269727556493473,-0.8933470221225241,0.6191773585367873,0.1186923802861256,-0.3791599305554199,-1.118460233719205,0.1224327595762303,-0.7270894523282576,-0.2753725272034149,0.7720746877572076,-0.8246937487800052,1.0869837659565622,-1.8091993625247167,-0.9975471342612412,-0.5603242069152271,-0.4499830794532503,-1.0432634359473831,-0.7044011719862324,-0.4347821795938295,-1.7406039455318765,-0.9358654673606048,-0.078245542769715,-0.5084096621647691,-0.0284769747723043,1.1165967682361684,-0.642553294764737,1.3556637345835778,-0.9725557813500464,-1.2208389169898328,1.4305520691819946,0.8431297077901946,-1.3307948784035322,0.5783530382615507,-0.1447897330974117,-0.7941956914812215,-0.5681726821506596,0.2025632197420833,-0.6079185677392879,1.3742130675563693,-0.1556593510120604,-0.0569970007160715,0.2112304199198321,0.101592856159269,0.6237459641046103,0.5478134844127155,0.7135482121055221,0.5106582921515301,0.9905432653916916,-0.4696868536375434,-0.1405243419335024,0.0637300302165988,0.0024128318941903,-0.2161202439650522,0.2805479933556002,0.2482895759723141,-0.2918660781842457,0.7029744315447957,-1.2895379470617605,-0.917581720074998,1.1674581809793485,-0.6770967369409517,0.1744513366026248,Case
MICH-01547,-0.4236180638351511,-0.4688080615546766,-0.718731696768827,-1.1376050413918328,-0.2101583319646734,0.315314715290302,-0.1462098228664712,0.3934269094120157,-1.5646763806003592,-1.3495315032034918,-1.001303112185763,-1.4497382097438762,-0.1136480836833286,-0.7158401047646296,0.185143542212903,0.1391466767938171,-0.5615950443384979,-1.63872842646896,-2.2977980600548653,-1.4168470353998606,-1.0684847061481,-1.5158214606811824,-1.0881670620662398,-0.9049603882224077,-1.2018592605589111,-0.7573562706109467,-0.516575222556726,-0.4293637119614226,-1.8196781548437515,-1.8235684148475229,-0.8521163870951926,1.3430499311651176,1.1505020396469663,2.550358905772275,-0.5382990745969287,-0.0789563810014698,-0.1944197167993953,0.9917673532125324,-1.7153223090207852,-1.620087575762058,-0.0019411455949997,-0.118823739784272,-0.9265171436736052,-1.0544290765949555,-0.3539464118523844,-1.267259995647371,0.7688959448130823,0.9747405838888408,-1.5536574614470284,0.6431210124387893,-1.0260185838146838,-0.8613581760514506,-0.614221283724527,-1.5394913823183674,-1.2673805219356435,-1.6270766628891664,-0.9504995084081668,-1.593400581050206,-0.5816063117961785,-0.4338195390994117,-1.087427839510143,0.0664986436162062,-0.0252380307071283,-0.892403097113512,-0.3020830229244298,-0.7697076742420447,-1.964410505106742,-0.4868370051942343,0.6804868336727719,0.2449753957144676,0.1020738651098389,-1.3853380941546405,0.4284148356276364,-1.7726965690240375,0.4338019645017229,-0.0263143712127967,-1.1638865816351676,-0.5372252507978333,-0.5936881365345124,-0.7034310280393267,-0.5280192327428354,-0.5685251665645046,-2.9276205668804187,-0.6427938392308176,0.2443126266866615,-1.8457320528410903,-0.071623575130299,-0.375733782680283,1.0516499434278712,-0.2575159443865855,-2.189203488498737,-0.6776005476026236,-2.0780834363700404,-0.4822199776337271,-1.1896257719130408,-2.0513275396861754,-1.7365806131502353,-1.2561870158318855,-1.1885843432512828,-1.324605313992547,-1.154736697942493,-1.0041397902704423,-1.3076196396660282,-0.7950619846067934,-1.1130255907820892,-1.0864978611281169,-1.1894837871662445,0.5795420164919475,-1.0281156720902307,-0.4407740968394504,-1.5318458471830114,-1.141131971331204,0.7286110964419092,0.2719270267833987,-0.347339742035367,-1.7394284629652963,-1.7803518581320772,1.636550880999321,-1.6204987178267531,-1.191967849550523,-1.2960490225789825,-0.8358344322384461,-0.8125190772109149,-1.599786579793008,-1.4385760740644775,-1.8723489466147585,-0.6621330563279104,-1.6796292346016155,-1.0098990670363466,0.6368181720237187,-1.3733885434083746,-1.3571559800758346,0.9448295156677218,-1.1402733765001396,-0.7887050771739752,-2.872554250651869,-1.1399723714199936,-0.4191764807606711,-0.7269727556493473,-1.5508456455890511,-1.007942612562685,-1.1285508132602862,-1.4273684076679063,-0.4254263639961628,-0.2041956484273071,-1.2999571563596024,-1.4224094740008384,-1.67928612325556,-1.0318138723110002,-0.2775682699461749,-0.5951546691061402,-1.2838653785212777,-2.4168803561210286,-0.7616916229419439,-1.2829248144426908,-1.0542357597865506,-1.196518230094757,-0.7090299156157017,-1.2233094742707131,-2.075533334971948,-0.7448514456491716,-1.0360035234898264,-1.5954235117158415,0.3343454676600841,-0.9667817660553734,-0.9725557813500464,1.0976722769417748,-1.5723211486021005,0.2153939447382955,-1.3307948784035322,-1.723664541579207,-0.8707468463306239,-2.0510743379447844,-1.309593926051964,-0.6290566424608509,-0.9609014565124344,-0.672963130836568,-0.6724965818681562,-0.378579584112888,-1.6893704943153078,-1.2253464423696705,-0.4703532238776622,-0.2773571721157093,-0.2096374000756418,-0.418435763729699,-0.573382122638539,-0.8797547247607794,-1.4388240064477733,-1.350737379176211,-0.1990081240505439,-2.098390074383284,-0.9491296261243728,-0.8515847123074154,-0.1348633410059899,-1.7797065565804682,-1.3742409937830748,-0.917581720074998,-1.2901657234970323,-0.9664570093051914,-1.0846829110750758,Case
MICH-01548,-0.728322703020256,-0.3683564707341247,-0.718731696768827,-0.7402376538780545,1.6148589795806978,1.2215858456419404,0.0882800556165389,-0.6800773866003661,-1.0394416286596704,-1.0940001953435248,1.3184075849491372,-0.9821049532336904,-0.1548649070014875,0.5548016002660168,-1.2373365390570747,-0.0340169822666726,0.6289225588468512,-0.8145815769010923,0.1408189326811437,-1.4168470353998606,-1.272222435115743,-0.5729929098413811,-1.1921684147921716,-0.9381580624900078,0.9800742426273727,-1.5257705895452611,0.7106987062386863,2.0270636441535226,-2.366314070670792,-1.3634005165889995,-0.252162426629956,0.8941462902296959,0.8356272212548524,-0.075872113386662,-0.5382990745969287,-1.038230854988586,0.5364995013629982,1.2290508556637063,-1.4001115507038064,-1.704858891014938,2.4565804018859847,0.1873952495583496,0.1895988146308082,-0.814155270603442,-0.0742242558644976,-0.5203682868855196,0.5320738181881971,-1.1552594271145402,0.3332491224980615,-0.8700201701363934,0.1928174360495922,-1.4058381656834338,-0.614221283724527,-1.1468724075391388,0.3689560119554369,-0.9352769340729978,-0.5589146599381306,3.749319361372993,-0.4304189452868893,-1.731477214315219,3.5257031036097546,-0.7529029719977562,2.019074326191398,-1.8796087442948848,-0.75965047207264,-0.5366262073122036,-1.0216155102615734,0.6529908243001149,0.1272291417852826,0.9286731197558468,0.6973950968962935,-1.1276491479528945,0.3501274549041187,0.2074467650392302,0.2586931689528206,0.6199487657887783,-0.4472454925970779,-0.498070646103588,-0.0654193333296994,-0.1445953442164012,0.0633025276025913,-0.8991469154572307,-1.0858493471853798,0.0297024380286697,-1.004874450267993,-0.901997218234346,-0.6096611431350503,-0.357982375083774,-0.2398461958917186,-0.2575159443865855,-2.313323644985074,1.181895001916495,-1.1918456265140334,0.4033834067515588,0.7834323668541403,-1.1075711771183494,-1.4186561208990454,-1.1069256544774535,-1.1885843432512828,-0.55718141820162,-2.090858219651269,-1.0521737446681283,-1.4269441722816771,-0.7950619846067934,1.0133667950226504,-0.8076720694138092,-1.0985748541994091,2.231569047281748,-0.5789021521095988,-1.191085707030411,-0.8609412078341809,1.1145240290189669,-1.1652791793193895,-1.3387176480467071,-0.797142979808187,-0.8691829031007314,-1.095057649318898,-0.5932613054083125,-1.2532407802155283,-1.217911366843392,-1.5067499322305469,-1.2605997337263224,-1.6855509455143636,-0.8321905054672255,-1.655479062803726,2.2928239335799234,-0.0838857472067681,-2.2587304104345014,-0.1418023546585752,-0.624647080839707,-0.6704574079721135,-0.5664235844037806,0.8714002298579842,-0.4835660487731296,-0.5245107507149791,-1.6157952888995502,-1.1735194833960467,0.4985074280040731,-1.490617674866041,-1.0099168394095293,-0.485031417600929,-0.5015443317018208,-0.8148333502943105,-0.3332594746011786,-0.5543682158309664,1.1039375692809037,-1.166698379932488,-0.3724568741999807,-1.570941682045049,0.8556804724106913,0.3017537254499987,0.1124838087980744,1.2214705350561657,-0.1130093244678542,-0.6551416759190312,-0.2136018778086575,-0.3732362100184834,-0.58998634671993,0.0755505781684028,-0.292388858661843,-0.1572341820777395,-0.2361994433551141,-2.015174043418291,0.0031534364623306,-1.193983635568139,0.947186875188846,0.3734498687048612,-1.2958347613963854,-0.5677637860726594,-1.081125678658735,-0.9848991170807204,-0.8289675618573957,-1.1427926808358737,-0.9607468740458044,-2.2270808185165185,-1.9312093592881248,1.3341772423884697,-0.8178494553576267,-0.3624385747549444,-1.0050707389853344,-0.9238695950814452,-1.3004448065450205,-1.348488039838348,-1.3918377016949497,-1.655704359979024,1.9225383311586617,-0.2326645991814456,-0.8241811126886284,-0.9380240199286128,-0.2220105713948873,-1.0564017824213774,-1.0564375176424434,-0.0258398955493346,2.745620373890286,-2.1069597191072664,-0.0253646641897867,-0.917581720074998,-1.871239335236744,-1.401720360977192,0.0653530967962792,Case
MICH-01551,-1.6804128654079784,-0.778147797194838,-0.718731696768827,-0.694636529347939,1.834589822262751,1.1184859077124454,0.5247643271313661,1.3775640221494825,-0.2234385026204492,-0.5247190177177792,0.7214183877945118,-1.051969712262641,-1.3494972960920395,-0.9573621598542198,-0.3058505493168478,-1.360624877563103,0.1498102688509966,-1.6099407511845722,-2.935801131942542,-1.4168470353998606,1.1659246756830215,0.1774018109314926,-1.4792127723221649,-1.2456663493754887,-1.369953958482671,-0.5275392917973282,-1.0962482219467264,0.4093416858605634,1.105502400898349,-0.1464660273865302,2.7934155754788312,0.914476867309332,2.3801397765385066,2.0357655366509837,0.1048980855656541,0.1655578571430282,1.8960012718099435,1.7585358639205968,0.2462371510963065,0.852220700750146,0.8872381461835346,-0.0578600044309649,-1.6941582613456363,-1.0194433841351385,-0.937468473339942,-0.355161667982048,1.8625634714433623,-0.4994819011017876,-1.3199434812162605,0.6901207444530948,-1.3040584447717565,-1.1112533462963936,-0.614221283724527,-0.9771750356764004,-1.2673805219356435,-0.1631273190081697,2.4378103501481307,2.2385360009883457,-0.1837220540204073,-0.8620754526090235,1.7833099222370878,0.4855000834478359,0.1566800097220946,-0.0514363030414473,1.5964171370060585,2.859050441657129,-0.6288257917795625,-1.4260976668706051,-1.0374179215329251,1.170689701835717,2.776377680028426,-1.4291900474751038,1.338854135287733,-0.3416265444660057,0.6871267651121754,0.5830913801368519,-0.1845583469682784,-0.0806818301761345,-0.1453500320402415,-0.7034310280393267,-0.2020821356379008,2.683905176949207,-1.465724025824971,1.9929561986138105,-0.7993055250511769,-0.8618899130726628,-0.6096611431350503,-0.899787329207433,-0.5384869881356456,-0.2575159443865855,-0.8681494647305359,0.6075779219241922,-0.8006528561431057,1.001987563102521,0.1851734236671352,-1.0203003658330234,-0.555511326150746,-0.9613275209220252,-1.1885843432512828,0.6526651894096275,-1.347020370951166,-1.1004723502876004,-1.3076196396660282,-1.8509848850978925,1.0355101614943436,-1.037343505831669,-0.932151866010346,-0.8643102450648406,-0.5789021521095988,0.4286052646392341,-1.5647971587435612,-1.12195533741537,1.5164391549978504,-1.8585296318233608,-1.1169904926088978,-1.546808216075627,-1.6482862639485851,1.0472411059454048,-1.1003724091154663,-0.7155485062634861,-0.0590795996624948,-0.608921874343645,-0.8952860421895665,-1.1387107482043313,-0.1440050742931962,2.6770467665224444,2.2447520734665605,-0.4061972735621902,-0.5197593524581139,-0.2298067132339841,-0.979587806691446,-1.2866785345707985,1.015752187247797,-1.2176484452272942,0.3333755689496981,-1.6157952888995502,-1.44945354115606,-1.328813055235032,-1.167110281991178,-1.2469495300585312,1.191944801341987,-2.2024208468435877,-1.0791842111553045,0.3219881323983862,-0.025596217233457,-0.9110554593767008,-0.5895184002697844,-1.1512372492450544,-0.3750212685044469,0.0316026528660165,-0.362149245262426,-0.678161236854605,-1.019039594881502,2.304621667798858,-0.5930234424303193,-0.7044011719862324,-0.8707474046941507,-2.169519263631745,-1.6335076450031456,-1.2572350112946424,2.3588580631346434,1.439852579841615,0.2671825304348705,-0.4188967515110709,0.4246427437533081,0.4077231221531861,-0.1333288250900472,0.0250438825951337,3.243879436622645,-0.8974294121083224,-1.0632224760544136,-1.251262377307919,-1.5586853384452406,-1.629599376200715,-0.7847186749268479,-0.5459892581723335,0.0452578961376119,-0.9071275945523226,-0.8709231638612455,0.384927824914253,-0.2527049706698351,-0.2061420139774743,-0.4684326402729418,-0.6745763195693585,0.2715777206849315,0.4144093345646648,2.4167660755389657,-1.2846600104222683,0.5901459155380604,0.88353016678656,0.101930722615007,1.044983887670706,-0.4524500465376844,2.208918011878943,0.378356816400566,-1.4600095155555226,-0.1793973192535398,0.6404511351214001,-1.4342996501763765,-0.3046369784993847,Case
MICH-01554,-0.220385998729203,-0.2831738809266083,-0.718731696768827,-0.9147518940037168,2.2879683565433986,2.222847127593819,1.2919933017719094,0.7480284588050242,-0.3519179548866608,-0.5982096721957356,0.6910647212032235,-0.0717100141782716,0.9458552008179776,-0.6370519148940955,0.6797510186336916,0.9748276825389248,1.206487785746136,-0.2598142489853524,0.2130796133072131,0.5563066977951681,-0.8318567126652067,0.6425471631722207,-0.2291951672151486,-0.2774988560847976,-0.2144283962165807,-0.350007678173291,-0.5638248683324805,3.4077880435131145,-0.0576820588165847,-0.421853948773629,0.4617372585765607,-0.5169905396770584,2.4842086973250583,1.5881955806112544,0.3548314943228097,1.1163117332415322,0.8105005401711555,0.2311822140613428,0.5882612828186216,-0.1510488281617062,1.1467505551792834,-1.217580299990258,0.7078636046772131,-0.2111838965509974,-0.6508207430175565,0.0733228070179494,1.028704744849642,-0.6299739268487023,-0.3269747306878033,1.778362923815087,-0.7457929921759996,0.6478106538024965,-0.614221283724527,0.1193113867737249,0.6356961386281373,-0.0337106880042536,1.9523781890792744,1.5113993373463783,1.5054671784762472,-1.0232894290137748,0.887055306671437,-2.7148558843543418,2.2275057713876603,0.2150600367182275,-0.9785193579276558,1.847174246098198,-0.2183765322467826,1.6015366253184111,0.1586037257861287,0.4735753069651202,0.9319463600032284,0.1461504318382805,3.106039301794609,1.6761977556564598,0.1390106555583609,0.8533638112014197,-0.2783529062315626,-0.1921697404725778,-0.5354895982824069,0.2302337843697633,-0.2020821356379008,2.3795303180051715,1.0600333726881823,1.7759284657082597,1.0046033462450064,-0.4347802710495157,0.5156325978678833,-0.3053516318527747,-0.2083549085206394,-0.2575159443865855,1.1506160373892882,1.779662579664184,0.1417512420863818,1.1908271641280286,0.9489502581975954,-0.7139841979812958,-0.390412930112443,-0.3147071119641225,0.2964936935398916,-1.324605313992547,-0.8957776932093728,-0.721335434666271,-0.8084772911577245,0.444949613461561,1.0795405710234964,-0.881437085225075,-0.9894362638304276,-0.8643102450648406,-0.5789021521095988,-1.191085707030411,0.0148121389185032,0.6810473100484418,2.6852646582018007,-0.3050878588347097,0.3344306042818828,-0.4794242054292326,-0.3686581156484323,1.1815019842052283,-0.7051240247625796,-0.9555850305098074,-0.850801721535752,-0.8942715340401192,-0.451222905370246,-1.0448904292477394,-0.522762587326894,1.1644691979965005,1.9624047364822583,0.0310854289527495,-0.2809132525921753,-1.0990170597069866,-0.3804970644733546,-0.8820175619645226,1.7969155102249186,-0.7670290054866078,0.0802035296586827,-0.5404515672579981,-0.7837433232719908,-0.877258335224696,-0.6842893422969595,-0.4394048079157526,-1.445877287397881,-0.3172415680992251,-0.6870082174155695,2.559105145487994,2.1891952573753515,0.499933870096162,0.1087937750506542,-0.173234185842921,0.4634162698237487,2.5677516186899307,2.1743448029084167,0.6294151855966821,0.809832575842777,1.9497740965251007,0.4712698373655771,-0.1198720673731462,-0.5946996060698482,0.191867049191595,-0.3495420141688521,0.089191576672884,1.829737667505977,-0.693491696452546,-0.4803414507821058,0.5153991913036694,-0.1960427420313763,-0.72489585312179,1.0676839796523272,-0.8769391435557256,0.912641216615964,0.6867514799028225,-0.7550748189680531,0.1842567506380222,0.0883752283134877,0.1989586607633011,0.2025632197420833,-0.6079185677392879,1.090277306351441,1.8080701723795871,3.038060755006436,-0.9069829593473044,-0.3798599884188873,-0.9591638285141474,-1.059415468089874,-1.1693627808183098,-0.418435763729699,2.767219327023218,1.955487648673868,-0.6105345077305948,0.7590462364103148,1.5038549919776307,-1.0564017824213774,-0.7845701272139355,-0.3614327874076928,0.8077790786974266,-0.2663408010103861,-0.8415943240632118,-0.917581720074998,-0.326390719162879,-0.6490549785717169,0.0653530967962792,Case
MICH-01555,-1.0356727220922155,-1.2788722004291402,-0.718731696768827,-0.7866654297635867,1.666827453983236,1.0213502903849374,1.7469212977153368,2.6122844884297374,-0.3519179548866608,-1.0391457549049092,-0.4164290529212264,-1.4235289096142527,0.5474481809808911,-1.4217092025625668,-0.0214420456006121,0.6702314627336252,-0.048594243768141,-1.3606069098388327,-2.935801131942542,-0.4084547493052081,0.5634522712905792,-0.1276185472915503,-0.4091440809877008,-1.17593096038237,-1.1483852609143044,-1.3684101273919842,-1.5545841119486157,-0.7106425460416812,-0.8220656215836027,-0.5281090278478955,-0.4471516416038892,-0.4943792295580891,0.4029930861402364,1.127799265288325,-0.5382990745969287,-0.7708071325472311,0.0721207562167625,1.097557530095373,-0.6083432590450571,-0.6786321153627654,-0.4463482048251593,-1.217580299990258,-0.4793087496142346,-1.2328370409912868,-0.4866378043337703,-1.0318508834025415,0.7012320666672841,-1.1552594271145402,-0.786105165912111,-1.2092203918773636,-1.2457902015276152,-0.1853428641883439,-0.614221283724527,-1.0009395214086756,-1.2673805219356435,-0.6548550946762,0.9676932883119232,0.0333451975280167,0.830837797725977,-0.1313120597022772,-1.087427839510143,-2.7148558843543418,-0.7358929853650487,-0.4276426467208206,-0.1591002322313554,0.2098094087342483,-0.8209231417364158,-1.4260976668706051,0.3707792876331618,0.28758898492683,0.8972647280869253,-0.5597356918292923,0.3718376861894009,0.2957445500058272,1.214059047962268,-1.1548791808938852,0.1294214503405487,-0.776666907819354,-0.4779341509607483,-0.6108912400941826,-0.7610125872626985,0.9312419424226044,0.0635224848969659,1.6244006640391628,-1.6788319735684205,-0.6258032288246769,0.9483656761784218,-0.3403356961650249,-1.259510660686988,-0.2575159443865855,1.107245865381586,-0.4942266845258537,-2.0780834363700404,-0.4040594053796071,2.7182961110237964,-1.0203003658330234,-1.0074813079807716,-0.0931892031520077,-0.6478775628742295,0.0605499396724447,-0.1475235503908484,-0.5377439130402681,-0.31479703709662,-0.5976016392774777,2.725357741844765,-0.2186879622331013,-0.2740424272916678,1.3920561885190978,-0.1915438738133682,-0.7216246281829887,-1.276408563744328,-1.4044539399657778,1.0803914480884569,-1.6790603215899402,-0.7173233894649206,-0.574386078040422,-1.4255360781829265,0.1663380122811304,-0.802301216858023,0.3540049374902222,-0.7723305225616934,0.0624608127865543,1.7918182668795952,-0.4862107491135967,-0.6690352200059506,-1.462952836032363,1.0661342586135645,1.5294158686266683,-0.4819121712896477,-0.9585629282573458,-1.3733885434083746,-1.7620457868143733,0.4133434114861806,-1.2176484452272942,-1.233578545760949,-0.1603954804412898,-1.1066267448149505,-0.2388605347091816,-1.167110281991178,-0.6073772891015423,0.8063771187627677,-1.3420219386077534,-0.5929402320891634,0.7205219679953402,0.6948475954680187,-0.7876842763300366,0.3603950053135533,-0.5194295150728039,0.1923244434194972,-0.8194484008559895,-0.4546070983086286,-0.3578266667926708,-1.7261819685388171,1.2337565359274,-0.4407145088832965,-0.7728301353089576,-0.8707474046941507,-1.2491947852810508,-1.4585848171615854,-1.605393232019113,0.9647251911060516,-0.9912796890011316,0.1941235698500018,1.1536352710398905,0.1815481905621013,0.1400645814822429,-0.2179233866281351,0.1523008112281009,2.307617630254308,-0.3636101944320873,-0.4961859706365685,-0.8497851702738928,-1.296480958008305,1.376344079178396,-1.2744018888480324,-0.5459892581723335,2.214056641164208,0.9529050119186644,1.5532951102428227,-0.3082872133413301,-0.3281422457194419,-0.5696305252512628,0.1638838504275937,-0.414381416938919,0.5442013563896378,-1.0709876197886916,1.1817571732159171,-0.0017793403372633,1.047265059101495,1.2860654372379117,-1.0564017824213774,-0.6471947185195932,0.3413120311797574,-1.419419246228726,0.5422339226245322,-1.3317579431066513,0.8504026339920353,-0.5351369183036384,-0.7336533163211446,-1.0846829110750758,Case
MICH-01556,-0.2801914992623017,-0.805128224409822,-0.718731696768827,-1.102032309796054,-0.5444671496667064,-0.5794419533715642,1.583531234179632,-0.6800773866003661,-0.9372139546902876,-1.121681898690154,1.1714281865368177,-1.1473135339005989,-0.3893144448043709,-0.8759765056871376,-0.9649202198803236,1.014352761002995,0.6567612329932407,-1.2291261320976952,-0.1936061484175607,-0.9181351742224438,-1.0684847061481,0.2842361447042386,-1.4425271122323444,-0.7417208192854259,-0.2623826817597851,-1.04971507434059,0.3286192388846759,1.3784004510174093,-2.0341178864999003,-1.5686654130647977,1.3683883481364454,-0.9831282212790018,-1.003463071044402,-0.1151398157437895,-0.5382990745969287,-0.7244193507334352,-0.660011025975586,-0.4150274099572791,-1.669436214734075,-1.8776902762976604,1.7756630583432298,-1.217580299990258,-1.6941582613456363,-0.7474226870204328,-0.937468473339942,-1.6921020004741787,0.2680435352440812,-1.1552594271145402,-1.3199434812162605,-1.1674090968681932,-0.7302934736474808,-0.7111281512643379,-0.614221283724527,-0.9301055354010797,-1.2673805219356435,-0.2504880859811806,-0.1262582049193358,1.4736779544448917,-0.6325474226858534,-0.8357480057564572,0.5745558589516169,-1.2054541736331292,0.4048640328257739,-1.2429619905854683,-0.1356938951545544,2.6888020725787367,-1.1404611304912988,0.567489721400389,0.3114422564484406,1.6272221721061226,-0.1371200017365667,-1.002156519319006,-0.7738643996844117,1.1335223225446214,-1.28965336662411,-0.4111771627407953,-1.1927003053915737,-2.305408494614272,-1.5903807674906132,-0.0892792993687842,-0.1109389828686056,-0.1313500741050735,-1.6206702953393186,0.5471198107159476,-0.4217444775265808,-0.5487881400886386,-0.6096611431350503,-1.0744999585401829,-1.237675333865481,-0.2575159443865855,-0.8681494647305359,1.4506850257106512,0.9808511804698616,-0.0256435441715183,2.011294588873528,-0.6604522508249561,-1.0074813079807716,-1.2940965773010518,-1.1885843432512828,-1.324605313992547,-0.4251087202666161,-0.6750758299850432,-0.4811636227145716,-0.5735526686339472,1.3785856376975725,-0.7086221828950203,0.1568360733890303,-0.8643102450648406,0.1978709819082293,-0.6249031556222358,0.397153207981028,-0.3101679148628697,-0.6306936725989425,-1.5744521273341934,-1.1169904926088978,-0.6709621105465913,-1.5197428421198351,0.6504313636989488,-1.6204987178267531,1.5397943827712617,-1.4759945791960252,-1.7968187286607609,-1.5934139009145882,-1.6690340971365587,-1.877771493417008,0.708253401037244,0.1627719546925272,-2.2587304104345014,-0.1933091154281068,-1.2896969344049942,-0.4318976664730752,-0.8496193342194596,0.0025857989383721,0.4487835436158259,-1.233578545760949,-1.6862516960198428,-1.1735194833960467,-0.3194076017265664,-0.6418372764942083,-1.1277747470447352,-0.2453510625199582,-0.5328576756107506,-0.4092256368318531,1.922058589253553,0.0489818550503392,0.5940095564135847,-1.4224094740008384,-1.4263829858498842,-1.626630417147112,1.3210918361080612,0.6771559545902346,-1.2838653785212777,1.0480618132590365,0.3935214035249145,-0.97665462276869,0.6112737915797068,-0.6781392566863009,-0.4728997472817097,0.2755658692592206,0.2125970370458833,0.0960392707967446,-1.2209438985484973,-2.623795938480937,0.8007116541460939,-1.193983635568139,1.1916021128905845,1.300977455099239,-1.2958347613963854,0.9943049571236584,-0.5387620979298869,-1.4686102750389387,-1.1114398562223762,-1.296480958008305,-0.2963725845037121,-1.0251344695215143,-1.6636215046277307,0.7120092989496284,-0.0787117077094333,-0.2674166518942107,-1.0250468109350768,-1.0257739092283062,-1.5844585803827218,-1.464606537677014,-1.442207965124109,-1.9295674665894027,1.7331235046357734,0.1741972159428316,-1.2846600104222683,-1.1937629139477903,1.9891465351748112,-1.3522251396343823,-1.3534943315016437,-1.1963225854228905,-0.8032561139069011,-1.8333708619842712,-1.3742409937830748,0.6634628916900716,-1.921689123329455,0.1982579010164578,-1.0846829110750758,Case
MICH-01557,0.5288565948199121,-1.0051083027868373,-0.718731696768827,-1.0844295222769127,-0.7376585091604748,-0.8985772655448188,1.873653887263115,-0.2110730302550629,0.061070595022598,0.4338176379075242,-0.4164290529212264,0.3801281090075255,-0.3240261589403772,-0.9573621598542198,0.3629031341597888,-0.4287253253394147,-0.6013418161823758,-0.6347118344683498,-0.8292691918375819,-1.2317519138972322,-1.6115748358292834,0.3890256761798503,0.9881329214204008,-0.7740089636151682,0.0332110351206506,0.692362550517146,0.2320963215979437,-0.598614249729932,-0.3641207462695199,-0.8949565600753809,0.9588422078403028,-0.5866176617302727,0.9866705299382924,2.13901416768024,0.2127085650787761,-0.9183047516797008,2.306903583488762,-0.9408034427597002,-2.045006729428194,-0.3571218407308738,-0.6437514636728536,-0.118823739784272,-0.5643842895257134,-0.8817220330707186,-0.406587504727924,-0.8015047272628748,0.0164422480479643,-0.6078825540485626,-0.8292193517388026,-1.3821169395255617,0.6318256857439838,-0.7111281512643379,-0.614221283724527,0.610793747408096,-1.2673805219356435,-0.6089852090912862,0.4640269351224004,-0.0410006218519133,-0.4304189452868893,-0.9689204287559336,-0.3111265522749871,-0.3390807370070552,0.1371712015211837,-0.8666135985954718,0.0023086423633387,-0.7697076742420447,1.608768813980081,2.531966397420686,0.2662785265196981,0.8747159946587472,1.0904092344026706,-0.5988596474620528,2.080736299182497,0.3831723919127354,0.4049742534948199,-0.3576895635548762,-1.1638865816351676,-2.355596432928375,-1.181644488280276,0.2043813260995908,1.0487456523396173,0.617786700147412,0.2006496171340425,1.0616012156828576,0.0937829614081324,-0.7428842184536891,-0.6096611431350503,-0.0712912195813404,-0.9868729779990896,-0.2575159443865855,-0.6039026117973265,0.1914804656621326,1.5844507795774507,-0.886450368581836,0.9489502581975954,-0.4779273321435721,-0.4230687431276783,-1.5267862512415888,0.2538572286814188,-0.2732094403294686,0.1305045508367628,-0.7678404495389829,0.3126694004369716,-0.7950619846067934,0.7870708381939658,-1.037343505831669,-1.1629273297254392,-0.8643102450648406,-0.7036426253378978,-1.191085707030411,-0.0560893430286698,-0.4679812047484908,0.2052753822591351,-0.4400540887314031,-0.7569671114513391,0.1160682751813056,-0.8405655029765343,-0.3234252343751277,-0.3266999114126143,-1.2048806448454683,1.3721598433867612,-0.7780971927985577,-1.3680177027483238,-0.8024857830052095,0.0395256706717022,0.3224726324035547,0.3810583201347078,-1.0596766835696654,1.5040444767652354,-0.2764463162772138,-0.808444043114047,-0.8496193342194596,4.07165313234724,0.2360312067278166,1.07465102786559,-0.0362913404379774,-1.1399723714199936,-0.4361503897242951,0.1238895247086577,-0.6073772891015423,-0.791198143276107,-1.2699603016321774,-0.3791599305554199,3.293591135186126,0.5856315608931899,0.95401636340188,-0.4617808788454242,0.2043000786078385,-0.0398404173126822,-0.6073845550833953,0.5951160506079404,-0.5026076931330583,-0.3419508929106263,0.2945374467954531,-1.2829248144426908,-1.5401756151721298,-0.6781392566863009,0.2620410920638102,0.1514740603311385,-0.078245542769715,0.4853928377200378,1.0328735210952502,-1.349227947848558,-0.0608295652522649,-0.7992434150083524,2.687521877423709,-0.5773338051620368,-0.6651848597672134,1.3280430219512676,-0.2483329546047721,-0.6059631309272724,-1.180544376758684,-1.8288606661868765,-0.4985329619298687,-0.2548730341748969,-0.3046903752988251,-0.62331866648452,0.1937382792017601,0.3612621774169284,-0.5416777336558858,-1.2253464423696705,-1.2434579879390533,-1.2185330387708009,-1.4763625162023846,-1.0529503162475815,-0.9066151975266714,0.424345431786198,-2.042293372762772,-0.2113858837097721,1.5640161578396112,-1.6566742892298163,-0.6858482807950984,-1.1356477534782616,-0.0090141429935215,-1.516411162224619,-0.4584313022755237,-0.917581720074998,-0.0831032216634881,-0.2461614015362868,0.3659756843501925,Case
MICH-01559,-1.1866280836623904,-1.3672072018596897,-0.718731696768827,-0.8499080380681944,-1.146819434118965,-1.1870612656263368,-0.4955387901501056,-0.6800773866003661,-1.4481649660193283,-1.90908344781235,-0.5296305122129719,-1.4497382097438762,2.339090756658788,-0.1811529282060011,0.4395955917958891,-1.0133293475342489,-0.0656565987501255,-0.8377030638395496,-0.7057446822779326,-1.0957832705736503,-2.154945645893565,0.491847212347653,-1.781573240361903,-0.8719486962988409,0.0860469618347022,-1.0031350930210725,-0.8340008622527455,4.025851319643223,-1.1580270500825995,-0.9327687106849504,-0.1039451642904452,-1.2038732036141775,-1.003463071044402,-0.0370531945967321,0.2336160442636578,1.6553168308464357,0.1970881987834806,-0.9598989917924996,-1.488768841252509,-1.4127383660508082,1.96792833785742,-1.217580299990258,-1.6941582613456363,-1.887655216486576,-1.5005069089110707,-1.9426557283730932,-1.2651286052364847,-1.1552594271145402,-0.5740459785690348,-1.3599902238023869,-0.9233047478549006,-0.9501833785564064,-0.614221283724527,-1.3773386577333195,-1.2673805219356435,-1.323825333949473,-0.1262582049193358,1.3189623835795277,2.47126604207864,-0.8095705736601594,2.275852036650158,-2.7148558843543418,2.139927916395084,-2.220510446288713,-2.0452084555699592,1.5130884119970474,-0.242958291280236,1.8783510564428472,0.3560378740685595,-1.201241744024484,2.390086052179196,-1.3417495175174092,-0.98341945001652,-0.0628438004128168,0.4338019645017229,0.785474293759886,-1.4299542157465932,-2.664190926299292,-2.033943519842444,0.506042209016621,-0.6511839611582693,-0.1426485315615223,-1.3889025422687675,-0.8341234708577983,-0.755246657779285,-0.822003585920029,-0.2745808564204852,-1.308298876437114,-1.4866649290688527,-0.2575159443865855,-0.8147045863824594,-0.0098198646858871,-0.4667240254921668,-0.2123351151546554,1.5262015475478004,-1.2873324502325556,-1.902137674749539,-1.1438904231770883,-1.1885843432512828,-1.324605313992547,-2.090858219651269,-0.6290590589925006,-1.3967986483640635,0.8237029358665119,1.2096278034880092,-0.2964882342995656,-0.8031947812031798,2.219675521012331,-0.7036426253378978,-1.191085707030411,-1.4023531072364632,-1.2392308948138966,1.1297215036470143,2.688494569430506,-1.4248485360822052,-1.0745698358402525,-0.3189659986988354,1.264458283627535,-1.8373783617774448,-0.1837952318773103,-1.8608214036962445,-1.657069759168282,-1.825966717593452,0.3873120380741989,-2.5191855616164216,2.2928239335799234,0.358834435418333,-2.03830317796375,-0.1078898494488163,-1.1196224798027652,-0.3804970644733546,-1.2171046709733144,3.1813589077667666,-2.509079755533278,-2.483135127002756,-0.9327040272555226,-2.5400577039752448,-0.0543771534774081,-1.7301588814671496,-1.3070400107733426,-1.3848821000569371,-2.244841657214751,0.1918070886287717,-0.1802619534520225,3.112178988143026,3.3991610885440235,-0.1843995267913401,-0.889518718201995,-1.570941682045049,4.305671746116692,0.1729476740429579,-1.2838653785212777,-0.0611697994831872,0.3023352191409169,0.2370880907497525,-1.199800687517532,-0.5946996060698482,-0.7090299156157017,-1.0616323020633378,-2.8640678080111157,-0.0758235310486719,0.1832583994306726,-1.8458277500071056,-1.1192115225628692,-1.193983635568139,-0.9725557813500464,-1.2208389169898328,-1.501745856402163,1.4366553011173535,-0.1342201512438194,0.9125249170556252,-1.251262377307919,0.0883752283134877,-0.0413095591138298,-2.2270808185165185,0.494293336050844,1.172289422796807,2.353822972771879,1.354162423593339,-0.5764235675447145,-0.0743775122637766,-1.5844585803827218,-1.524419525187373,-1.6917403715083226,-0.4565644804816295,3.6011532191116022,0.1164915273726576,-0.1640715391647836,-2.23711213596921,2.249927886203075,-1.9702674102984568,-1.4754940828873335,0.0002913966367917,2.500507316944886,-0.8202845207773862,-2.188007764853906,-0.917581720074998,-5.137913368639057,-1.4342996501763765,-1.0846829110750758,Case
MICH-01560,-0.4656400256724974,0.613649384542675,-0.1625964340073487,0.5465250313202955,-0.304210845031592,-0.096493818535958,-0.8450108816341021,0.952382090174248,-0.8375583209148998,-0.3112289737267116,-1.001303112185763,-0.6942997343957387,1.0241768148590054,-0.676341237806218,0.2848098238506036,1.7009429347054152,-0.6822410186343487,0.0255762667431694,0.4951059585541554,0.372750517162838,-0.063507114995172,-0.698143179026489,-0.6902553125739256,-1.107011208679874,0.5666049689252738,-0.8892980333485593,-1.0157817558441455,-0.4508114044210295,-0.0576820588165847,-0.4570857303640964,0.4922181009497814,1.0317715856775704,-1.003463071044402,0.6898607409371926,-0.2047420007079353,2.21210624692036,1.442605825702553,2.31149454721199,-0.2994289933035987,-0.1510488281617062,0.718211168439635,-0.6239373864455843,-1.2244399550352711,-0.7806859957758466,-0.3801954347140388,0.6358268471733466,0.02797312935692,-0.7886702059348665,-1.459327935144232,-0.7583526361722346,0.0636001063644676,0.0591227335063414,-0.614221283724527,-0.5952066835243351,0.4015884987044759,1.5296511274073863,-0.4119585527940212,1.0037223160706543,0.5648215888384283,-0.0421029090624993,-0.4820895912881945,-2.7148558843543418,0.4048640328257739,-0.2022775833599374,-0.1356938951545544,-0.1388450892315304,0.1801344875833425,-1.4260976668706051,0.0796404426413564,-1.201241744024484,0.1259691417800859,-0.1427424828128685,-0.98341945001652,0.5980461873883088,0.7146167583936628,3.596825308277194,0.1294214503405487,0.1014302583482755,-0.0654193333296994,-0.3143514435596424,-1.0549497943050103,-0.5001728037450769,0.4708573541327895,-0.7288235801172982,-1.6788319735684205,-0.1392555623705886,1.3840714001480732,-1.0077811313804554,-0.0257776337630154,-0.2575159443865855,0.3377021911481014,0.1914804656621326,0.2704415937095508,0.8732502838799125,0.0557645242858473,-0.6604522508249561,-0.4889221310049447,-0.6122370617219209,-0.0066211792268535,0.881173608966684,-0.4251087202666161,-0.2693706657149037,-1.1915424394664222,-0.3630319069574942,0.3556282396534929,0.3501038527627596,1.4452550879659236,-0.8643102450648406,0.116656966631521,-0.3703258213752296,-0.975864400627878,-1.299946831266575,0.3649612410966922,-0.495099210423005,-0.8174349711101009,-0.3245984645285938,-0.0779111379141547,0.3672574519075328,-0.5613210320914923,1.7989928902312016,1.1975450474765483,-0.2102649575642607,-0.8125190772109149,-0.1090445981583279,-0.3788429679348559,-0.4452930211548705,-0.2304972965523933,0.393705374398361,-0.8177850691327465,-0.404435240893932,0.0815444937992523,-0.7535692687599851,0.4040048225192134,-0.2122988922780309,-1.151497079192929,0.4478968156967892,-0.1332947205739637,0.6650977448745944,0.7508149850298278,-1.1871956924581546,-0.1302761855075752,-0.0228952245021861,-1.045479408977651,-0.4490500160831033,0.906181282666737,0.2569406655393924,-0.0653115484728742,-0.0900671583428851,-1.0318138723110002,-0.4107412124072537,-0.135196600032625,-0.9425798603073048,-1.2604040667113012,-0.1324251284109925,-1.17893808824879,-0.5697350180527844,0.4309544965300488,-0.1327636654574836,-0.9358654673606048,-0.1632433845871229,-0.2748936298218321,-1.1737693683355643,-0.4803414507821058,1.6012325275441264,-0.7992434150083524,1.629824609149581,1.0374478423854518,0.3493750747837525,0.314451077903189,0.7918412747210569,0.5783530382615507,-1.0887509853277872,1.0513204048305784,-0.6390028824304025,-1.3168534398084633,0.5963283154839433,-0.1409146098133047,0.7412988028685105,0.8254062432940215,0.4747666640919596,0.9561848953903443,-0.4564782603825095,-1.059415468089874,-0.9372657128921352,-1.3914524933082348,-0.7315230477947708,-0.4130905796635147,0.7124117170716685,0.5045025409156596,0.0241949843705238,-0.1090232423920243,-0.6471947185195932,-0.3024529262683419,0.1288989332458877,0.378356816400566,-0.4212731308824941,2.2979112492509635,-0.1231240605218586,-1.0870252314161315,0.5635270482506478,Case
MICH-01562,-0.1615323503837284,-1.066184216453495,-0.718731696768827,-0.1051067519343971,0.4428297303066105,0.9918299332312496,0.1110967447558618,0.1772111023075046,-0.1400437905588165,-0.8003042301739457,-0.385000333120586,-0.84636827655346,0.4770941827170948,0.2829905433584611,0.5149365699183402,-0.0163036704851694,-0.048594243768141,-0.7687744073968091,0.963622383075756,0.9108345545032838,0.5634522712905792,-0.3904731457085225,-1.0881670620662398,0.8067557842110861,-1.1308263144530513,-0.8007927358767423,-0.5638248683324805,-0.2401467980332768,-0.916702550004192,-1.485804620107103,-0.4875481491763572,1.1058468525814065,0.808148706584839,1.552124957483359,1.3618006131342275,-0.2675042716629034,1.3742846461200178,0.5435377482299715,0.2111214365147972,-1.3720279398734798,-0.1814683673580037,0.0165268872452804,0.1191925194209451,-0.847833078083387,-0.8787655380853998,2.0784863708320134,1.4369241369651051,-1.1552594271145402,-0.1665135688120165,-0.2988699891949996,-0.7929067630102086,-0.4481272201836045,-0.614221283724527,-0.9771750356764004,0.200282210354454,1.1269873269370496,-0.0263617885165227,0.5812338798995718,0.9610746892929044,-1.3637508576077797,-0.3567344436451444,-0.7817912444340167,-0.0042907653692509,-1.0775149679300595,0.0697951211672142,1.532721548398374,-0.0029995031498617,0.3354318553200968,0.952837882860029,1.2370623282664528,0.7442452021020907,0.1106614799769566,1.2552967091729244,0.5127200090805619,0.5194528481225082,0.4950413520198111,-0.0926398052368775,1.0449751887130616,-0.3927761508680437,-0.7034310280393267,-1.404601184694957,0.1526305124308356,1.5633044972372503,0.1558041954038457,-0.3822435302651781,-0.2486684772314027,0.1795283541356777,-1.3327161826521674,0.1607013575941893,-0.2575159443865855,0.9317432068113144,0.8765187118011002,-0.4667240254921668,2.620928609413048,1.8501522424000048,-0.6604522508249561,-0.6228529575028264,0.5813884820129619,0.3389142766388651,1.3508958213385711,-0.606498086909314,-0.8615972228763623,-1.0231426545341376,1.5074925680543354,1.5426806948305103,0.0375116242094485,0.6267963361847131,0.3400298277743745,1.3597569312858242,-1.191085707030411,-0.666490354959331,-0.9735039765827472,0.5742609888026905,-0.33178527798422,-1.4751532034542774,0.310572704849498,-0.9239121211558732,0.0257233008697572,-1.151037073671353,-0.4175524285063355,0.2970813919132963,0.0140081248358185,0.041067641215682,0.686811020712666,-0.918266101364242,-0.0339561900909645,0.3135913341374501,0.1531715671082971,-0.2987062019323167,-1.1612572106443753,-0.9506254373047668,-1.686146828909255,-0.2378941291205301,-0.6237049045464782,-0.3202895317573915,0.3884117698735315,-0.1054649372906484,-0.70372589422786,-0.0704724824685956,-0.328874988590328,-1.5704881877623558,0.4709497948389968,0.1918070886287717,0.0796631483740664,2.044112572870079,1.957850682780506,0.2219859135443464,1.1124107418866749,-0.3750212685044469,-0.085043791450603,-0.5012055318564317,0.378993096533042,-0.9014609771154048,0.2550668967094836,0.2899924620953725,-1.3488112569819537,-0.4660587453826337,-0.1697643083386449,-0.0535429306608312,-0.5568465059934495,0.1142520367611659,-1.0813158463556811,-0.1018115706097768,0.261957874602687,-0.1960427420313763,0.392594658604829,-1.2208389169898328,-0.2125570810152194,0.9672909833542496,-0.3058245365848078,0.6094030032378431,-0.3150002462980382,-0.2266784509512364,-0.7598121927731434,-0.4768929310226286,-0.3046903752988251,0.7120092989496284,0.7628658168553671,0.4479792929774667,-0.7192256604309603,-1.2253464423696705,-1.0621295385482568,-1.1115102229978884,-1.1391412806234045,-0.2678226337498933,0.3231973910228138,0.2063815735744675,0.7510820494206137,-0.4951005483428468,0.0241949843705238,0.101930722615007,-0.7447161133398802,-0.6778879024215181,0.4632620313499326,0.938460004885442,-0.0956591793109737,0.0205952434126072,-0.2444427048913121,-0.2720405465065003,-0.1244578069233236,Case
MICH-01563,-0.4868314466920327,-0.2936223955467231,-0.718731696768827,-0.1291557126854509,0.4068045636599983,0.381627158370861,2.1762634195390733,-0.2538920262450074,-0.0181540961127036,-0.1296575898024451,-0.2334927662705179,-0.2925901468440903,1.3376363504890567,0.248301861675439,-0.1942126175488589,1.806633172082906,0.6843763009171548,1.13669752303795,0.5295977082670972,-0.2056254707951894,-0.3100225088752591,0.231079553497431,0.8434123437346752,0.4495208596346715,-0.9137005270798182,-0.7144463209265711,-0.516575222556726,-0.7106425460416812,-0.3641207462695199,-0.1802778821761273,3.1959555620456115,-1.1379343823931538,0.9929848323043144,0.5950652370440183,-0.5382990745969287,-0.0789563810014698,0.8634230647976073,0.7646525949617059,-0.4522251687439199,0.431652831772448,0.5226335788795009,0.2285337093157081,0.6470450491308516,-0.0049632770884775,-0.937468473339942,-0.355161667982048,1.948997731745729,-0.4151291751949302,-0.5323188510539533,-0.5977940464326627,-0.3723876581151725,-0.5070934501551599,0.3682344938588654,-0.0604213027204684,0.6206413661462941,0.6257389335079679,-0.4238022670121149,0.0881722355421159,0.1511239635379559,-0.2917218125771078,0.7968869208485869,-0.4731272940711644,2.215760204158037,0.5213720631109814,0.4346554504448386,1.2009525841502942,-1.1104532607529722,1.755097686716078,1.5064752796696304,0.8747159946587472,0.2759517947150997,0.3898295973541837,1.3791451397120715,0.5127200090805619,1.214059047962268,0.3504743893228051,-0.831517173807746,0.5208172453868662,-0.1993268361537791,-0.2287458321091584,-1.1812574303111265,-0.3952671319039431,0.603990428539162,0.0297024380286697,0.0072155484470913,-0.5487881400886386,0.8259845774251643,-0.0712912195813404,-0.100562966985351,-0.2575159443865855,0.0016311742622325,0.9686176419958508,-0.1258367172345512,1.1597000225484575,0.5137286757504075,-0.5813237594305751,0.6251817546204248,0.4976295447192653,-1.1885843432512828,-1.324605313992547,-1.0230696255488327,-0.492440583558441,-1.1065115730525263,0.9427986191450416,0.0223881334405763,-1.2593127634581716,-1.1894837871662445,0.3532634764100334,-0.3079248357603438,1.165986621598134,-0.4538888442575903,0.3700504318718456,1.276371362114326,-1.0513996284355387,-0.6781979009232381,0.6033741819993735,-0.5727136716976875,0.4420722436109488,-0.2345578995707649,-1.011111653368713,-0.4005756640823771,-0.7210432503438237,0.4332429686224713,-1.1387107482043313,0.1747445177831919,0.8177585029819855,-0.1027925746669936,-0.6633649521880173,-1.076408633419855,0.078046804883586,-0.3550070411092079,-0.7219266891437959,1.6988863621389478,0.5082744469621681,-0.1468905544666233,0.0252914235317538,-0.2745753752922611,0.8873296759924758,-0.1495881750175741,2.418639208360173,-0.8177093787425622,0.9248876310456708,1.3255860654577687,1.406035431521054,1.30312908129025,0.7771577640584494,0.7820435153412679,0.4585735483293304,2.809279984525353,1.226809063449504,-0.5012055318564317,0.4576678416364937,-0.1302978350782862,-0.4271000919701411,-1.7576059215185669,-1.0542357597865506,-0.5457791449922369,-0.55074322961251,-0.2671047194838826,-0.6468983692255001,-0.330759580111552,-0.7969134886904612,-0.1767390548570934,2.733594306500667,2.3065277925687595,0.7096588973527395,1.8507926773809156,-0.2396714515339632,0.9943049571236584,0.3654860919133071,-1.142435892246613,-0.7877567206816103,-0.2726118033425359,-0.9607468740458044,-1.4025634475426791,-0.424082960790373,2.466134734387521,-0.475831256971371,-0.1905202218374631,-0.9458652945423396,-0.9912962386493552,0.3046309119322212,0.1063938463112296,0.027053392298859,1.277123250176463,1.268446292118046,-0.242804646025553,-0.5586757709372843,-0.7384966391283914,0.256468667721462,-0.6558427359719073,0.3936242568296177,1.4679482497375036,1.0674731126849624,-0.2663408010103861,-0.4584313022755237,-0.917581720074998,-0.0432881463816341,0.0055651806846836,-0.7654138678807397,Case
MICH-01569,-1.2644813349572703,-0.0384998482974519,-0.718731696768827,-0.2783937780920543,-1.1810937404462412,-0.9144095985357248,0.1563997094094877,0.1428329733312161,-1.2521693868949428,-0.2881251455262669,0.7712074374530509,-0.2548095346916651,0.9616402526657152,-1.9638550767991436,-0.3513349131106774,0.35198398563327,0.8324173004172399,-0.5480024533229111,-0.6245527287044493,-0.5746407641620995,-0.029014938190464,1.3829254373795865,-0.8526708578306665,-0.7096086330188147,-0.5587839443549962,0.1514390483489543,0.8304714457427381,0.3974165658176428,0.3617064268207601,0.3725665150980619,-0.8295380555151398,0.2169740873359524,-0.3753068809021301,0.1869808539747829,-0.5382990745969287,3.3644379655059558,-0.8612083022666125,-0.5720791143495652,-0.2994289933035987,0.6151395008986013,-0.7372121547327437,0.1456442840666327,-1.3295358806863775,-0.950144093710531,-0.5954723364432492,-0.3006542554781006,1.0435461253903664,-0.5208935349958564,-1.4125885115414778,0.1310242430496218,-0.2683637592898638,-1.2310058621836864,-0.614221283724527,-0.1161145319729343,-1.2673805219356435,0.3433648598195636,-0.4840921955963168,0.4348967277351602,0.2910562548476087,-0.3859636177989698,-0.3262473739312931,-0.312711346075238,1.0125144392906529,0.114556891944171,0.5968735577237109,0.0325504335570563,0.3990149606685768,0.8981987085808384,-0.2726652711599435,0.5335758749440891,-0.2589508643061851,-1.3417495175174092,-0.3299887040489463,0.6825597230824971,1.1123555557176714,-0.10535146769528,-1.2508754351604492,-0.8582578826793593,-1.5550673102994523,-0.7034310280393267,-0.8557708169860913,-0.5965062618216502,-0.4991246021187027,-0.2037540175029444,-1.0522758166165809,-0.1755431073461004,-0.2283654423202183,-0.5030339901075427,0.3367028550828809,-0.2575159443865855,-0.9218988739431851,0.169575378529941,-0.9277344097218646,0.6421961685384662,-0.5504535880563229,-0.8229869842690263,-0.7253140078033755,-0.4451041452351348,-1.1885843432512828,-0.584057115322347,0.0335086175453769,-0.8615972228763623,-0.31479703709662,-1.7548759045418958,-0.3597008855468895,0.2218622418580075,1.862672960192643,1.671549559090779,-0.7670621316697188,-0.5498196066849274,0.7501197691276393,0.4745575405710489,-0.5154134472331972,1.751761137476147,-0.2279427103745357,-1.3239658068830948,-0.269780953012151,1.0999996797262093,0.0806212848047971,1.3624675366992127,-0.169853491231174,-0.1848242554093861,-0.7306769021413192,-1.430503031806427,0.5685552319408181,-0.3505451260031446,0.5900732742078657,-0.3427513278153458,-0.8177850691327465,-0.9782347627759445,-1.0972646475425036,-1.4646186407589548,-0.4525708302828166,1.7898294999872617,-0.2982111023389738,-0.0362913404379774,-0.3321098812500576,-0.877258335224696,-0.1099304347672077,-0.9514726815892024,1.340351420785297,-0.6920958237904996,-1.2506852705746936,-0.1073773901676477,0.0735890418355626,-1.069544906815593,-1.4224094740008384,-0.3147771160724543,-1.243695792702595,1.7725111481358928,-0.1801179616074643,-1.2838653785212777,0.9892735780683398,0.0445560543175871,-0.686464505413472,-0.6031324578779091,-0.4038437454630563,-0.7895122152920294,0.7884677039659278,1.805808054405262,0.141263068354922,-0.8819471140259219,0.3398789140409267,0.3199952268227459,-0.5285973927843013,0.0057489017901113,0.3734498687048612,-0.3219125748148363,-0.5469717301759649,-0.8974294121083224,-1.6805021398253912,-0.44010741410327,-0.2726118033425359,-0.4985329619298687,-0.4020744880083598,-0.1877099270005129,0.3623601170403415,-0.9071275945523226,-1.110205962673266,-0.1975621154091094,-0.0516224953860504,-0.0010940930370153,-0.5834234891991914,-0.7505185326962959,-1.0944402585065978,1.098281566907491,0.2921067659497965,-0.7428665458072083,-1.1420355353618097,0.6664262357521662,0.4611458146253172,0.7976234587192029,-0.942916972804396,-0.7591984575964027,-0.4469592723947425,1.1002328642555996,2.1539997395669235,0.268070980256298,-0.5658550246648143,-0.4730420960238986,Case
MICH-01571,0.897416275402334,-0.8602238557798645,-0.718731696768827,-0.7710958042949474,1.207579657661098,1.5423240994870324,0.1338029410209208,-0.6800773866003661,-0.5757686129246516,-0.82622071322825,0.3538768414326043,-1.0285284123110463,0.125274641606261,-1.1648272664063726,0.7862002484623051,0.5970815481011503,0.1337069257225021,-0.7235362857816725,-1.1259798175644984,-0.4911010115254751,-0.4184946472709711,0.3890256761798503,-1.5533042155518564,-1.758387118014641,-0.9948654710407066,-1.3684101273919842,-0.6844100894691834,-0.221605008926283,-1.2071281555723536,-1.047500375976954,0.698160780270574,-0.0851731319670442,0.5262588354983674,0.0392785216167391,-0.5382990745969287,0.3668051128629452,1.4087558038404475,-0.0894186291952292,0.0689158129268029,-0.8641521364045878,0.58931284382802,-0.3600228819663929,0.7078636046772131,-0.2715786099421893,-0.4866378043337703,0.1256978915353514,0.1620152754840781,-0.8589630921741741,-0.7005868257931407,0.3327242923954286,-1.0085887060081795,0.2718186475038195,-0.614221283724527,-0.7255003788902226,-1.2673805219356435,-0.9352769340729978,0.961745124739277,0.8876925458654013,1.046907358448132,-0.3151016437123315,0.7764518569170915,-2.7148558843543418,0.1075903648499665,-1.846995503564836,-1.1207687875187615,0.0325504335570563,1.592425772958234,1.007274433199771,0.2358465383418895,0.3920513245827279,-0.1239429930224272,-0.5208215171274143,0.4422704412861624,0.4697472656666105,0.0782502980801634,0.7739881754804736,-0.5971209659915763,-1.4120515025635885,-0.5066323777429442,-0.7034310280393267,-0.2961345987031137,0.570046591572294,0.0635224848969659,0.2832356395424232,0.1278084331829599,-1.2733273322870042,-0.3805069950352376,-1.2600542272929038,-0.4189438959234826,-0.2575159443865855,-0.1959256965482019,0.4869379668682618,-0.8006528561431057,0.4033834067515588,0.3932072428828805,-0.991580290041158,-1.153738242210565,-0.6122370617219209,0.5064808075995835,0.5734068724413437,-1.3189533243687102,-0.8615972228763623,-0.9957112167113756,1.0422867351724467,0.6468528781008915,0.636163781553978,-0.6017490764016837,-0.2962463434642221,-0.8960797873942371,-1.191085707030411,-0.8326538060812629,-0.9023863851991576,0.8807820708325306,-0.6354802851065297,-0.9849224252568484,-0.835662138517716,-0.7316322191935152,-0.3565387125306034,-0.656930819669164,-0.3734194008552173,-0.1251925709514261,-0.1092978772782777,-0.6096030965823638,-0.430668748016706,-0.9689563790617292,0.5769980817889079,0.9551081601714424,0.1531715671082971,-0.4819121712896477,-0.9390176015879448,-1.157232234466658,-0.9803892047979028,0.1767469634691445,-1.1402733765001396,-1.317329579850835,-0.9993208286042086,-1.1399723714199936,-0.8182294749690555,-0.9880764992528348,-0.835536408427317,-0.9802530922162228,-0.1387906849776632,-1.3207192452330874,-0.201512418444669,-0.0759584192880827,1.6254449888141864,-1.4224094740008384,-0.5793649522500369,-0.8246937487800052,0.2236317987163546,0.878947500848277,-1.2838653785212777,-0.2353102816560416,1.0049618913992848,0.3423953626603991,-1.273865102285617,-1.057858299945031,0.7020569922077204,-0.4899546690948859,-0.8299764250303505,0.7722811146894588,-1.317277085045382,-0.0272653983649758,-0.2435060271534128,-0.942377861607504,0.4077231221531861,-1.2208389169898328,-0.5481094657739226,-0.2488181316314517,-0.5387620979298869,-0.2465688177766067,-0.4038321290163313,-0.7941956914812215,-1.9764033998056008,0.1684523153645525,-0.1300941755259206,1.1313736865804127,0.6099116437467942,0.2063581257128255,-0.6115430197120155,-0.5993536577903347,-0.5987133148598388,-0.8436990868514324,-0.8024629790078117,-1.3053897797583427,-0.2484757572357522,0.8130193777096248,-0.7698079527510453,-0.6892925599739925,-0.291801364050239,-0.3788539187082159,-1.4754940828873335,-0.3465637962474254,0.0904074923249515,0.5015634546680228,-0.4957930811032365,-0.917581720074998,-0.8371702166235703,-0.6490549785717169,-1.0846829110750758,Case
MICH-01573,-0.2402138899221472,-0.6112465253310777,-0.718731696768827,-0.8499080380681944,-0.4725511871537162,-0.4500973656966896,-0.0510020773629101,-0.0397344895028981,-0.3086267861467722,-0.7745371224911843,-0.1610305508299781,-1.1473135339005989,-0.1756305030341885,-1.039652117572548,3.05695693607199,0.988053155794356,-0.5814109924090112,-0.9555651945973552,-1.480701725951182,-1.050986902468903,-1.5251222944499825,-0.213842154272506,-0.8198132893102267,-1.2808459857877383,-1.369953958482671,-0.6931848305568113,-1.4057241050606948,-0.1151141711748842,-0.6359061064393909,-0.7827817096641952,-0.2332729706429829,1.189951878357756,0.9547952782625058,0.4477189256939411,0.0938032503689962,-0.5101533426559239,0.0420621087724625,-0.3110462129544709,-0.7679309227062653,-0.6058396108131708,-0.8601588358971246,-1.0623663799053324,-1.6941582613456363,-0.6488435909563204,-0.3018713632006168,-1.8166462344802223,-0.2530620293994152,-1.1552594271145402,-0.8725737292547896,-0.7039385329735941,-0.9401187236984012,-0.0960655763666107,0.9401966209778304,-1.1717724063260024,-1.2673805219356435,-1.3736382103694535,1.2652373504047023,0.5812338798995718,1.6668207027646968,-0.4098292657699389,0.108461625475209,-0.2086477383239344,1.2942344328122566,-0.3134453824127315,-0.277943324745661,-0.1565702901144501,-0.0974484611258156,0.866431854832424,-0.0174972735526867,-0.1620454060319806,0.3422487160826419,-1.1276491479528945,0.5813333070196919,0.6825597230824971,-0.171221633095444,0.9195559116200472,-0.7783862481287409,-1.194055723746809,-1.450541093933715,-0.7034310280393267,-1.6462715546504372,1.8299116016017731,-0.716215135431237,0.8141747581901314,-0.4617047484195364,-0.982884652644359,2.6117954885199737,-0.899787329207433,-0.7360706221326988,-0.2575159443865855,0.1951353092428761,0.277997250555801,-0.7073842323879312,0.1921042929555222,-0.3079127713270653,-1.3488762124058855,-1.11683613691457,-1.1810869474260322,-1.1885843432512828,-1.324605313992547,-0.6532198211215424,-0.2254298481769978,-0.7050643746994415,-0.6951836831708313,0.1528723104351879,-1.17110463575983,-1.0612818089656872,0.2313877404295199,-1.3723855778366325,-0.6439869070114256,-0.1767442561575085,-1.2193080809815944,0.9310320374888242,1.0169524049975482,-0.7370796146770489,-1.039818943922319,-0.4951769973061575,2.3906091740735302,-1.049994798023543,-0.9665188322255368,0.3171200309768494,-1.013314665530382,-1.2797660512798257,-0.2141117197324198,-0.6690352200059506,0.3425764276083119,1.5368023031186455,1.3657146088896257,-0.6358767451955165,0.3062682992814422,-1.1875068237276876,-0.8496193342194596,1.7089000323515122,-0.2122988922780309,-0.0837033725041064,-0.3489465624770045,-0.9428381669286496,-0.8574455630130704,-1.121966716290708,-1.1277747470447352,-1.2360251646646512,-1.4889775170017894,-0.6870082174155695,-0.3904345806236717,0.2186717263408354,-0.1304976131546735,-1.4224094740008384,-0.6399776403367092,-1.1371459630060992,-0.0256647146769562,0.6771559545902346,-1.2838653785212777,-0.9796229732838628,1.534844415205289,-0.1197108397841579,0.5278897560978321,-0.729396339477243,0.0133462320710383,-0.8131113035382811,0.2533292268690548,1.5369649606688365,-0.5537287009084453,-0.2520517720787503,1.3061755559021937,-1.193983635568139,-0.4158776876639137,2.3393241922758,0.0250438825951337,0.7434793411593735,-0.5387620979298869,-1.0632224760544136,-1.251262377307919,-0.7454937400058544,0.795780867537892,-0.8639125624866789,-1.0947880051378556,-0.8235051991737689,-0.4483554456405217,-1.008119473826875,-0.5416777336558858,-1.2253464423696705,-0.8601593343372838,-0.4543678053475609,-0.3261158016711988,-0.9298346780043312,0.6279571094065497,1.5440977043047928,-0.9630693208477464,-0.5432605041560666,0.3377767922264538,0.101930722615007,-0.2163979345387721,-0.4991634598202377,-0.081509913987442,-0.3111325616923157,-0.3475588175240174,-0.5038695326035941,-0.4092151994060184,-0.3242014548285474,-1.0846829110750758,Case
MICH-01574,-0.6608820584584404,-0.0945095104265737,-0.718731696768827,-0.4505285255169856,-0.8496702451342147,-0.9790639195252232,0.8468700220727772,1.5905285806775191,-1.0654161644358535,-0.8003042301739457,0.4114140169315802,-0.737087529680972,2.213529132438122,-0.481946350540766,0.3629031341597888,-0.2351220598698202,0.6843763009171548,0.3576566401423361,-0.4254765610986234,0.1847278139403055,0.0394445925864899,1.7994825997212067,-0.5013073262099147,-0.8064750049544995,-0.9458325522657584,-0.6510411482382806,-0.9109133871951438,-0.7106425460416812,0.4025253828196459,0.4962868659165803,0.740692465632439,0.7888219823052447,2.525529067815542,0.4810193730451191,1.938984900883603,2.970436209729971,2.0582077074154586,-0.0762400491759014,-0.2994289933035987,0.7937326042368201,1.182006189407317,-0.4108560814264889,-0.9987014950879785,-0.7806859957758466,0.1432007642685393,-0.1387768652522231,0.9835972995277096,-1.1552594271145402,-0.2865481949091331,-1.230331447621673,-0.8088209874278023,0.0422147099575349,-0.614221283724527,-0.9067966020463448,-1.2673805219356435,0.7440036578004044,2.2335831949345657,0.5330736298701549,0.8744509244804267,-1.3637508576077797,0.7968869208485869,1.3416273092347069,0.7289368709642758,-1.0775149679300595,0.0474089190822078,0.86245539480993,-1.0216155102615734,0.0281762785115048,-0.1683840811520132,-1.201241744024484,2.6454801592311106,-0.0694340191580911,1.4067925844312448,0.6825597230824971,0.4624900734555781,0.1687772541430551,-1.1927003053915737,0.8527978797390147,-1.0522287631370189,-0.7034310280393267,-1.6715655041145476,2.0149536845034888,-0.1447741625111457,1.7759284657082597,0.1615003165307757,-0.6258032288246769,-0.6096611431350503,-1.05209458485639,-1.1944559352898676,-0.2575159443865855,-0.5002422741869832,1.129563167023723,-0.5258293121428912,1.3444517215711338,-0.0325397998992317,-0.7139841979812958,-0.5221237264248763,-0.3470386698201355,-0.6004097460203647,0.8064881777015089,-1.6396155419094764,-0.2254298481769978,-1.1630100663218346,-0.4320518336010263,0.3056111671737487,0.9566845052053136,-0.0736512820459493,0.0130604432905618,-0.8312023296335688,-0.4407740968394504,-0.5061245004446602,-0.8503153970846072,1.1788268201322527,0.054159429332764,-0.8378654753700233,-0.6063960394192783,-1.6809649833763562,2.4169509251059287,-0.4667283892024598,-0.5261698386870592,-0.6952992436542254,0.1104313764436051,0.6047917571907068,-0.0060078867347343,-0.522762587326894,1.1811158830814603,2.1103007242862453,-0.6633649521880173,-0.1588853578783613,-0.8620694960860795,-0.3804970644733546,-0.4451517884645791,0.058595458278017,-0.950890104864576,-1.1244962137773264,0.2685661746945357,0.0316291920512993,-0.2230213778287341,0.4987164012343213,0.3112790306478385,2.0701353657457227,-0.8228163828108351,-0.4092256368318531,-0.5336742416799835,0.0980722624185964,0.8441934257572622,0.3329800069414115,0.0188536563847309,0.0537284840144422,-0.1704383729376577,1.115102027476042,0.900751577799997,-0.4139743954586697,1.9298552835907925,-0.5622241169954396,1.140610869852032,-0.1961625851939807,-0.1697643083386449,-1.256266123618773,0.3743441817813854,2.125067966447208,-0.4194174828556858,-0.6345354138427082,1.0516884650581322,-0.5285973927843013,1.2266767806988066,1.229658397764624,0.7883325140057365,1.1003596882976117,0.4735928640435091,-0.7174968001378343,-0.9996577947456794,-0.1809812607978869,0.4627227935436551,0.2365031414249762,-0.0447314219378132,0.7974072832717044,2.385064961825103,2.4907946692413776,-1.1894124392461125,-1.2253464423696705,-0.6133788787283415,-0.6426383067542358,-0.9234526956277208,-0.3051944497603683,-0.7834282262575993,2.127067533141377,0.8651321955394452,-0.8377121663504995,0.684963179707926,-0.7121332556733787,-0.3187962073266739,0.1518682975732099,2.466190014061473,-0.4927274250117816,0.7348682760439644,-0.39294504678533,-0.1231240605218586,-0.4301734238816347,-1.0846829110750758,Case
MICH-01575,-0.2601486705327331,-0.1135390341802661,-0.718731696768827,-1.1376050413918328,-0.9384112072063954,-0.7324528117545624,-0.098364301939374,1.297508513189382,-0.5988654860155426,-1.378846892227646,0.0048052488669473,-0.9362805232626928,-0.2810738590277416,-0.3677124148256376,0.6797510186336916,0.8120305527175561,1.134858997587802,-0.5480024533229111,0.7665372252212613,-0.7875289351258405,-0.9886825219603974,0.4406778129189683,-0.0547840308215949,-1.1413703240858957,-0.7443880353788301,-1.2672596030250476,-0.9109133871951438,-0.3168033035465135,-0.589998584966578,-1.1642274743090693,-0.0678924559579398,-1.1058669893083837,0.7662069315761769,0.3801222982929285,0.1159340619433373,-0.4125807855143186,0.3912973998634835,1.129168710702137,-1.140523673054807,-0.8641521364045878,0.2374350434128021,-0.8746532513397978,-1.1223471847357729,-0.5520301859059119,-0.937468473339942,-0.7446839921924745,-0.3868442573290701,-0.5424377495109507,-0.0875068939016063,-0.069360168900199,-0.8248423791470335,-0.4481272201836045,-0.614221283724527,-0.9771750356764004,0.6055111308305257,-1.127380291860311,0.1948714271402122,-0.0410006218519133,-1.0503322896034544,0.4397274244606343,-0.0935359017690472,-1.019324639455091,0.2610841032657384,0.3132092601098815,-1.357884438238006,0.9838113762505438,-1.517143243284394,-0.1989782839227787,0.1741875084794415,0.7269153666875323,-0.1239429930224272,-0.4821148856771641,1.2850100664770328,0.3831723919127354,0.317639754026638,0.864511390242369,-0.6225823822795478,-0.498070646103588,-0.8948538018221956,-0.7034310280393267,-0.6692068125681044,-0.0109483016005373,-1.856422788942988,-0.0210054591808995,-0.3822435302651781,-0.8618899130726628,0.014997408742274,-1.1198205740664413,0.0036437722483639,-0.2575159443865855,-2.189203488498737,0.8202933720175155,-0.6766711638458949,1.001987563102521,1.9533373115078287,-0.8229869842690263,-0.9714711019626936,0.1799814807914101,0.7918920118222883,-0.5304904352351121,-1.4037789605341715,-0.3579186382407475,-0.9684550608380852,-0.7698712165215448,2.082453268327681,-0.7224856337047999,-0.7427489862152659,-0.0802882542203826,-0.7036426253378978,-1.191085707030411,-0.4799324735766282,-1.179921632465755,1.1297215036470143,-1.9321996560257737,-0.3127375387018606,-0.6385873613202486,-0.8405655029765343,-0.4712445584254778,-0.9500878528681886,-0.8916853616131163,-0.6447192714062822,-0.1343420991606587,-0.7306769021413192,-0.8321905054672255,-1.4385760740644775,-0.1668909297153599,0.3135913341374501,-2.03830317796375,-0.1078898494488163,0.3954781198178242,-0.6704574079721135,-0.0967956125709311,0.2686562603439191,0.3887260517127657,-1.345629465965806,-0.7350045247123415,-0.6596704473820431,0.033561443439473,-1.167110281991178,-0.835536408427317,-0.5595816911569659,-0.4394361782806427,-1.4273684076679063,-0.2774556072857678,-0.1524940011674757,0.1564399035309236,-0.6544738288458456,-0.5493135245148476,-1.3514918474863356,-0.2438398116968743,0.7987892727459647,-1.2838653785212777,-0.2706737613301804,0.2228963006230744,-0.7496476458912932,-0.3407860548399297,-0.6612555659183461,-0.3577068148895742,-0.2128741466304358,-0.5568465059934495,0.0960392707967446,-1.1272323513104874,-0.6345354138427082,1.7253443510734598,-1.016078204385946,-0.3768815326366786,1.777128072271874,-0.6948892744239078,0.281736834836676,-0.3058245365848078,-1.0239507912712436,-0.91311047538009,-0.6488831811348831,-0.0002848099484593,-1.3168534398084633,-0.3343085229898969,1.0489986799378612,-0.4483554456405217,0.1393166237405138,-0.7010301950850997,-0.8745792333553659,-0.6429631066919539,-0.4967643606267607,-0.6252035529484681,-0.418435763729699,0.1010569098087234,0.2301577539872041,-0.357035947162608,-0.4951005483428468,-1.0076834890735924,-0.8256329179049487,-0.7447161133398802,-1.0763365169916002,1.0735725317113256,-1.1115889326212467,-1.2058742277680887,-0.917581720074998,-0.6202368415401301,-1.2734718282267374,0.0653530967962792,Case
MICH-01576,-1.2908009681143375,1.3035374161143345,-0.718731696768827,-0.4780685274506936,-0.5444671496667064,-0.6474998143179788,0.0423108602990976,1.7808012606665269,-0.5299750102699015,-1.0940001953435248,1.8778627839243405,-1.123236532873535,0.3692351060627086,-1.0811425342089631,-0.6840408041674284,0.7418604783928306,1.170859928342995,-1.0281580693192458,-1.7115842368130862,-1.4168470353998606,0.4682524896814735,-0.1849498134143621,-0.5635927298900626,-1.0728512776704675,-1.2381933221391377,-0.3117367378084674,-1.5850218853695244,-0.0729713057057318,-0.0576820588165847,-0.1128236562898497,-1.2104145758723768,-0.2337795637365699,0.6869423423470767,0.6427936817125273,0.8268671440903002,0.8775638770267065,0.1783952546397581,-0.2114911133295114,-0.5689943971827739,-0.1510488281617062,0.9933059589507892,-0.6798373380883461,-1.4104375377221694,-1.3799283109604106,-1.0874164531988166,-1.3869336813454132,-0.6646908340847885,-1.1552594271145402,-2.043258553093444,-1.1261338588830947,-1.3040584447717565,-0.7533986396577858,-0.614221283724527,-0.9535643664632352,-0.1487446764667671,-0.8879072084107097,0.7548613675037479,0.4016035666919911,0.4289356755268543,-1.4830855385100437,-0.0382394931727042,-0.1320428994176655,0.6206896415360686,-0.790183876268423,-1.237806474153232,0.4636035854534465,-0.3426548341322631,-1.4260976668706051,0.1272291417852826,0.0918947329825803,0.053586179329438,-1.8829300499039048,-0.2660725841004074,-0.8266573266683115,0.5194528481225082,0.4822202804229238,-1.2508754351604492,-0.1921697404725778,-0.3089880441179558,-0.7034310280393267,-1.1598265938896166,0.617786700147412,-1.1609870636777866,0.5393811103779907,-0.8891549455621406,-1.3584971389395395,-0.6096611431350503,-1.05209458485639,-0.8111246708235442,-0.2575159443865855,0.1951353092428761,0.0808170677033272,-1.158071433291175,0.574778218282756,0.2275265664358332,-0.6339219886062296,-0.6228529575028264,-2.0646228609726864,-0.6478775628742295,-1.324605313992547,-1.9235331673153837,-0.6750758299850432,-0.9144597337692234,-1.3908273114602474,0.4787844247638577,-0.4614394206050744,0.4240166950325389,2.9601125588140245,-1.4438330721256485,-1.191085707030411,-1.4666435017813544,-1.4044539399657778,0.4176684284009477,-0.5228554562853428,-1.3267067190705375,-1.5848133953480774,-0.3437480206568711,0.7341260154180921,-0.656930819669164,0.6654209421463839,-0.4005756640823771,-1.3567026210537847,-1.4125454901169798,-0.5423374135945437,-0.4745316884181027,-0.39766707974283,0.8313879878750531,0.2740368234313862,-1.2368121591889225,-0.1386212392347094,-1.157232234466658,-1.2517801054321718,0.1975254620999196,-1.3753063815417326,-1.345629465965806,-2.489320583158425,-1.7026844743372431,-0.8972101455715011,-1.6816609744022637,-1.991393368376672,0.4035292360454384,-1.8343870393794808,-1.5726620180139756,-0.5336742416799835,-0.2041956484273071,-1.436402238486138,-1.0956910543344045,-0.5793649522500369,-2.443813503579503,-0.693296924253512,0.1295868625675246,-0.5272366586704954,-1.6825108272586171,0.8239201010833908,-2.361310343333827,-0.308748313215004,-0.8889174802385232,-1.4239914775215563,-2.0794184432688634,-1.3060897919326164,0.8489938035636884,-0.1830823976853852,-1.1071019190072826,1.844929335445601,-1.193983635568139,-0.6606106691900628,1.8870761329703505,-0.3775050489953555,-1.490819714642699,-1.5217358431402743,-0.5325866048492497,-1.251262377307919,-1.4528735660778114,-0.5448291510176703,-2.2270808185165185,-1.407855342254407,0.3623601170403415,1.115986800830993,1.1787962818966913,-0.1207096853179356,-1.2253464423696705,-1.2434579879390533,-1.1290808513272963,-1.1391412806234045,-1.4348555268370926,0.3029718654764003,0.8696156516836528,-1.6310990444162816,-0.6892925599739925,0.5342700792043547,-0.0558838599357688,-1.4261360807306822,-1.0763365169916002,2.962687316953815,-0.4014391868634336,-0.881122014911884,1.1638640175188448,-0.3676922308419332,-1.3693505863406217,2.764570296683853,Case
MICH-01620,1.49034621431575,-0.6993556749883466,-0.718731696768827,-0.3963213062865143,0.4921046877915446,1.0847554919439266,-0.2680042125206107,-0.4362265153250767,-0.8622381671838574,-1.121681898690154,1.0508581417246945,-0.8242414507768786,0.3326390687047603,-1.2070269247396208,3.138591680982212,2.7479657124846044,1.368036981732363,-0.8609722929107797,0.1044157934993214,-1.2317519138972322,-0.7932135933700816,0.6177167991304697,-0.9524021352455948,-0.6776704973967693,-0.6284547023245906,-0.273875120159617,-0.2882329194634131,-0.2308459971608477,-0.4989233313550946,-0.4925034325069631,-0.4271344503907246,-0.8136868392117611,2.442013095377316,0.0203558073641784,-0.5382990745969287,1.0704584413805258,0.8037791541590594,0.3104844446055787,-0.4137202543878734,-0.4981132479615858,1.671270043123885,-0.9565341452414716,-1.1475982005683618,-0.950144093710531,-0.2247938816855915,0.020690350044575,-0.8423542906164844,-0.7886702059348665,-1.3661281309362852,-0.1744322975890375,-1.3040584447717565,0.3191237429883085,-0.614221283724527,-1.5394913823183674,-1.2673805219356435,-0.8879072084107097,-0.1886726746505906,-0.1168187309613355,1.216256299595176,-0.6555630723063363,3.206577373506777,-0.1320428994176655,0.4308387406951636,-0.8409818349997733,-0.8134038881618583,1.1115487618930426,-1.2625410390053289,0.0877721685330522,1.0147121383928643,0.5926315127185954,0.7993291421875539,-1.1276491479528945,1.5922176940972177,0.2517054810912175,2.835810886843504,-0.0576466435294229,-0.3983538199489561,-1.1512267664849023,-0.8948538018221956,0.3069908956832435,-1.475044228909972,0.191595390783878,-0.3562837381078864,0.0888962804232771,1.989954900665689,-1.2311152589567262,-0.6096611431350503,0.1457752265595462,-0.4357447764904671,-0.2575159443865855,-0.8681494647305359,0.7055784272983946,-1.2945359348552938,1.0654928108713837,-0.5256259948934313,-1.6037829019679355,-1.8187842745583171,-1.07018977126168,0.1246302872859735,-1.324605313992547,-1.9895888506423955,-0.6290590589925006,-1.3967986483640635,1.859653967612632,0.178614610142488,-0.4985612159820168,-0.2956808218955059,-0.8643102450648406,-1.7012714172156247,-1.191085707030411,-1.1538229449748745,-1.1995391128064574,2.854344177389561,1.3318536723034722,-1.2551561265027382,-1.2876605516211868,-0.0078843471290265,1.686999991702912,-0.7051240247625796,-0.4250424936946921,-1.2667939431221835,-1.2289864934264636,-0.8952860421895665,1.3791592499563752,-0.718329064155445,1.7277009642456094,0.3135913341374501,-0.5985582290348037,-0.6556182122121241,-1.6861808095357995,-0.8647990345997295,-0.3265309556184221,0.4502836297074947,-0.9136865221168108,-0.2544062506831523,-0.9327040272555226,-0.6904296958095867,-0.540178627317818,-1.3503323670738725,-1.2469495300585312,-0.7126179127377938,0.6263716057334295,-1.045479408977651,-0.7665594166351697,0.8227473192071094,0.0539389956239987,-0.8878130109763329,-1.4263829858498842,-0.979595842434918,-0.2861119240246713,1.115102027476042,-1.2838653785212777,-1.0985570313233664,0.1819107766676036,1.638271371058826,-0.8768887464903934,-0.83474973150894,1.0542576612526646,-0.663691351505409,-1.5044257385779736,0.1232964242015968,-0.2540887659368099,-1.2680737722293107,1.1312527623049204,-0.5723514904260045,-0.0114519637708688,1.5202821563593945,-1.0659039305422426,-0.1547275148418658,-0.5977547723366282,1.371667346036066,-0.5516151017311876,0.2200529538445676,-0.7844025665305203,-0.2185673160994963,-1.9312093592881248,1.0489986799378612,-0.559173724396221,-1.1945164081986166,-1.3847842854597865,-0.8263339761117539,-0.6281284864014917,-1.0422522769294509,-1.0506144696884807,-1.0529503162475815,0.2477809437013847,-0.1827814193705381,-2.042293372762772,-0.8877295401507344,1.1726796018252386,-0.9982296758841382,-1.4754940828873335,0.5073566497085136,1.5019851292263011,-0.3561644938205775,-1.4169903976139264,0.4837407823801529,-0.6631400819345423,-0.4301734238816347,-0.4089293516277685,Case
MICH-01621,0.2261327751630187,-0.9313341205857338,-0.718731696768827,-0.7710958042949474,0.3700574019336566,0.2983761794911134,-0.7074989627042529,0.125392760732408,-1.0915621505339674,-0.6478833033210774,-0.5797504079599496,-0.5895327254600486,1.0857693928225327,-1.2921545286498026,-0.0854156562053461,-0.1057952358264126,0.1175278018767127,-1.469320115991394,0.355468611512195,-1.4168470353998606,-0.6408182742886404,0.667265425865966,-0.2587927002503158,-1.107011208679874,-0.5314811267437095,-0.4673674039316495,0.2320963215979437,-0.7106425460416812,-1.5590447607044244,-1.4039543498269644,0.00307039542953,0.988695028361272,0.1978020461803579,-0.6951488721756255,-0.020526434317505,-0.4901741242965854,0.5519615259835015,1.5713006211790383,-0.4137202543878734,-1.3315634996457002,-0.0684191976827015,-1.217580299990258,-1.2504255522580348,-1.0194433841351385,-1.77342039720614,0.7842451588633255,1.5165733129542824,-0.585930559922404,-0.8725737292547896,-1.0651965607862015,-1.0260185838146838,-0.0090038361234599,-0.614221283724527,-0.367789188759113,0.5131015988279218,0.5459922902458199,-0.2972128234044718,0.0333451975280167,0.9610746892929044,-0.7835414564224871,-0.1357315989714823,-0.4460192609268018,-0.2001521759154643,-0.521295265474633,-0.6020417396861439,-0.7697076742420447,-0.4189086779179778,-0.1989782839227787,1.7539225332745771,-1.201241744024484,0.3639622212233661,-1.1699669132972506,1.0362710141035751,0.4697472656666105,-0.3326507745439312,0.6802599412023644,-1.4299542157465932,-0.5372252507978333,-0.833211484942475,-0.7034310280393267,0.8396702548678003,-0.4734473056590186,-0.5711069141329776,-0.601132820104506,-0.4818604928568825,-0.6646202122531742,1.850165323622588,-1.05209458485639,-0.7175846881674102,-0.2575159443865855,-1.0303253067291511,0.4869379668682618,-1.0251750430507836,0.437994377721016,-0.0325397998992317,-1.1965589009212771,-1.1908702686486914,-0.749418345227609,-1.1885843432512828,-0.102745341730991,-1.549467036220178,-0.721335434666271,-1.3371392999069651,0.2519785672963543,0.229753156516122,-0.9893279645395904,-0.3176446180649763,1.0844447944180906,-0.7990411219256833,-0.6631991694789963,1.0592572927205244,-0.816180642614735,1.7047164019553596,-0.8094262839039479,-1.4751532034542774,-0.8691829031007314,0.129189135975576,1.1103791908006286,-1.151037073671353,-0.1711681216652862,-1.44546290343534,-0.9237578759327087,-1.825966717593452,-0.9526924451985304,-1.2268073690745938,-0.6161133165078264,-0.3456913822002904,-0.8598965167118805,-0.500783486495824,-0.7685455686186617,-1.4691749838337669,-1.686146828909255,0.1662792710658637,0.6834520722255117,-1.5196391844652375,-1.133653529822307,-0.6290806722574294,-0.7988224282389115,-1.0770818543925498,-0.6639611465569337,0.0695030859562623,-0.7570760931118437,-0.1153061385875061,0.0891029574432,1.226290974650742,0.0797560954586656,-0.0948517496369158,-0.2012455592662635,-1.243695792702595,-0.3295235825675648,1.0761835418362415,-1.2838653785212777,-0.4502709527500755,-0.3381987794712279,0.4712698373655771,-0.5365138188357961,-0.7991992459618636,0.4345097542992785,0.4206154002442971,-1.2086650998012225,-0.3766072087615604,-0.8604910517647696,-0.4803414507821058,-0.1096496948245716,-1.091277639514929,0.5551281408059757,0.4986936999368734,-0.9079390860615938,-0.1733480662056935,-0.4216929520828681,-0.5691783193818837,-1.251262377307919,-0.5533114656050558,0.1989586607633011,-0.7064403441527594,-0.3640789497444406,0.1824836983922113,2.113089239746001,2.7854445275019946,-0.5244424557584447,0.3423970074529868,-1.458882480472635,-0.9248176456244528,-1.0506144696884807,-1.4785101735597663,-0.7315230477947708,-0.2735624829321784,-1.1063955953125777,0.2867911387261094,0.5914300665442921,-0.1090232423920243,-0.666463286109051,-1.095959201809651,0.446925920066709,-0.8202845207773862,-2.0454553760274994,-0.5294938855393989,-1.0603561273572553,-0.3504860190417642,-0.1440222249669852,Case
MICH-01623,-0.0654777849944801,-0.945869539966832,-0.718731696768827,-0.7556202556873152,-0.2513650548689781,-0.6474998143179788,0.9048767870254174,1.6287267779223191,-1.68471897661613,-1.0940001953435248,0.8679218550739859,-1.3975116207332825,1.5476534119337753,-2.153763430760317,0.7333069156408991,-0.6338592135479301,-0.0828040531113902,-1.8776089308320327,0.1770395992213234,-0.874354026753363,-1.272222435115743,-0.3904731457085225,-2.0194227411629484,-1.4599652964558052,-0.7295812945895573,-0.9571600636413624,-0.030151038096037,-0.1410061999302825,-1.406429515054532,-1.8670095955083683,0.0725624077313647,0.914476867309332,-0.8073546238578598,-0.9378677057543175,-0.5382990745969287,-0.0789563810014698,-0.8612083022666125,0.8280001503483356,-1.1831418950110346,-1.4127383660508082,0.0985365943582589,0.1596304546116244,-0.6736589795683874,-1.7661833491231955,-1.4674492183565986,0.2813037776641958,-1.2251205358724553,-1.1552594271145402,-0.4495298719929289,-1.1674090968681932,-0.6542752600761419,-1.182613259143918,-0.614221283724527,-1.5394913823183674,-1.2673805219356435,-0.4728102598926817,-1.3984610215778668,0.177841191015754,0.830837797725977,0.1736234302220937,-0.6132772673443798,-0.1067751069563466,-0.5297612687353059,-0.2686237756531045,-0.4496298570202528,0.2098094087342483,-0.3679290406949954,-0.6038288063562732,0.9777173172726646,1.086036998826118,-0.1905346022237542,-0.6381956580903436,-0.9208718755999196,0.4697472656666105,1.1634255523575712,3.6941009858887854,-0.9123833167887352,0.4525708020987076,-1.0203710798225158,-0.7034310280393267,-0.2802492393725481,-1.1223994367761407,0.0635224848969659,-1.1881910328481486,-1.2740653213267137,-0.901997218234346,3.979985470178837,-1.0298557954170695,-0.8686190677506518,-0.2575159443865855,-0.0473715114938721,0.93201540894274,0.1936190123357125,1.3747824306434144,0.966984925352594,-1.1370396640206857,-0.7598629217410818,-1.3706502353708556,-0.4595989144102758,0.8996226827829755,-1.5792814646908475,-1.5986845213827945,-1.0231426545341376,-0.6461122468771793,0.6231442797002138,-1.3326860245818777,-0.9434304156557788,0.4438684546195868,-0.2786038519963877,-1.191085707030411,0.770062048903137,-0.3950398417347114,0.9810488248067568,-0.8987715740413803,-1.2083886554288152,-0.574386078040422,0.129189135975576,-0.1964163713522919,-2.0596805548043906,-0.0681232727297314,0.1954278317896327,-1.389167402797293,-1.063679629991827,-0.4862107491135967,-2.048192076195547,-0.4934338475850411,-1.291296145956476,-0.9261236682261804,-1.167145993896231,-1.0990170597069866,-0.3044399787555403,-1.537461171081875,0.7402875283934918,-0.3464739325130195,-1.178676169432559,-1.2013775412432652,-0.5986585131800507,0.334557012998881,-1.167110281991178,-0.9514726815892024,-1.3247282525090902,0.3915969846957893,-1.2855974159979129,-0.0169029798569003,2.1573268873967,0.754617243912322,-1.0605154589980743,-0.4601563614720769,-0.2298772039438954,-0.4293596280573168,-0.0018018626921252,-1.2838653785212777,-0.3062199988166381,-1.3419241854796298,-0.3809467417252355,-1.3488112569819537,-0.3129860418166083,0.0133462320710383,-0.0535429306608312,-1.1123667299243385,-1.379938630331727,-1.1504222493988183,-1.187366729322722,-0.8209128059235022,-1.193983635568139,0.5261956769141156,0.0501467555504175,-0.6948892744239078,-1.281004642534493,-0.3636101944320873,-0.3169805842526657,-0.8289675618573957,-1.348306666979111,-1.4519950821114296,-0.2913744713524643,1.3536949232884672,-0.3308868157870867,1.055450978815177,0.7160806551661002,1.874132714178988,0.4809072680999559,-1.458882480472635,-1.0082215323255028,-1.2781196028878534,-1.0529503162475815,0.1087144216867091,-1.2962837225592516,0.6929508155198507,-1.2457867261206272,-0.1533862534395182,-0.4887693138087944,-1.122588456288258,-0.6778879024215181,1.4105677585603091,-0.7253859379581774,-1.5033017725832571,-0.381038945194857,-1.2436549825825238,0.3380858538292677,-1.0846829110750758,Case
MICH-01624,-0.0654777849944801,-0.0756620901713914,-0.718731696768827,-1.1376050413918328,-1.1810937404462412,-0.9955699767807438,1.274266171523445,-0.6800773866003661,-0.8622381671838574,0.2741370633709963,0.7712074374530509,-0.0717100141782716,-0.4113114296875467,0.2829905433584611,-0.5622237356984124,-0.4687866087308215,0.8192193668492611,-0.2400764122687524,-0.0059070798906424,-0.9181351742224438,-2.2022665829876047,-0.8587143905322091,-1.1572888296627526,-0.2478132940738294,-0.7443880353788301,1.123620897274228,1.9314369323135936,0.5289209144539383,-0.6820638063758849,-0.7827817096641952,-0.3288027821978257,0.8157485821514321,0.2625182941723646,-0.7901653733962739,-0.5382990745969287,0.7081603242177552,-0.8612083022666125,-0.9598989917924996,-1.949256653260884,-0.6786321153627654,-0.919637173411802,-1.217580299990258,-1.356300079757773,-0.1812377223670741,-0.5954723364432492,-0.0322020213503798,-0.345886391913334,1.0025757685632597,-0.5323188510539533,0.4099941886499567,-0.7457929921759996,-0.4481272201836045,0.1195722684383855,0.3896450901685035,-1.2673805219356435,-0.8407942304894809,0.2886572330471228,-0.3741401581210971,-1.431777588306118,-1.5746658514749463,-0.22206568273452,-0.0317538947245847,1.4478963931444324,-0.5689182811758303,0.4139720079011368,-0.7042106844372136,-0.5489514005118131,0.2983970489751522,-0.5097147954586403,-1.201241744024484,-0.9043923660153288,-0.960803266726942,0.4831739273374678,-0.6783443337799608,-0.0764342841815305,0.1102655663943419,-1.4299542157465932,-0.5372252507978333,0.013303298402247,-0.7034310280393267,-0.1109389828686056,0.2674059379367136,-1.3889025422687675,0.7101835381688848,-1.6788319735684205,-0.8618899130726628,-0.6096611431350503,-0.3053516318527747,-0.0257776337630154,-0.2575159443865855,-1.591979023028752,0.277997250555801,-1.4704357489592077,-0.9701282807801758,-1.33452868849703,-1.2873324502325556,-1.7365806131502353,-2.0646228609726864,-1.1885843432512828,-1.324605313992547,-0.9461880879289566,-1.1004723502876004,-1.278302865290702,-0.8715439090068445,-1.2764152715672088,-1.2059387022554549,-0.5147850054112266,-0.2446186296371176,-0.9617116511013588,-1.0552023976908895,0.1306038604400464,0.6715830898157438,-0.8650202561569933,0.6366695082244643,-1.072317166978176,-0.7362703366717344,-0.269780953012151,-0.1063990901716428,-1.3566329285795258,0.5751978367599659,0.1540670350293951,-0.8942715340401192,-0.8125190772109149,-0.7729456304869222,-1.279281478914461,-0.2577712896554817,0.5365452138777925,-0.7285210394178093,-1.03192573487967,-1.588130763849016,-0.6163827281226484,-0.4152526107423775,2.4384909479917205,0.1111560571268818,0.4267495750951598,-1.3379616749743246,-0.2460301703031432,-0.666560380601373,-0.4742931988931332,-1.1277747470447352,-0.2453510625199582,-1.1285508132602862,-0.6554837907251905,1.4220280013068505,-0.5823792962992289,-0.8490004842235952,-1.0605154589980743,-1.0846007920569816,-1.1371459630060992,0.8258954091298559,0.4286884361895463,-0.2872872600737374,0.2744178121706238,0.4591799094371718,0.0202577658335919,0.0333083034151203,-0.6111940453023257,0.0852923764966934,0.4916291182344016,-0.078245542769715,0.5152703105776926,0.3073686548688098,-1.7618831579146332,-0.1592076879891569,0.1273098862989699,-0.9725557813500464,-0.7712097209210553,-0.1587676417073568,-0.4447920316469063,-1.20527057057353,-0.7550748189680531,-0.5327430774313869,-0.8924075626537707,-0.591648471956009,-0.0047284854736638,-1.9312093592881248,-0.0940212360684715,-0.0029270456950255,0.7382745930365402,-0.9458652945423396,-1.2253464423696705,-1.044679983607664,-1.3675276050293252,-1.154206240288723,-1.566586095374667,0.5364716609210137,0.149686209674101,-1.5339314017389083,-0.7879688617271488,-0.5834689997886261,-0.6558427359719073,-0.0526783903025128,0.5709558464400785,-0.4615143595159977,-2.8023997370639173,-0.0956591793109737,-0.2006993769965059,-1.0152013925194316,-0.762171707672961,-1.0846829110750758,Case
MICH-01627,0.295578813277958,-0.3041266358416249,-0.718731696768827,-0.3963213062865143,-0.6193192569231637,-0.4500973656966896,0.0191561447716334,0.4817217748293274,-0.7886551996253155,0.0874035278549557,0.5226828303059735,-0.9821049532336904,0.7014449782112839,-0.5204192682269477,4.166788768107691,1.1048518512972405,0.9869627553548472,-0.0670908697165162,0.3906317361066914,-1.4168470353998606,-0.7932135933700816,2.149074892863956,-0.1704597742794794,0.1528069803493798,-0.6284547023245906,-0.5682297111190938,-1.615689380007769,-0.7106425460416812,-0.5443385445958197,-0.1464660273865302,-0.2902636272023738,-0.3334477772528075,2.4020147023671505,2.5232219963928486,1.444785614178249,0.413519612255214,0.7834694927155677,1.794249409021012,-0.0761628450353064,-0.3223329599882637,2.763488301360558,-0.9983889727077264,-1.0972733704738418,-0.6163794055930487,1.4590324052310226,-1.5079596406947726,0.2050147705031426,-1.1552594271145402,-0.5740459785690348,-0.7039385329735941,-0.609803541350869,-0.4676727197382724,-0.614221283724527,-0.6815500200263301,0.5903046723452117,-1.1760769074405852,-0.3884787092603196,1.548752700889254,1.216256299595176,-0.3859636177989698,2.71056103605666,0.5077473468254551,0.4650162599456353,-0.0093175537013833,-0.4746854289089348,0.8250090158428657,2.7416399755476326,1.172411043608272,2.5210525885006887,0.9107735368606912,3.836377383540525,-1.6525146276971838,0.9667009419453512,-0.1548016613946957,0.5758731119328766,0.5204987223029758,0.2365538978333513,-0.8173484407810948,-0.8639414559909195,-0.7034310280393267,-0.7424211879301437,-0.5965062618216502,-0.3562837381078864,-0.573834957160376,-0.0103627230011682,-1.2311152589567262,0.7417945174099333,-1.1198205740664413,-0.8301724906898509,-0.2575159443865855,-0.9759563043739948,-0.1970599694885656,-1.3641671248215357,0.9379101882797224,1.1088136680967084,-0.7954890470564785,-0.9000969439232192,-0.7842150794855283,-0.5062733931391186,-0.2483945141430882,-0.9972706410297542,-0.2254298481769978,-0.4811636227145716,-0.0338257463821429,2.1736857698593184,2.133257049117082,-0.7134390075672625,1.859567191568643,-1.2321478873867888,0.9553367193322104,1.3838642361857538,-1.4044539399657778,1.843797019714404,-1.5400732894788096,-0.4716982865418433,-1.2157386657434273,-0.8131005132653077,2.786915046871918,-0.0082957018971347,-1.2712579218345268,0.5880583519477728,-1.1045666365968,-1.149350764095269,-1.0448904292477394,-0.1440050742931962,1.9147681473779072,-0.190281605301403,-0.5985582290348037,-0.4074497811750311,0.03593128817961,-1.1271523384442856,-1.0469751571073214,0.0251711576933745,1.2081036957266993,-0.9920855371248108,-1.0663026553435666,-1.44945354115606,-0.4876887430933422,-1.537943419856576,-0.835536408427317,-0.3635448766326462,-1.1285508132602862,-0.9786470588115608,-0.1279696461885843,0.6948475954680187,0.001913294352397,-0.1843995267913401,-0.401531014867015,0.0070627761213969,0.5451036350467476,0.878947500848277,-1.2838653785212777,-1.0985570313233664,-0.3490891669433367,-0.6239953140057811,-0.2136018778086575,-0.9072036592895912,0.1209947456711073,0.6535983068133733,-1.160376754593784,-0.3999324338705592,-1.0360035234898264,0.1206983974066671,0.172929108169793,-1.193983635568139,0.5116288289161576,0.0501467555504175,0.25181362194316,0.8149412014439392,-1.39408395977226,0.1284740068059068,-1.251262377307919,-0.0452826874688186,0.0403377293185975,-0.6676379445598994,-0.765703132914787,3.379114602390555,1.3701784509911623,0.544039891895002,-0.1055538456752043,-0.5007104784555637,0.3046309119322212,0.2090853724573512,0.0644060495609036,-0.9298346780043312,0.5008002284205011,-0.2839297588923475,-2.042293372762772,-0.164950332950629,0.5914300665442921,-0.0558838599357688,-0.8249254625765795,-0.0788917109582148,-0.081509913987442,0.4196268513907299,-1.9520497019909775,-0.917581720074998,-0.2444427048913121,-0.2461614015362868,1.3480207005853528,Case
MICH-01631,-0.4027848095888939,-0.778147797194838,-0.718731696768827,-1.032335614492147,0.7807024402880172,0.4378470373696916,0.6073888504149959,-0.6800773866003661,-0.912064012982508,-0.3344528223523304,-0.175356885007203,-0.467760428428851,0.0471778880515525,-1.9638550767991436,0.8729271546392624,0.6557252031876899,-0.5814109924090112,-1.3606069098388327,0.1770395992213234,-1.140840843466811,-0.4917910848250024,1.938099772907792,-1.4060773744175905,-1.758387118014641,-1.369953958482671,-1.5257705895452611,-1.3765954946490473,0.6594069395773483,-0.0576820588165847,-0.9707950955853908,-1.2104145758723768,-1.1705956497260248,-0.1957114058230527,-0.0370531945967321,5.726555136537696,0.3786076898347649,-0.1380002998441526,-0.9598989917924996,-1.140523673054807,-0.184956973934175,-0.944119644238244,-1.217580299990258,-0.2750815158051763,-0.3634551100067265,-1.0874164531988166,-1.754193092861417,-0.6338124375134911,-0.4994819011017876,-1.7458176106821583,-0.8511378610819109,-1.2844767072391945,-1.134879079320119,-0.614221283724527,-0.9301055354010797,0.0399714971739679,-1.5757943716830225,0.1861241203284131,-0.2931066699764096,0.6987708197726736,-0.941975325690694,-0.858651654732942,-0.8108530210480299,1.5022712880625242,-1.0505645195268276,-1.006621217700255,0.8375463325308771,-0.8773535687936511,0.1850055726854394,-0.2903476262904316,0.5926315127185954,-0.6323371900408067,-1.3417495175174092,0.2908439085069452,0.073330547085556,-0.3326507745439312,0.6802599412023644,-1.6162948974994455,-0.1921697404725778,-0.4779341509607483,-0.7034310280393267,-0.5626870093058473,0.7547778985927145,-1.0858493471853798,1.049632934465243,-0.3822435302651781,-1.1891478946725582,2.4716826660903464,-0.675093755939689,-1.3259447404788407,-0.2575159443865855,-0.3977087016861974,0.7823954680743905,-0.1533869059745635,0.9700210351410298,0.4337268928425324,-1.6698190636974992,-0.9356771747624424,-0.7842150794855283,-0.8404848331151948,0.4720036510753903,-1.3752945562822043,-0.7678404495389829,-1.078540496557309,-0.3630319069574942,0.8559076062414972,0.2394265687445159,0.2497655328850171,0.1464760946433471,-1.589499909735916,-1.191085707030411,-0.4279919403891435,-0.8675549818092211,2.0264895005751504,0.2955365389351528,-0.5451512305699602,-0.970948365940669,0.1066125483170551,2.224463262201384,-1.3047865742654758,-0.282237996318794,-1.4759945791960252,-1.454760276810081,-0.9789989358148428,1.054679900103218,-0.2841668455037875,-0.7167499855182062,0.5567953573942119,-0.0304232275140793,-0.83860662289149,-0.8811246545707864,-1.1271523384442856,-1.2171046709733144,0.3277455279379473,-1.2566949414052468,-0.2110625112897762,-1.5457426456409824,-1.44945354115606,-0.3688544359905624,-2.1293477899706628,-1.737428224722725,-0.3158822732129934,-0.8559771320590985,-1.2855974159979129,-0.4020401395655946,0.8646433459756798,-0.3497009341552091,-1.4224094740008384,-0.9215436838972018,-0.8760390493700162,1.612082500955865,0.0422142786602136,-1.2838653785212777,-1.019039594881502,0.3860856176677127,-0.4107498576580285,-1.6578501187297852,-1.278877217113089,-0.3577068148895742,-0.6343231260791038,-1.4543972625427468,0.4320053739548076,0.6960041764702422,-0.3277537040373629,0.622043543410815,-1.193983635568139,-0.4158776876639137,0.7698215537730724,-0.8461311523886517,0.550684957612466,-0.8974294121083224,0.3570422087602849,-1.251262377307919,-0.9917167958754808,-0.1036184899292012,-0.4393803685988541,-1.9312093592881248,0.0452578961376119,-0.207621712614643,-0.5622604946242923,0.2385617725715717,-0.3281422457194419,-0.2825971254128957,-0.9248176456244528,-0.8024629790078117,-0.7687503439503796,0.8847337920656063,0.5477614162203381,-0.357035947162608,-0.7384966391283914,0.9534199582511164,-0.6558427359719073,-1.4261360807306822,-1.279455094404913,1.0054878263339593,0.1689086742418858,-1.5907197337644283,-0.917581720074998,-0.4929350967841735,-0.2720405465065003,-1.0846829110750758,Case
MICH-01640,-1.4527783731585409,0.5735895549842435,-0.718731696768827,-0.534053171847298,0.5802439691362609,1.0561916469098194,-0.0274991691772222,0.7908108538672074,0.061070595022598,-0.2651401035996075,0.5226828303059735,-0.9821049532336904,0.3692351060627086,-1.3350880981600544,-0.2608449771888285,-0.3112628726719228,0.244877822767001,0.0619927898080484,-1.3456322261661116,0.2227001353504723,0.2737234462223381,2.7709029226317865,0.2787189040089052,-1.107011208679874,-1.0789194465314098,-0.0548344891051473,-0.5638248683324805,0.3299984197300775,0.1964345103674245,0.8543258294967053,0.0379964359226819,1.2326575491721607,2.18208003719421,2.108367778514036,2.754788575812654,1.341505326591285,2.085633382618824,2.920839826203488,0.6215845413260771,0.4005769315413705,0.5135098585816142,-0.3432812120533683,-1.3832662746948534,-0.6488435909563204,-0.3278388938443411,0.5858935005990451,-0.8423542906164844,-0.1931804671711596,-0.6159980512543592,-0.563176245522426,-0.6393587994306041,-1.3298407950049522,-0.614221283724527,-0.7924350212251733,0.6055111308305257,-0.3831978873775255,0.1328244301789907,0.6445194429764084,-0.0387534428882887,0.399778243140881,-0.1215960982845054,0.8297355937091503,0.7514768461253338,0.7547520318159451,0.1582713472038479,-0.7697076742420447,2.21799622857489,1.427623701966127,-1.2867113447150655,-0.565112803677339,1.2164694321774516,-1.0855767043654176,0.7905204376982309,0.7662759493870527,1.387943985863633,0.1396830480545942,-0.5971209659915763,0.3836805149341814,0.013303298402247,0.3323144010698809,-0.8557708169860913,-0.0323285946405373,0.0635224848969659,0.1274040068648746,-1.6220282906152783,-0.3971731731531886,-0.3585092138690735,0.1457752265595462,-0.5384869881356456,-0.2575159443865855,-0.0473715114938721,1.076583911574649,-0.7073842323879312,1.0654928108713837,0.0338441547719865,0.1642604850584196,0.4297651996301528,0.0903148946604731,-0.2754585951305072,0.2391341724023803,0.053105257324012,-0.492440583558441,-0.8347270594173496,-1.9826119271863512,0.3306745468706843,0.3250824844608246,-0.3778826365504701,1.0747583212282992,-1.0281156720902307,-0.0265683426065998,-1.1538229449748745,-1.3412391564066637,0.7286110964419092,-0.3050878588347097,-0.0652364988620944,-0.835662138517716,-0.269780953012151,2.655254717626726,0.6793221097302384,-0.9447343763796544,0.625374925770308,1.3087413577038325,0.8384042192189691,-1.2021874965968284,0.821783741829947,-0.39766707974283,0.563497729360613,0.4530982453174491,-0.6556182122121241,0.0640730431523191,-1.0380561643992086,-0.9474001243080972,0.2586425901313551,-0.4835660487731296,-0.7149547374948023,-0.0981859171998113,-0.7213603058365577,0.188040594346645,-0.7698900518859135,-0.2194788284162426,1.8014584844101995,0.4181725930429352,-0.6241283966254504,-0.7260904010493104,-0.2302542041966752,-0.0506432905883852,0.5751063025677156,0.4833503398211323,0.4187844265795101,0.7911668393395556,-1.541986316858505,-0.264038075947598,0.8400663899958177,0.5017384357284478,-0.9436487658270228,0.555807330197056,-0.2686165129746317,-2.368766038622688,-0.6343231260791038,0.5330102404005574,0.3288981496120149,-0.9912796890011316,0.8388957265559003,-0.2606289109604937,0.9413675363614044,-0.3963190567251896,0.1288283210589925,1.1507327748448544,0.2652664707587944,-0.2483329546047721,-1.1027166644880029,0.1393825950448867,-1.0921481910715205,-1.7836493052310889,1.3284498008320904,-0.7338003786647318,0.7974072832717044,0.0220820985260713,-0.3463860097276943,0.8226778406767333,0.1744978521295423,0.4252998616519226,0.4666949256396949,0.1194062924803254,0.306200335562177,1.1716798388263965,0.3148132338806229,-0.1877429965872633,0.2867911387261094,-0.3389964366775756,1.6517125451191756,0.6600184468524375,0.3068116843471958,0.7087579465972348,0.2533157688505315,0.1472650013550184,0.1657474357675258,0.995743494082592,-0.3769085606020332,-0.00933096479703,Case
MICH-01642,0.6244970856498763,-0.5269108115194614,-0.718731696768827,-0.6058000342372414,1.7769133299431732,2.5764506747545504,-0.1462098228664712,-0.6800773866003661,-1.7772002787953358,0.1921057562196577,1.3342206235229634,1.1410199214474657,-0.5005047255161978,-0.8759765056871376,0.8729271546392624,0.105203234226351,0.213479819410113,-1.8776089308320327,-0.3086113533142859,-1.4168470353998606,0.9907666234808448,-0.6040133094628675,-0.9524021352455948,1.2593371688612585,1.795069089521257,-1.5257705895452611,-0.072042375633545,-0.1673733382017171,-1.8727812565442457,-1.2035920386538743,0.6405993739320575,0.8683990003783907,-0.0628514686053912,-0.9378677057543175,-0.1290872390572738,0.0188375572317368,-0.8612083022666125,-0.4610457812659386,-0.849074716260496,-1.016359699237097,-0.2036690052388901,-1.217580299990258,-0.1771848750181719,-0.5201405912574879,1.084874758376028,-0.5760083259903257,0.6840004804433928,0.246905884825194,0.9073039895829492,-0.1897265043329848,-0.5661478636830222,0.9352093494695296,-0.3737032270033593,0.2906027440926358,-1.2673805219356435,-0.8879072084107097,-0.3423271655104525,0.9023900279999818,0.5648215888384283,-1.3052261565663985,0.6826160710625322,-0.4190622482490723,1.8084412834432368,-1.8796087442948848,-0.4746854289089348,0.2253860887994145,-1.4521252965564946,-1.4260976668706051,1.2289232138552877,1.5372189198666004,-1.0524082753867352,-1.2553499709866005,-0.1160434993386332,-0.8266573266683115,0.5194528481225082,0.2681606264433793,-0.7520493629582446,-1.0242267605409214,-1.1165347031811683,-0.7034310280393267,0.796014241288128,-0.6106389281409644,-0.716215135431237,-0.0625218115074389,0.8297120692647241,-0.5871932702918853,-0.6096611431350503,-1.2125753986485204,-0.05547791981718,-0.2575159443865855,-2.313323644985074,-0.925527758485064,-2.0780834363700404,-0.4430323275430244,-0.4034260933142043,-1.5386969338646717,-1.7365806131502353,-0.9613275209220252,-1.1885843432512828,-0.5304904352351121,-1.0230696255488327,-1.1978752939862027,-1.4269441722816771,1.5367660079706278,-0.2202829448556575,-0.4010101205385695,-0.8343824057650615,1.7088948038869047,-1.4438330721256485,0.2940043511838102,-1.7331928493223352,0.5551962908560292,0.2052753822591351,-0.4400540887314031,-0.6976967142020669,-1.4715521077090956,-0.8131005132653077,-0.4015999705015272,-1.049994798023543,-0.8506219768458141,-2.247529392545764,0.1342388414708203,0.150123727155174,-0.9526924451985304,-1.765934911190484,1.0461666747168343,0.0609554310820342,-1.7505175604546697,0.0406935213935515,0.7729284301405455,-1.310603604595906,-1.2517801054321718,2.289099485429372,-1.1019389789040377,-0.3872441325257868,-1.133653529822307,-0.7837433232719908,-0.4532262446981723,-0.5158444208319676,-0.835536408427317,-1.2068539200861532,-0.3780068160799401,-0.4092256368318531,-0.0667316450222718,-1.4740671144308108,0.5236143744911768,-0.8201670593083089,-1.391208001964978,-1.4058663864335,-0.2606157448145965,2.105275782513458,0.7035237355155578,-0.4867600656228892,0.0710688642744273,2.371335393711172,-0.1198720673731462,-0.5946996060698482,1.5373314106785705,-0.9358654673606048,-1.0646318358463367,0.0119586398169241,1.1897059781521848,-0.6345354138427082,0.922622527734448,-0.870118009026852,-0.0636274049410315,-0.2609656687942101,-2.507970264331634,0.0788862717455928,-1.1430275950604043,-1.6805021398253912,0.228475785626996,-0.9419234784967444,-0.4755774139252755,-0.4768929310226286,-0.5768711193665931,-0.0009373103463088,-0.9980241564402056,-0.0138082216631438,-1.0653692685487148,-1.1877343013211976,0.385702165309153,0.6461827383637904,0.4816253811016736,0.4431205706510236,0.5885606055614162,-0.3259896129932516,-0.5845301985455212,-1.5643503025693393,0.2973239909962343,-1.5338273885700664,-0.4245708492088844,-0.5951463628425039,-0.6877560971730056,-0.8681389819930015,-1.2895379470617605,-0.917581720074998,-1.7218324807003935,-0.3769085606020332,-1.0846829110750758,Case
MICH-01643,0.0096089135144104,0.1458678408058811,-0.718731696768827,-1.1376050413918328,1.0861033268134268,1.0676677160214645,-0.4955387901501056,0.5172618641733788,-1.7772002787953358,-0.8522883136556586,0.6396464702270528,-1.123236532873535,-0.3024934925390368,-0.2925237487195775,0.6436707211962042,0.5223447442932732,0.529672770737676,-0.9316856207733032,-1.256968440839132,-0.4911010115254751,0.0734154748246101,1.677809017144592,-0.7223682296190095,-1.0728512776704675,-0.7148668082357293,-0.6093932854527785,-0.7835228994338738,-0.7106425460416812,-0.916702550004192,-0.1464660273865302,0.740692465632439,-0.2532676960752617,1.2415881092050398,0.2584912515314787,-0.2436268088943671,-0.6571835843714959,0.2430226481989093,0.013987898411177,-0.1869282696612648,-0.2532927146671354,1.1878007304344291,-1.217580299990258,-0.4793087496142346,-0.4255853413497693,-1.3054631192940729,0.2813037776641958,0.2156402212856688,-0.585930559922404,-0.4084633353391356,-0.8700201701363934,-0.5517721844194237,-0.5469621530048706,-0.614221283724527,-0.8377503326432175,-1.2673805219356435,-0.4278885932622199,0.6740113644773482,-0.2731134684378127,0.1040130280529724,-1.190367001495869,1.0498864408211117,-0.1574433318170637,0.4308387406951636,-0.093982661206306,-0.5506774146137948,2.2082295420788487,-1.4199663072377366,0.3902953831154275,0.2051510664692326,0.5533646042250734,0.1496379195289859,-0.5597356918292923,2.5683725776784017,0.2957445500058272,0.7146167583936628,1.6400317331122882,-0.3499768060415292,0.5208172453868662,-0.623033087303699,-0.7034310280393267,-0.0811738103983474,0.5457601774739644,0.4708573541327895,0.7030539676562506,-0.8891549455621406,-0.7823358150813533,1.5164666857327669,-0.9425181045148696,-1.068263442840487,-0.2575159443865855,-1.2509902413839251,0.3837417638216673,-1.8802764775748693,0.2985283308490182,0.8577194874934184,-1.1667013882830428,-0.9356771747624424,-0.5448178568556893,-0.7436277166394095,-0.2237371441055666,-1.763211251363585,-0.3579186382407475,-1.4878819783778174,0.310796579546401,1.1449551664963693,-0.8076720694138092,-0.5928159297693044,-0.3490343272185165,-0.2204149172302021,-1.191085707030411,-0.7212134807662476,-0.5583459503258288,0.8807820708325306,-1.241060641103548,-0.7569671114513391,-0.574386078040422,-0.469606154030104,0.3975350012692611,-0.373131476830128,-0.7528540074710013,-0.7464960600296392,-1.0435404815973928,-0.451222905370246,-0.9832483104337496,-0.4265594014698546,0.3022776632125669,0.9332045114855458,-1.26281465706402,-0.3708169716007026,-2.000870734185609,-0.254413750964705,-0.7219266891437959,0.3082352198260411,-1.2959847195023593,-0.8891397446097123,-0.2857725056224641,0.3984060229302423,0.0622800846592805,-0.1894477366979535,-0.4951022301231492,0.3018676442276783,-0.4394361782806427,-0.8472310342086113,2.103360925185933,-0.0507120819558501,1.1876873923225006,-1.4224094740008384,-0.0900671583428851,-0.3750212685044469,-0.5969607321765202,0.3442705274986011,-1.2838653785212777,-0.9014609771154048,0.7265753388247803,0.0202577658335919,-0.0275173160697041,-0.5619932239713024,-0.3197194835813587,-0.9049001688485266,-1.017168936942828,0.8364115283095634,-1.3417874152252995,0.3398789140409267,0.6869768493771947,-0.5285973927843013,0.7908483394812427,0.4096734496261442,-0.6948892744239078,0.504673642021467,-0.191132470489333,-0.7928565136916266,-0.0792963685293202,-1.0417906404657502,-0.0207464111193432,-0.0399025915804169,0.2310509489479647,-0.0473629178154193,0.1937382792017601,-0.0861473485646352,-1.0250468109350768,-0.2651054521772263,-1.458882480472635,-1.464606537677014,-1.199955106214912,-1.883226363603921,-0.5389624134952954,0.6509549175763281,0.2634642672615469,-0.3995403988145319,-0.3867403015150618,-0.5441639589340406,-0.8452950983690113,-0.6279323614821566,1.237560062768158,-0.5850188506932446,-1.4169903976139264,-0.5686404899693377,-0.8371702166235703,-0.1439551974492654,-1.0846829110750758,Case
MICH-01644,0.9840896067586504,-1.1452928578067878,-0.718731696768827,-0.7556202556873152,1.5221930980284073,0.9252588105876478,3.127816581884093,-0.6800773866003661,-0.6220978254121557,-0.698115076811987,-0.3081055068823322,-0.5689451660726405,1.1913686898404672,1.7534142835503317,0.8384472107247134,1.1930344380694549,0.1658385378461689,-1.2291261320976952,-0.954942061111278,-0.9181351742224438,-0.8707225601023392,1.5323522604488342,-0.288545601624648,-0.0440991739760235,-0.6284547023245906,0.2176097133419509,-0.1787000409080525,-0.7106425460416812,-0.5443385445958197,-1.047500375976954,1.1136175129284485,1.5450448840722093,0.9224017071539328,0.2229242414852972,-0.5382990745969287,0.0406092712541158,-0.2525861398380837,-0.8293923027195405,-0.4137202543878734,-0.7522245535571488,-0.6337247063414866,-0.9565341452414716,-0.7863813838230589,-0.5520301859059119,0.2135593799074551,-0.8586285076864975,1.7071801503791617,-1.1552594271145402,-0.6581775075577737,-0.4118438427002622,-0.6245352768377597,0.5170473905468244,-0.614221283724527,-0.3878875076919317,-1.2673805219356435,-0.6089852090912862,1.497129902983286,1.7420398942027862,1.4237396030532274,-1.1620953621035202,-0.22206568273452,0.1148867594608384,1.1420516142211967,0.1751475418559492,0.1142449030286716,1.5715834699917854,0.587273063665364,2.032654175009732,1.8229570760289595,-0.0910662113227831,1.1065192087122222,-0.1796762836126592,1.650930515421593,1.291988215233958,-0.7040824457591419,1.5897603598968415,-0.2547241966756233,-0.4203856976967522,-0.3089880441179558,-0.7034310280393267,-1.335802876370311,1.149518240031736,0.2006496171340425,2.524668248923656,0.0072155484470913,-0.3971731731531886,1.7774580713263597,-0.7548612404820593,-1.259510660686988,-0.2575159443865855,0.1951353092428761,2.113150837353339,-0.0171053546283587,1.4049843465079863,1.0737573967998195,-1.8739166936143947,-1.0074813079807716,-1.6871426664962246,-1.1885843432512828,-1.324605313992547,-0.606498086909314,-0.6290590589925006,-1.5186804795459583,1.1872787738144093,1.6428925835727202,-0.9893279645395904,-1.049059437044244,1.1791740188096989,-1.0281156720902307,0.1958567300329455,0.8489770905808428,-0.0585894010282059,1.1297215036470143,0.054159429332764,-0.5825649333900649,-0.6709621105465913,-0.125167326749753,0.9596823078240264,-1.5670954067116871,-0.6437419518780294,-0.6447192714062822,-0.8068793790087904,-0.853785656585416,-0.6563948939930222,-1.1227735215237904,-0.0339561900909645,1.3867148049041338,-0.0922465076331112,-0.1933091154281068,-0.006776034984485,-0.8647990345997295,-0.9146103748263648,0.5832393734359272,0.3584814422497034,-0.0421109257164185,-0.6698088886032467,-0.4786099412736313,-0.7604012853438349,-1.0770818543925498,0.0492011745822165,-0.584717696211861,-0.1095920183051371,-1.14718226789141,2.7013231117993484,1.5809137715531207,-0.2116095356864111,-1.4224094740008384,-0.489711068859252,-0.1343690164194695,-0.6713853615310323,3.118944920192388,-0.7557330002871044,0.9299785414962248,1.7332601730498045,0.8407925125650136,-0.6367080182242835,-0.6612555659183461,0.7674024756536035,0.1765339699829594,0.2125970370458833,1.4965843772436591,-0.7139290671361868,-0.947879794485861,1.295512051226838,-1.142274008033307,2.85801536480968,0.463345098520255,-0.2669343946874035,1.8407658418223003,-0.3636101944320873,-0.5325866048492497,-0.6673852481836742,-0.7454937400058544,-0.0619752668740831,-0.5906939324813564,-1.231843758644432,1.2535852670705443,1.557301769161049,2.718733809224216,-0.1666038022710656,-0.7790904232315118,-0.4017145029996846,-0.8118639179254683,-0.3920203411414643,-0.418435763729699,-0.9208936795269002,1.5479651120214322,-1.3765211886338975,0.0184524781043323,1.7106719658722005,-0.4887693138087944,-0.3712476240132629,-0.4370608545380101,-0.5255724162605102,-1.4133615844442613,-0.5333607109906602,-0.8544303853879724,-0.925674209467133,0.3380858538292677,-0.8365291520737258,Case
MICH-01646,-0.5081450091410457,-0.9752662108668412,-0.718731696768827,-0.5059078830944961,0.1826308592267626,0.7106284726193994,0.5038786784976463,0.8560376046625183,-1.4195648236336216,-1.5896203749600095,-0.6481699997854254,-1.4235289096142527,-0.7804154093073528,-0.7555507629065413,0.4774320322952132,-0.8072407804262232,-0.6415534730884819,-1.2033901807488627,-1.6183441322419698,-0.5746407641620995,-1.1899871980917045,-1.194714642742014,-1.3338736629943646,-0.2182765324971241,-1.2565721496778317,-1.24241720279403,-1.4943841404848888,-0.7106425460416812,-1.5590447607044244,-1.910733782598848,-0.2144893384939587,-1.0900493224602283,1.407029800713811,1.6001344977305785,-0.3100949764877387,-0.233135060772147,-0.1829994665152809,-0.5558908714284521,-0.1128951467220512,-1.8340624706436528,1.527100426859615,-0.4800996336106597,-0.1197090425906877,-1.089642690482337,-1.5673070419422523,-0.9737982565093988,2.589477288465162,-1.1552594271145402,0.0681401072040753,0.4604960001229104,-0.9401187236984012,-1.1586649880279412,-0.614221283724527,-1.5119604164802671,0.4338719682102033,-0.3387357794532879,1.937778097547227,0.0517082514067939,1.0040890067100503,0.5381064921227936,1.1772641278053155,0.0421219106463981,-0.0252380307071283,-1.6876310438865438,-1.208268088049446,0.3766071743215187,-0.8773535687936511,0.3354318553200968,-0.9939167027035232,0.4125990773450136,1.033191472373391,-0.5208215171274143,1.740212254359347,1.331166442993902,-0.739032888856364,0.4433802766116075,-1.1352523838025312,-0.1548176575993326,0.2425747090449087,-0.7034310280393267,-1.45137561154417,2.3761490353537997,-0.716215135431237,2.5446097875050446,-1.2487032536282887,0.4178923557718279,-0.4413605883929924,-1.3327161826521674,-0.5559430595711594,-0.2575159443865855,-1.476941063219206,1.129563167023723,-0.4374271295242798,0.0476822650456039,1.4941466939077777,-1.3488762124058855,-1.2282350992808342,-0.3470386698201355,-0.9879029578619316,-1.324605313992547,-1.763211251363585,-1.0521737446681283,-0.6795981863381807,0.4260425355897587,1.9522245475146625,-0.7364424417889073,-0.6197809711278724,2.2843570310360426,-0.6721981056738265,0.2663050054971663,-1.338949505069832,-1.2392308948138966,-0.6887994646684623,-0.6640457554854409,-0.7569671114513391,-0.2336884752173575,-0.469606154030104,0.3287246608449319,-2.1161355036465124,-0.2354517018122352,-0.1474636412895938,-0.6367087055651687,-1.32375896709653,-0.1876502069037256,-1.9342184319546896,1.2142237164444536,2.580568482712499,-2.4832524997719627,-0.8806333470378667,0.5900589755430244,-1.0087306281416262,-1.0805770417340497,0.0363724384458174,-2.093149537174663,-1.317329579850835,-0.9993208286042086,-0.4786099412736313,-1.2825824218871476,-0.5996140639096728,-0.720846786012294,-1.3848821000569371,-0.0228952245021861,0.0542062226358347,-0.1073773901676477,-0.0759584192880827,-0.4343686045899348,-0.3678168527056293,0.178197030402072,-1.4058663864335,-0.7608792185005954,-0.7380001218945977,-0.264038075947598,-0.5974034430473893,2.606406148344247,-0.97665462276869,-0.4378893060862381,-0.6444709002990858,-1.5130252335398346,-0.9049001688485266,-1.1123667299243385,2.47872235799384,-1.416382826899734,-1.430834238198992,-0.9880330383190192,1.4204145682338256,0.2846034161207771,-0.2393812298723558,-1.0021149199262875,1.4128035233343068,-0.4216929520828681,0.1615890601135721,-1.2039340690588831,-0.1355178168846306,-1.1449312327491468,-0.5906939324813564,-0.4847152975109089,-0.0473629178154193,0.265543654518215,0.6598488752851882,-1.1475390761786453,-0.7328078231152961,1.235989782362406,1.394531850202612,1.251255524302774,1.1546749348518486,-1.0398461868533264,2.630968097859017,-0.1877429965872633,-0.5916773142814051,0.4567974768018852,0.049590431988549,-1.100386244082177,-0.4679294982439452,1.1336149921419634,-0.9162676823054544,-0.6473217076289413,-0.211447430793915,-1.7218324807003935,-0.8778890478415069,-0.2435326157677696,Case
MICH-01648,0.7634739244095848,-1.0817537867571372,-0.718731696768827,-0.534053171847298,0.8333459220706063,0.8879605452919095,0.2677783516506645,-0.2005266420703224,-0.8130312920110606,-0.1296575898024451,-1.001303112185763,-0.1804331188970469,0.3142172278709433,2.167266076007449,0.6617489294133623,1.87873332466204,-0.3882108711836946,-0.2598142489853524,-2.935801131942542,-1.3701559455664094,-0.4184946472709711,1.1168770239850707,0.2516643672161354,-0.6143089019907017,-1.028128942336464,-1.0732369383238405,-0.4236929213774553,-0.7106425460416812,-0.2314300380989104,-0.7458028889515221,1.3213297571274585,1.3070148018025292,0.8356272212548524,-0.3820809903270393,0.1048980855656541,-0.5001336441099872,-0.1158985697859072,-0.5558908714284521,-0.5298599715992991,-0.8266347022422215,-0.7265290949499831,-0.2936476795126271,-0.7183221094909633,-0.5201405912574879,-1.0268790041672624,-0.1387768652522231,0.2576579374478896,1.7706496739893305,0.2207350087955113,0.1171174202809822,-1.3040584447717565,0.0081522278719838,-0.614221283724527,0.1017314218645809,0.1828846081548237,-0.5179652868771827,0.8889575600855716,-0.0222783870174467,-0.4304189452868893,-0.45793574619907,-0.3414497098447321,-0.2603997959276227,0.6908662622023575,-0.6170886998473075,-1.0348949553593827,-0.6401967735297899,-0.2676754876859282,0.7857955472262937,1.7239197743494896,1.187393317411992,1.9097262498632777,-0.5208215171274143,0.9099739766651938,0.073330547085556,1.460931557015506,1.1188712854448075,-1.4299542157465932,-0.2297138657469207,-0.5066323777429442,-0.7034310280393267,0.3709500213498231,1.8991149790472344,-0.8628753457470935,1.2709577573414066,1.1459391164825077,-0.7823358150813533,0.274455776509706,-1.1891156438713142,-0.7360706221326988,-0.2575159443865855,-1.2509902413839251,0.627358258232781,-0.8637964927348739,0.8079971610641185,-0.5504535880563229,-1.0203003658330234,-1.11683613691457,-1.1810869474260322,0.7517094539170797,-1.324605313992547,-0.4251087202666161,-0.7678404495389829,-0.9957112167113756,0.1114814681993745,-0.4164367735599207,0.3748267483178966,0.0461342503551853,0.8721356691407582,-0.548143074996795,0.7041096131518764,-0.9180436599003936,-1.0281694412749758,0.7795738312198016,-1.0513996284355387,-0.8174349711101009,-0.835662138517716,-1.7138667674617318,2.0646604447672376,-1.201992081729109,-0.0506869562574491,-0.9849373145327234,-0.2874026331270414,-0.0325490434162979,-1.0139802911383051,-0.8678614042110269,-0.0999275163370763,1.2658183169586166,-1.1270107012334256,-0.5197593524581139,2.198630398401395,-1.2179786429738384,-1.5009176859922675,0.2485804273800169,0.1111560571268818,-0.7887050771739752,-1.6862516960198428,-0.4195452337957452,-1.0833718417060998,-0.9880764992528348,-1.1871956924581546,-1.149090362981257,-0.6278582023785821,-0.6870082174155695,0.313449004487878,1.1285027860026693,0.1310052808156002,-0.3678168527056293,0.3329433139016823,-1.1371459630060992,-0.7608792185005954,0.878947500848277,-1.2838653785212777,0.007270383554196,1.6346668571604217,0.1025689331995201,-0.8768887464903934,-0.8169192857631453,0.3660226137718285,0.1765339699829594,-0.5121830412351016,1.3654574561720298,-1.1504222493988183,-0.947879794485861,1.0746188018451377,-0.7068091480149167,0.3621172336645141,0.1482371293656365,-0.3775050489953555,0.8149412014439392,-0.776603966483543,-0.7174968001378343,-0.4953481567639125,-0.7454937400058544,-0.274507278793708,-0.7064403441527594,-0.765703132914787,-0.4759544013082307,1.1758005083381742,0.5203184198789583,0.4365664908200238,-0.6283410908818894,0.067544627840963,1.018452933206356,0.5512087783836153,0.8072990494861844,-0.6566301460624269,1.085100535755243,-0.3080110791677814,0.2867911387261094,0.9186237659979668,-0.3788539187082159,-0.4787953545670441,0.811052106848285,-0.925455433886475,-0.8681389819930015,-0.5711364728533708,-0.5686404899693377,-0.6631400819345423,-1.0566113466851856,-0.028255671128915,Case
MICH-01649,0.1909144818390666,-1.1452928578067878,-0.718731696768827,-0.7097468711244622,0.8505631565550137,0.6829215725351535,0.1563997094094877,-0.5476014114497235,-0.6689753253269436,1.2390862194600254,-1.001303112185763,0.395807357649043,-0.0728434355026671,-0.481946350540766,0.715529385357216,0.5524342940887748,0.1976726307716342,-0.3398531183312802,0.5639256010690703,-0.1259613440145778,0.9014513328066888,0.7892100187575526,0.1421360372638277,-1.107011208679874,-0.5450930803908907,0.7773272891048874,0.2125135186275666,-0.7106425460416812,0.6433923339701609,-0.1128236562898497,0.0725624077313647,1.7796647795255724,-0.2187424222016709,-0.2357424879103847,-0.5382990745969287,-0.6031639847768788,-0.1944197167993953,-0.6379761977992526,0.4534000550681873,0.081619294440977,-0.8601588358971246,0.1032622977716384,-0.5429247423199016,0.4387951822785595,0.0477704279899073,0.0733228070179494,-0.2923861665435854,0.1948443719622473,-0.2463305827283853,0.6901207444530948,-1.226680318228497,-0.4093598854471602,-0.614221283724527,0.595434416681128,0.1122737713501817,-1.127380291860311,0.4716455542742706,1.3189623835795277,0.4289356755268543,-1.3343953142578389,0.0159934567582632,0.6174747530315653,0.2517885393853089,-0.1803935634808053,-0.6279395200057635,1.5229220228850822,-0.1454292372004292,1.6662998426314053,0.4435807133524291,0.0918947329825803,-0.5530595043233385,-0.7977070503707312,0.8458574455084715,0.073330547085556,-0.5663068657964376,0.3369319244462,-0.5971209659915763,-0.343518500770946,0.0651317358181679,-0.7034310280393267,0.1467060295762873,0.64125291753248,0.5375854612355997,0.0095738544331639,0.4507260673774705,-0.1755431073461004,2.7072185907302373,-1.0298557954170695,0.202203377821174,-0.2575159443865855,-0.4488361753316168,1.1991977939285468,-1.399343717661203,0.6756670091256287,1.6522695160266017,-0.0398371448584762,-0.4889221310049447,-0.0313883715824451,-0.8893365590660202,0.0376382346634095,-0.6767961092072616,-1.0041397902704423,-0.8611393659771742,-0.1191478546423825,1.876450545987397,-0.6273341890659038,-0.53176850981045,0.796876303081416,-0.6721981056738265,-1.191085707030411,-0.4279919403891435,0.1934239440019458,0.0974885007729884,0.3190328155814588,-0.4716982865418433,-0.574386078040422,-0.8681878860379675,0.4050301775890589,-0.1888425054372919,-0.8305251074082253,0.3766683615020239,0.9614791538613102,0.4678756499966123,-0.9526924451985304,0.0848260716569904,0.8177585029819855,0.8773145857396896,0.4530982453174491,-0.500783486495824,-1.3784415696917327,-0.8647990345997295,-1.182649399487029,-0.1627835699442121,-0.4146474503824143,0.6600539050619295,0.0252914235317538,-0.7837433232719908,-0.8972101455715011,-1.0770818543925498,-0.1651986496124267,-0.0850831924398845,-1.1988108617932351,0.4835929493454357,2.3831502656943964,1.5266125473351928,0.499933870096162,0.7310073173331899,0.4336817829154538,-1.0318138723110002,0.1138575515110761,0.6771559545902346,1.0890298601313932,0.4999521696592841,0.6108257626533811,0.8882474358431155,0.1532243603674543,-0.6781392566863009,0.3660226137718285,-0.0274627659166653,-0.078245542769715,0.6857042740868998,0.2767579035139923,0.6271095135501611,0.8500212269311648,-0.2159736695463991,0.0228560291988651,1.5599775018559805,-0.939133386843105,0.6852604563594535,-0.3636101944320873,-1.3444994781943815,-0.2286995339019753,-0.6970571955778792,-1.7523777166694392,0.9735563387071622,-1.1287490130404796,2.103897781510905,-0.5312387049491281,-0.378579584112888,-0.559004445816076,-1.2253464423696705,-0.4843033907942063,-0.657628932115891,-0.8421440803450555,-0.8086995382816875,-0.1382176395400657,0.6065140943057848,-0.7969121486398282,-0.0727857811353183,0.7217878759815946,-0.3788539187082159,0.5560998278592507,-0.9060039382179406,0.7517665373797459,-0.0458967746702702,0.1812725909329058,-0.917581720074998,0.2298288527447542,-0.3504860190417642,0.0468321194676463,Case
MICH-01650,0.1553575458858982,1.2516423318834038,0.1295205338393432,-0.4505285255169856,2.563529110337636,2.40339135056815,0.3550147352587502,0.0447351271568619,-1.1443776331560611,0.2333095576346188,1.3499348299602396,0.395807357649043,2.0237074271753244,0.386092254848714,0.6072833537062765,0.8397032440819642,1.2650591762883605,0.0255762667431694,-1.390375451753422,0.372750517162838,0.0734154748246101,2.07329394761647,0.2516643672161354,-0.1596434955339433,0.361887987133296,0.4705764113284744,1.1388231280605576,-0.7106425460416812,1.3638641262627391,1.9755325360535525,0.9588422078403028,0.7888219823052447,1.0118085382940438,0.0580964003495026,0.9849388534980787,2.1466011208077243,0.7491243791688504,0.0516164593911962,-0.849074716260496,1.7500982714609388,0.3180172707138556,-1.217580299990258,-0.7183221094909633,-0.6488435909563204,0.0957206500213219,0.7842451588633255,0.9142330694643356,-1.0039582188832608,0.8028448287399954,-0.7039385329735941,0.9033203770171588,0.0759496631053717,-0.614221283724527,0.4381757703786065,-1.2673805219356435,0.0090035166068646,0.4867965977918512,0.8133467264854711,-0.4304189452868893,-0.8357480057564572,-0.1642169571555834,1.052947007409813,1.123085477449176,-0.4276426467208206,-1.2974555817157742,1.838407850609188,-0.6288257917795625,0.7530403785427113,1.0269584540388497,0.3087155506460371,0.6107839628632443,-0.3672184037518788,1.2163164304958474,0.4697472656666105,0.3468945439568039,0.864511390242369,-0.8583147650971101,0.721811115987421,1.7285526606055597,0.2559519435498056,0.5555653126017541,0.2203484024718091,-0.5711069141329776,0.9194249794972468,0.4507260673774705,-0.3597604280513463,-0.6096611431350503,-0.5030339901075427,-1.215991117782525,-0.2575159443865855,-0.0966300871083801,1.3015716378373052,0.0097179127834368,1.4049843465079863,1.3801934734672343,0.84249925871476,0.7340372186066014,0.2390150642139094,0.2110026735400272,-1.324605313992547,0.1875448311462297,-1.0041397902704423,-0.7564574527802962,0.0498150281739439,1.702185073146305,-0.5236836831922111,-0.4089596583391136,1.0257175750854006,0.0618577334499681,-1.191085707030411,0.4186834032134968,0.6998714291051636,0.4176684284009477,-0.9592533828618504,-0.4177678679661232,-0.6709621105465913,-0.9239121211558732,0.856142762400927,0.8837362748802491,-0.7528540074710013,0.4740761400754554,-0.2358406242876901,-0.9789989358148428,-0.6276509759108319,0.4392015076444192,-0.2348767247017024,1.4632400655600768,-1.7505175604546697,-0.0245491187519543,1.3564925492809827,-0.4838693979599301,-0.535850618869844,0.908439223940231,0.6255985564858639,1.5367851876946776,-0.3489465624770045,-0.1054649372906484,0.076531349118304,-0.5996140639096728,0.2072193553578387,1.4047228448853986,-0.5643464453306006,0.1645447222857565,1.7624364985159775,0.8016630822008632,1.450835025451862,0.832628059657837,0.4585735483293304,0.7267615459768832,0.6053153213861824,1.8591416025108696,1.6806620894992126,0.809832575842777,1.0997719816250726,-0.2054251864615298,0.4433864384292684,-0.7815882532497576,0.6691580527148925,0.1514740603311385,0.4540549931321629,1.028780695006456,1.5584262819667265,-0.5572355445822074,1.7440283036069215,-0.8940480479110464,3.911287497957059,1.5202821563593945,-0.6948892744239078,0.4892036503679378,0.1461185880287643,-0.680120272993296,-1.251262377307919,-1.1427926808358737,-0.2311198057373829,-0.2185673160994963,-0.9940839842782812,0.0912249772155698,3.345785151860197,3.0531487838291667,0.5125252069687566,1.6361039656379772,0.3555989040707935,0.6750672814591573,0.5588217407535525,-0.2306353706692104,0.8118446422135336,1.0601264196246971,-1.7978740433274598,0.0184524781043323,1.3808217836006376,-0.433666990070921,-0.7845701272139355,-0.2447623462343164,0.3461570276363609,-1.362307109770091,0.7348682760439644,-0.917581720074998,0.2298288527447542,-0.593435820296533,-1.0846829110750758,Case
MICH-01651,-0.0654777849944801,0.5188765815494896,-0.718731696768827,-0.4232815078833338,0.856266495524879,0.4139520736640391,-0.4955387901501056,-0.5222448499610688,-0.9372139546902876,-0.5490819161962955,0.5871546921492459,-0.6310693866655369,-0.8046316869951424,-0.2180907603856764,1.0081317765353175,0.070922040415809,0.600856627703818,-1.0281580693192458,0.6996292671492462,0.5199426219471416,-0.5287402504937487,1.2293057360104631,-0.112326806247021,-0.2182765324971241,-0.1558232197884742,-0.144460225739713,0.0318871707895681,3.371973885216933,-0.4989233313550946,-0.8199654002348225,0.1908118772081383,-0.5984941916721708,0.0210413787353355,-0.9378677057543175,-0.5382990745969287,-0.384394468422438,-0.1158985697859072,-0.5883801682357741,0.5547826705632053,-0.6786321153627654,0.3844490614285745,-0.3100947728844676,1.2000160362318684,-0.2715786099421893,-0.4598070827311585,0.6358268471733466,-0.8090144895936249,0.2122849073634913,0.6255685835552355,-0.2205346290498323,-0.319807226823273,-0.4093598854471602,-0.614221283724527,-0.51085990474791,0.3359668789455208,0.3842699854106199,1.270352012374132,0.7983027409437706,0.5197442268862608,-0.1088468467072328,0.1979937955068694,-0.3390807370070552,2.7825724766222946,-0.2909746568131472,-1.5440602710660032,-0.7697076742420447,-1.0216155102615734,2.2030203647514,0.0314042583610542,1.6272221721061226,-0.3150664248800586,0.6586557447676642,0.3861590318842868,3.033358735912248,-0.4316628217448088,-0.0576466435294229,-0.9946978853578248,-0.343518500770946,-1.0522287631370189,0.3069908956832435,0.0063591707323349,2.042934779760635,0.8664405250224908,0.7663200062056684,0.3569963144324984,0.6811704629599497,2.030784913942376,-0.5973983902199592,-1.237675333865481,-0.2575159443865855,-0.1959256965482019,2.042830124329649,-0.9600075173704096,0.6756670091256287,1.4941466939077777,-0.7681572615360402,-1.3800820641363634,-0.5784316928575245,0.8716835412511483,-0.55718141820162,0.0726021682243639,-0.2254298481769978,-0.6795981863381807,-0.3630319069574942,1.4816971220680426,-0.8368637937997725,-0.8555503838353463,1.141739498737738,-0.1342410802973691,0.4417225759997232,0.0614794258256532,0.1934239440019458,0.9310320374888242,-1.3387176480467071,0.2501135566647424,0.472150032485593,0.0611396388610084,0.1578456919111571,-1.4087833688214175,-0.387979263332802,-1.44546290343534,0.0624608127865543,0.5366536056974094,-0.5142002301387945,-1.3851621238875438,0.1999057276707757,2.1513543069588605,-0.8598965167118805,0.5501661285717442,0.0640730431523191,-0.1803635334766927,-0.6591897241783284,1.7969155102249186,-0.0162419926816826,-0.3648047460857701,0.7988535367516972,-0.3032681013755721,-0.5757181064094736,0.53523109192051,0.6676951269605298,-0.791198143276107,0.005709064684001,0.3527649650656853,0.8934774611460923,1.792247458751839,-0.184430049748599,-1.4224094740008384,-0.1176464778156026,-0.0398404173126822,2.971354286171892,0.9978226077932466,-0.3341800585831797,-0.0268645830075589,2.024272738078928,-0.1197108397841579,0.1828498392394431,-1.0194446052702544,0.1565190474262435,0.0499907181418702,0.089191576672884,1.9160512933770293,-0.3083211757790963,-0.3277537040373629,0.993651112838073,-0.1960427420313763,0.4377630653687888,0.85058756627683,-0.3775050489953555,1.3646159321290847,0.7918412747210569,-0.4961859706365685,0.8362973090219551,0.0440455408793345,1.506063168318269,0.4694352085614205,0.2310509489479647,0.9240529784112502,0.0220820985260713,-0.3145423724274591,-0.5764235675447145,-1.2253464423696705,-0.4017145029996846,-0.0730939664128661,-0.1685954323550602,0.0960358448527565,2.768721280088952,2.0194637849145343,0.2848759106453379,-0.5916773142814051,0.8303208764074852,-0.1624344387285458,-0.7053511181177424,-1.0183289302969112,-1.175631982219444,-0.8681389819930015,-1.4600095155555226,-0.917581720074998,-0.7496662902995825,-0.169312846085735,0.083775819141174,Case
MICH-01653,-0.914419470793812,-0.152158710501793,-0.718731696768827,-0.8821247584798539,0.7142376943552616,0.5973437187259703,-1.83580126345872,3.3195712969837143,-1.7772002787953358,-0.698115076811987,-0.4322919752279133,-1.1715548843294838,0.295711840987964,-1.2070269247396208,-1.1814469866929298,-0.5503343578889792,-0.3323062658942722,-0.7011262337721563,0.9959535683100592,-0.086435161377123,-0.4550432780067054,0.0684412817922694,-0.4396989511920243,-1.0051198239446484,-0.4911097604182626,-0.91177447396749,-1.1783403827106251,-0.0896804325583297,-1.5590447607044244,-0.8949565600753809,-0.1772348488877203,-0.998011499744171,1.097374605107263,1.7969272226573982,1.355744490463059,1.613961693454412,1.977052584037973,1.81775907189798,-0.5689943971827739,-0.8641521364045878,1.137802826524275,-0.2936476795126271,-0.809358979855766,-0.0630850265016692,-2.2914791903057683,1.0750508078597192,0.559623919983739,-1.1552594271145402,-1.1378979721125513,-0.6860029742464399,-0.8735642390452335,-0.6280850294831953,-0.614221283724527,-1.0009395214086756,0.4015884987044759,0.2609725543404141,0.123801926285487,0.5168846442518265,1.3826077564398342,-1.8608977980674315,0.0025326842674678,-1.019324639455091,1.7561915754135344,-0.7399942909552518,-1.3275712693122328,1.4128239937530565,-1.3248498156248047,0.6698555320607457,0.2662785265196981,0.0918947329825803,1.2164694321774516,-0.677746034957338,1.2163164304958474,1.1335223225446214,0.3760055751254959,0.785474293759886,-0.4966628922323511,0.1373139486406448,0.013303298402247,-0.7034310280393267,-0.798551018723491,0.4963216476924992,0.9312756290230578,-0.0210054591808995,-0.8439366013865823,-0.8618899130726628,-0.2881414699581175,-1.2125753986485204,-0.3526269925763115,-0.2575159443865855,-1.0850094934669403,1.9423999056822132,-1.6526415428050951,0.8079971610641185,0.142433488854309,-0.4271021149421591,-0.6909642241583495,-0.2505678258308728,0.5890238128485817,0.2391341724023803,-0.4030271909903046,-1.2963726756829468,-1.773417287266715,-0.949429249509609,-0.0040708917657915,0.5476416506479508,-0.7231437935802343,0.4941156415660283,-0.3373989324051111,-1.191085707030411,-0.9468631165504232,-0.5891905241334582,0.6259570031313353,-0.2521255669007538,-1.30266596931795,-0.9029026051364224,-0.1969318184440417,1.2500776270246194,-0.143360950659307,-1.2048806448454683,-0.7464960600296392,-1.013314665530382,-0.6096030965823638,-1.298842419237736,-0.2841668455037875,0.0094878918110345,0.3810583201347078,-1.0596766835696654,-0.0245491187519543,-1.661370158918004,-1.4050999035949845,-1.321802845081754,0.7718901535218339,-0.8767011434551188,0.0802035296586827,-1.2694788471531986,-0.5383097653066986,0.0622800846592805,-0.557617250335605,-0.7780374437588651,-0.485031417600929,-1.2342730027334945,-1.4273684076679063,-0.3445826587178958,0.8016630822008632,0.4761439865399274,-0.6872304583384822,-0.5493135245148476,1.0665772766320183,-0.1864631321851218,-0.0460408715328315,0.2376179677636126,-0.7477521974335354,0.4229801908130619,-0.7496476458912932,-0.1198720673731462,-0.712208436252072,-0.4728997472817097,-1.1580252625955172,-0.423568203146014,0.2201681122900883,-1.1504222493988183,0.1206983974066671,0.3770231824524632,-0.8940480479110464,0.3467668357874853,1.229658397764624,-1.2958347613963854,0.7290134897450044,0.4196687927925464,-1.426993998524148,-0.2629253229356645,-1.1427926808358737,-0.884249947763996,-1.0251344695215143,-1.9312093592881248,-0.1409146098133047,0.3128489395345571,-0.042529881007049,-1.7388574650240722,-1.2253464423696705,-1.520904746562415,-1.2185330387708009,-1.262289433905084,-1.4348555268370926,-0.0018990651652651,0.4594613605954782,-0.5845301985455212,-0.2580601787096137,-0.0858900576962909,-1.114899784812854,-0.2671885498459323,-0.1605241652838036,-0.3035411651239761,-0.5387463632782535,-0.5333607109906602,-0.917581720074998,-0.6202368415401301,-0.5384245338424836,-0.0472840749992932,Case
MICH-01654,-1.3709028621345236,2.372857751029924,-0.718731696768827,-0.5912889727440855,-1.0801349216610474,-1.1870612656263368,0.7881366399277281,-0.6800773866003661,-0.0786301183232627,-0.573578310675145,2.4941655629895174,-0.737087529680972,2.536569493280848,0.0366868938982524,-0.2385186085784843,1.31521857447884,1.8607773123817055,-0.0859106633299032,0.03105467765526,-0.086435161377123,0.5001353191138724,1.025241648364354,-1.2981138302010364,-0.9381580624900078,-0.6857100500033946,-0.8669634008697393,-0.493154847912543,1.4347593889227213,-0.453750333736352,-0.248416934243396,0.1908118772081383,-0.3854768609545333,0.6647659271263777,1.044612615520337,0.4878625340779778,3.115441769908475,-0.8612083022666125,-0.3402864907698562,0.1758331624464947,0.081619294440977,1.5767458791909297,-1.217580299990258,-1.3029706737828504,0.4387951822785595,-0.7920241232270396,-1.3869336813454132,-1.2651286052364847,-0.6745819676963812,-1.2740313088911512,-0.1289808443482884,-0.0847893686658005,-1.2554547980305877,-0.614221283724527,-1.2475087390711792,0.5442201798566425,-0.5633561114161028,0.0594828039093803,1.4099711702449766,1.258121010020432,0.1312809470494115,2.165248586895813,-0.4460192609268018,0.6908662622023575,-0.4045528897778818,0.1801283226575688,1.0425902144492831,-0.5489514005118131,0.8343887641068988,-0.3619723826147704,-1.201241744024484,0.2078465542880101,-0.677746034957338,0.3354987804599663,0.2074467650392302,2.251982599590698,0.750865355046317,-1.1352523838025312,-0.5372252507978333,-0.9259507000649404,-0.7034310280393267,-0.9141237538973505,0.4456820652432795,-0.2149154865451626,0.3181964105226817,-0.6475091643748743,-0.5105856764232469,-0.6096611431350503,-0.6554798928652856,-0.5384869881356456,-0.2575159443865855,0.2428974153064188,1.2164309568105944,-0.8956649192495812,1.128436057928899,0.3317622858267833,-0.7954890470564785,-0.3256332600948352,-0.749418345227609,-0.2300490137035356,-0.55718141820162,-1.1816219642296808,-0.5832825855491918,-1.1065115730525263,-1.7548759045418958,0.6704633039703327,0.8092675248249729,-0.130935679866031,0.481654252023004,-0.8312023296335688,-1.191085707030411,-0.4279919403891435,-1.0652725350200931,1.1297215036470143,-0.1221719446985103,-0.0181007648221463,-1.180116272463778,-1.2725044106949386,1.211192735613814,-0.4198067786156417,-0.9126688889272292,-1.4759945791960252,-0.6646566207658806,-0.3346454027765818,1.6850199474127063,-0.3313796731688232,2.8173097978020616,0.9551081601714424,0.2137552774697599,-0.8595555263944585,-0.2452738602164646,-0.8365366663684196,-1.2517801054321718,0.6673736419532688,-0.4835660487731296,-1.151497079192929,-0.2229232525514588,-1.6291465762073865,0.160570609570473,-0.7269727556493473,-0.720846786012294,-0.4117341493125229,-0.1387906849776632,-0.439446722125157,-0.6087423563336962,-0.2041956484273071,1.270097160554167,-0.9219385822078424,-0.7632972282409745,-0.4239150575442504,1.4572693970092332,-0.4546070983086286,-1.2838653785212777,0.0750362681110487,0.8298435210160781,-1.0768712270849583,1.1151748649762072,-0.1394918762260138,-1.2061577495876217,-0.663691351505409,-0.5121830412351016,0.6374808948333218,-0.7969134886904612,-0.6345354138427082,1.1979470912984995,-1.193983635568139,-0.9725557813500464,1.814145775454196,-0.6651848597672134,0.2153939447382955,-0.0775931079791178,0.3890914864200405,-0.7470990618836811,0.2200529538445676,-0.4985329619298687,-2.2270808185165185,-1.1972744903022938,1.0489986799378612,0.6320499711945338,1.2353173750098667,0.2385617725715717,-0.0290927794045823,0.5122281820025638,-0.0730939664128661,0.0828746024453169,0.8395492292725943,0.8989296190039071,0.5210381515663473,-0.5586757709372843,0.0184524781043323,1.1890705461961777,-0.3243270787874469,-0.7645812347642814,-1.115728874400298,0.7659098643100278,0.782205540123587,-0.3475588175240174,-0.0765747792312619,-0.925674209467133,-1.1484099264433445,-0.1050029940374837,Case
MICH-01655,-0.9383541358915422,-1.194329591256576,-0.718731696768827,-0.6498331331736698,0.8789040917031554,1.3543368626127283,3.1635637972088118,-0.3656538923056283,0.0216563144839683,0.5879908747511957,-0.6308897610051124,0.3167095657313944,0.0075617437208317,0.0008223201799303,-0.3742598467128722,1.014352761002995,-0.4070495894008906,-0.1621777850997292,1.6729256112127673,-1.0957832705736503,-0.7165854294164322,0.4663222901866427,0.0021804154674158,-0.1888870870517962,-0.1558232197884742,-0.0725790250312233,0.7966093851828178,-0.2972524071521485,-0.4088169817943827,-0.3868061459932502,1.5391996231903011,1.0458997629515303,0.9224017071539328,0.3971479901988323,0.4033249878063526,1.0935435714790995,0.8503315457110506,0.9327575848781912,-0.7277002890695057,-0.1510488281617062,-0.0548807217029874,-0.8746532513397978,-0.5859735024559594,-1.1607656983936414,0.3738602078727231,-1.3869336813454132,-0.1143654208903274,0.0338160689768298,0.2959248752343446,-0.5977940464326627,-0.7302934736474808,0.3965751906565984,-0.614221283724527,-0.0788913961468549,0.7822528660848644,-0.9352769340729978,2.264951079018142,1.7420398942027862,1.3826077564398342,-0.5310533675924978,0.3451590014564952,0.4181379107126197,1.3234853153410668,0.7196825360871268,-0.1124054746335915,0.8994122645938846,-0.9058372187605724,0.6866434071733891,0.2358465383418895,0.2018719844073539,-0.2040687131704201,-0.4821148856771641,0.2294235636369822,1.0532154018489803,-0.2675503070920275,-1.1548791808938852,-0.831517173807746,-2.7700234494722573,-2.2305221317277497,-0.7034310280393267,-0.6692068125681044,1.4916484183823322,-0.0749897933248083,2.885117602862005,-1.004874450267993,-0.3597604280513463,-0.6096611431350503,-0.5973983902199592,-0.5559430595711594,-0.2575159443865855,1.107245865381586,0.3417567687353268,0.0097179127834368,-0.099733177643563,1.8650329873227496,1.2788273124593128,0.1389918749046804,-1.07018977126168,-0.7919163071665277,-0.1506906758251093,1.4195750200482389,-0.5377439130402681,0.3327427263317459,-1.2761005446981926,0.0223881334405763,-0.3307465046619237,-0.6658593957601524,0.6269974975705703,-0.0493631397498573,-1.0331713214578573,0.5248472046925501,0.8982858668457637,0.6259570031313353,1.4449117119212218,-0.129261555177321,-0.7035223894343834,-0.9802881164874676,0.908612211835278,-0.373131476830128,-0.9998321152466684,-0.6952992436542254,-0.6367087055651687,-0.5299849380669579,-0.6276509759108319,-0.1440050742931962,0.8536698514369407,1.910432389302876,0.5710155212091856,-0.6754741231549461,-1.3337453550127034,-0.5100734312647771,-0.0967956125709311,-0.2506808313041994,1.493022294972174,-0.9402909268872908,-0.0362913404379774,-0.5083796112046263,-0.917302959281177,-0.6842893422969595,1.5790564377973153,-1.149090362981257,0.8024267806304758,1.003186562407305,0.9849969436746612,1.8265932483953329,0.2069354122336458,1.8029867562395403,0.0724957616161586,1.6326780260228446,-0.8556403737608446,0.7178888282709792,0.5729521579727306,1.077268573259782,1.7950943038471554,0.5722491673727851,-1.1265975063965985,-0.5296564134215905,-0.2443472697898935,0.9414564175022956,1.9396216344575532,2.0782202146337108,-0.6328974025679877,-0.3277537040373629,1.880864213421864,-1.142274008033307,1.1322591337645418,1.0976722769417748,-0.8155127500598535,-0.6521660100549719,-1.3307948784035322,-1.5949709365412337,-1.251262377307919,-1.1427926808358737,-0.2095952595831993,-0.0047284854736638,-0.1014998692748106,0.2728563985795139,-0.0280615495586705,1.2353173750098667,0.7998380442276328,-0.1322809603879696,-1.2813086626670114,-0.290603915394873,-1.109281723267055,1.092695939130006,-0.0771751858227683,1.9430469032049051,-0.1405243419335024,0.3745032257016243,1.473440585410478,-2.359450324758647,0.3375842841944088,0.0002913966367917,-0.5386210511553038,-0.8202845207773862,-0.2024787150168183,-0.917581720074998,-0.003676729664233,-0.6211685770014821,-0.4515393956344819,Case
