database_identifier,Hemostasis,Cleavage of the damaged purine,Neurotransmitter release cycle,Transmission across Chemical Synapses,Neuronal System,Methionine salvage pathway,Developmental Biology,Aerobic respiration and respiratory electron transport,Metabolism,Hydrolysis of LPC,Synthesis of PG,Glycerophospholipid biosynthesis,PI Metabolism,Phospholipid metabolism,Phase II - Conjugation of compounds,Acetylation,Cytosolic sulfonation of small molecules,Amino Acid conjugation,Metabolism of nucleotides,Mitochondrial biogenesis,Conjugation of carboxylic acids,Degradation of cysteine and homocysteine,Cysteine formation from homocysteine,Sulfur amino acid metabolism,Signal Transduction,Triglyceride catabolism,Integration of energy metabolism,Disease,Regulation of cholesterol biosynthesis by SREBP (SREBF),Glycosphingolipid metabolism,Innate Immune System,Immune System,Organelle biogenesis and maintenance,Digestion of dietary carbohydrate,Cellular hexose transport,Synthesis of bile acids and bile salts,Digestion of dietary lipid,Synthesis of bile acids and bile salts via 7alpha-hydroxycholesterol,Glucocorticoid biosynthesis,Bile acid and bile salt metabolism,Metabolism of steroid hormones,Nicotinate metabolism,Metabolism of water-soluble vitamins and cofactors,Metabolism of vitamins and cofactors,Nicotinamide salvaging,Carnitine shuttle,Biological oxidations,Cytochrome P450 - arranged by substrate type,Phase I - Functionalization of compounds,Aromatic amines can be N-hydroxylated or N-dealkylated by CYP1A2,Endogenous sterols,Xenobiotics,Generic Transcription Pathway,Arachidonate metabolism,Transcriptional activation of mitochondrial biogenesis,Synthesis of Prostaglandins (PG) and Thromboxanes (TX),Scavenging of heme from plasma,Binding and Uptake of Ligands by Scavenger Receptors,The retinoid cycle in cones (daylight vision),Visual phototransduction,Cellular responses to stress,"Metabolism of ingested SeMet, Sec, MeSec into H2Se",Selenoamino acid metabolism,Retinoid cycle disease events,The canonical retinoid cycle in rods (twilight vision),Diseases associated with visual transduction,Peptide hormone metabolism,Scavenging by Class A Receptors,Hydroxycarboxylic acid-binding receptors,Metabolism of polyamines,Amino acid transport across the plasma membrane,Signaling by GPCR,Class A/1 (Rhodopsin-like receptors),Olfactory Signaling Pathway,"Synthesis, secretion, and inactivation of Glucagon-like Peptide-1 (GLP-1)",Transport of small molecules,ABC-family proteins mediated transport,GPCR downstream signalling,Beta-oxidation of pristanoyl-CoA,Peroxisomal lipid metabolism,Metabolism of proteins,Circadian Clock,Free fatty acids regulate insulin secretion,"Incretin synthesis, secretion, and inactivation","Synthesis, secretion, and inactivation of Glucose-dependent Insulinotropic Polypeptide (GIP)",G alpha (q) signalling events,G alpha (i) signalling events,Class C/3 (Metabotropic glutamate/pheromone receptors),Regulation of insulin secretion,"Transport of bile salts and organic acids, metal ions and amine compounds",Transport of inorganic cations/anions and amino acids/oligopeptides,"Transport of vitamins, nucleosides, and related molecules",SLC-mediated transmembrane transport,Multifunctional anion exchangers,Sphingolipid metabolism,Organic anion transporters,Passive transport by Aquaporins,Proton-coupled monocarboxylate transport,Fatty Acids bound to GPR40 (FFAR1) regulate insulin secretion,Na+/Cl- dependent neurotransmitter transporters,Free fatty acid receptors,Aquaporin-mediated transport,GPCR ligand binding,Signaling by Retinoic Acid,RA biosynthesis pathway,Organic cation transport,Organic cation/anion/zwitterion transport,Metabolism of lipids,Organic anion transport,Defective SLC29A3 causes histiocytosis-lymphadenopathy plus syndrome (HLAS),Defective SLC16A1 causes symptomatic deficiency in lactate transport (SDLT),ABC transporter disorders,Variant SLC6A14 may confer susceptibility towards obesity,SLC transporter disorders,Defective SLC27A4 causes ichthyosis prematurity syndrome (IPS),Disorders of transmembrane transporters,Vesicle-mediated transport,Intestinal saccharidase deficiencies,Diseases of carbohydrate metabolism,Diseases of metabolism,Protein repair,Post-translational protein modification,Choline catabolism,Metabolism of fat-soluble vitamins,Glycerophospholipid catabolism,Pyruvate metabolism,Urea cycle,Tryptophan catabolism,Carnitine synthesis,Creatine metabolism,Metabolism of amino acids and derivatives,Metabolism of carbohydrates,Citric acid cycle (TCA cycle),tRNA processing,Pyrimidine salvage,Pyrimidine catabolism,RNA Polymerase II Transcription,Base Excision Repair,DNA Repair,Depurination,"Base-Excision Repair, AP Site Formation",Gene expression (Transcription),Purine salvage,Purine catabolism,Transport of fatty acids,Transport of nucleosides and free purine and pyrimidine bases across the plasma membrane,Transport of organic anions,"GABA synthesis, release, reuptake and degradation",Reuptake of GABA,Digestion,Metabolism of RNA,Cellular responses to stimuli,Nucleotide catabolism,Nucleotide salvage,Metabolism of steroids,Aspartate and asparagine metabolism,Digestion and absorption,Glutamate and glutamine metabolism,Fatty acid metabolism,Triglyceride metabolism,Signaling by Nuclear Receptors,Iron uptake and transport,FOXO-mediated transcription,Vitamin B6 activation to pyridoxal phosphate,Diseases of the neuronal system,Heme signaling,Sensory Perception,Sensory perception of taste,"Sensory perception of sweet, bitter, and umami (glutamate) taste",Nucleotide salvage defects,Diseases of nucleotide metabolism,Drug ADME,Aspirin ADME,Paracetamol ADME,Retinoid metabolism and transport,Glycosphingolipid catabolism,Maturation of TCA enzymes and regulation of TCA cycle,group_type
MICH-01577,0.21792305165856074,-0.33959659565606554,0.06724888227302625,0.06724888227302625,0.06724888227302625,-0.009072754759181376,0.05985841395607842,0.5242310964775895,0.07640025836116998,-0.2411051735089591,0.027400736286605186,0.2887882830064163,-0.310904678349637,0.14876287446495853,0.030106135762288554,0.15810155366929673,0.3684271019009606,-0.47399623237585214,0.275543835243507,0.2847878153360095,-0.47399623237585214,0.45869301484762237,0.5863493270592931,0.4054783391952347,0.09978143253615522,0.2479127408890026,-0.31701609626403243,0.08901225616726462,0.3284919088072511,-0.5259066891767417,-0.4592410913470228,0.40215002923853793,0.2847878153360095,-0.2239454770665068,-0.3676976268001375,-0.12564700021071062,0.2479127408890026,-0.12564700021071062,0.08432141844836533,-0.12564700021071062,-0.08178347104846465,-0.2791966457591497,0.1359630193674894,-0.224576488696281,-0.2791966457591497,-0.20734695929942148,0.03733641546850998,-0.08981179203787477,-0.024177993207700057,0.3083704327423702,0.2144907340543308,0.19206192741546343,0.001132332895173882,-0.46224764705900395,0.2847878153360095,-0.46224764705900395,-0.05986822613681121,0.42295275058108306,-0.16529620393131875,-0.05719839514391092,-0.16461387367402053,-0.4698931814791373,-0.4698931814791373,-0.16529620393131875,-0.17106565506202606,-0.16529620393131875,0.16211558947677582,-0.5054647815603711,0.33764160858644227,-0.09354113899717034,-0.032605684655041135,0.20928642033484304,-0.11344494553310014,0.2692855492918955,0.22107206824615064,0.018191724622228927,0.00760046209397918,0.22957597918216754,-0.22944034480398048,-0.22944034480398048,-0.03899188780732647,-0.5882167566584106,-0.31701609626403243,0.22107206824615064,0.042286074858473216,0.2616446857479082,-0.18506975139767576,-0.007906520713492243,-0.31701609626403243,0.20661466729330835,-0.0759030901576706,0.09538222948656223,0.09483794850469562,0.47109807776212903,-0.28526919271488327,0.47109807776212903,0.49145404484318483,0.627275427073974,-0.31701609626403243,-0.1405766122483421,0.08203870439233672,0.49145404484318483,0.05328573410411296,-0.16529620393131875,-0.16529620393131875,-0.22908130420316375,0.043169420520794574,-0.10256702705413452,0.41389006362738967,0.031186501257714258,0.627275427073974,-0.12564700021071062,0.3434589534273485,-0.0019518098436316809,-0.016863259902332676,0.02220844431630857,0.42295275058108306,-0.2239454770665068,-0.2239454770665068,-0.2733129144283082,0.46009875568547703,0.49619978829013717,0.34067269176373,-0.0389932763418784,-0.310904678349637,0.5953267131620843,0.286431610709622,0.21815009695199905,-0.15150567535369194,-0.014094698444570057,0.02102154585170522,-0.2842935864461694,0.3307015852644614,0.42010546059626713,0.3144923889252119,-0.2682471150662241,0.001132332895173882,-0.22671324753999417,-0.22671324753999417,-0.33959659565606554,-0.24057531662435253,0.001132332895173882,-0.3789809082682671,-0.45116043951802853,-0.016863259902332676,-0.26959910910138096,-0.6041351404206509,0.24957463241004038,0.24957463241004038,0.2768037400491005,0.42010546059626713,-0.16461387367402053,-0.33034165419013495,-0.23723194630959688,0.038725001599740454,-0.24327058336115592,0.2768037400491005,0.1309472652918849,-0.48216447610111296,0.2479127408890026,-0.16529620393131875,-0.5772336218497605,0.001132332895173882,-0.24055065073238044,-0.16529620393131875,0.3284919088072511,0.16857002214426023,0.09567807824294919,0.09567807824294919,-0.33959659565606554,-0.3789809082682671,-0.2708238280146216,-0.19622650139549463,0.2771897979636235,-0.05719839514391092,-0.5259066891767417,0.3307015852644614,Control
MICH-01578,0.20448555438770752,0.07756042473232111,-0.4309199920128797,-0.4309199920128797,-0.4309199920128797,-0.16938329239733674,0.2407759224470092,-0.544776388499165,-0.0963069781051462,0.24247813581661318,-0.2260069705761005,0.49820328099794486,0.3321352822310114,0.410872123444637,0.09760241665125592,0.038168120672442025,0.20461810188212698,-0.461665081282372,-0.17041651452137427,0.6109918561195244,-0.461665081282372,0.3466456827830661,0.29134292101747183,0.33495233558945137,0.4831929567846557,0.24078211273978822,0.4708325741446381,-0.14931018751884476,0.15456762044777902,-0.23964316165835206,-0.1211916767868853,0.009922809659268736,0.6109918561195244,-0.30494667224749067,-0.4311996945001874,-0.05764889169019002,0.24078211273978822,-0.05764889169019002,0.46898032902150855,-0.05764889169019002,0.03113939654780348,0.45689277826255564,0.43549358040072517,0.19150662990201267,0.45689277826255564,0.24352487212415805,0.15712882766066882,-0.03454071648930399,0.01402490652356417,-0.12935357813949874,0.06375849626349248,-0.18787963851842496,0.3039598464186465,0.04172134072910963,0.6109918561195244,0.04172134072910963,-0.18610727664687735,-0.08125735947841906,-0.36677790177625047,0.15533828724572687,-0.11655741001462999,0.038379918120621526,0.038379918120621526,-0.36677790177625047,-0.11271803096606421,-0.36677790177625047,0.4188765232861404,0.010470325975261065,0.5111120176632317,-0.5513569505850617,0.1325232221404531,0.5685085080231121,-0.43138208245123444,-0.4326062328640921,0.36781427171544145,-0.1989492670998974,-0.23361976042677787,0.5434931126098944,-0.5245568127261069,-0.5245568127261069,0.5730298029542197,-0.01620992026070401,0.4708325741446381,0.36781427171544145,0.33860327372441806,0.5807644082034028,-0.2954832182761095,0.362239506765265,0.4708325741446381,-0.06250559898619588,0.36622371222267003,0.4260380039007028,-0.14628038655200556,-0.5254639339740621,0.026019202926864594,-0.5254639339740621,0.6955040267528461,-0.1265493123901346,0.4708325741446381,-0.18845894623866558,0.4787880358622936,0.6955040267528461,0.5672045605034162,-0.36677790177625047,-0.36677790177625047,0.2586485784360057,-0.03732274715638051,-0.3364080176237053,-0.18990611659921094,0.10830230122828828,-0.1265493123901346,-0.05764889169019002,-0.207441588609625,-0.009864497167441545,0.497375571175748,0.010221818632713417,-0.08125735947841906,-0.30494667224749067,-0.30494667224749067,-0.034370723159904346,-0.5040341479108712,0.07775888913900804,-0.4930493343027188,0.15226608205921205,0.3321352822310114,-0.481804900515272,-0.2926809743960407,-0.4572605862762087,0.38152268805326983,0.13876131245571968,-0.042673364584436733,-0.20308891303698973,-0.46943049650714297,-0.34559382047779486,-0.005951861364213224,-0.03462213613373465,0.3039598464186465,-0.16600226763416062,-0.16600226763416062,0.07756042473232111,-0.17764798353160646,0.3039598464186465,0.08844849561989465,0.47897402643739523,0.497375571175748,0.0109940931981588,-0.3546771094072281,-0.5736990259424943,-0.5736990259424943,0.297222353798962,-0.34559382047779486,-0.11655741001462999,0.1710526543956047,0.04916479282880398,-0.045332567097926074,0.21766860302901567,0.297222353798962,-0.5735599501114449,-0.19159577331307048,0.24078211273978822,-0.36677790177625047,-0.6018767955295291,0.3039598464186465,-0.4450207122679792,-0.36677790177625047,0.15456762044777902,-0.2871027826966338,-0.0036806513715351746,-0.0036806513715351746,0.07756042473232111,0.08844849561989465,0.5859284668864572,0.7770680205593348,-0.16629217054132173,0.15533828724572687,-0.23964316165835206,-0.46943049650714297,Control
MICH-01579,0.5269014124693976,-0.45686183058468643,-0.5098587894851347,-0.5098587894851347,-0.5098587894851347,0.20134444515260502,0.6195577836968624,0.34494726112108703,-0.28531376545901016,-0.17150286353398636,-0.05614897882607916,0.5456902120045451,0.5643826045004079,0.5816684801935302,0.38740643597791363,-0.5960176883594347,-0.34769995394130054,-0.2822049249911911,-0.3155637455651815,0.6634239069238294,-0.2822049249911911,-0.5355976198166839,-0.40491585730796165,-0.3692299544113618,0.4457085907117526,0.4164242336587674,0.6437260811760855,-0.1938509486906342,0.625188534969558,0.6693077873216019,-0.5391574435177028,0.28422740637659505,0.6634239069238294,-0.31757914613389016,-0.5669941916864657,-0.5428069239702386,0.4164242336587674,-0.5428069239702386,0.5856988183234789,-0.5428069239702386,-0.2450429747898331,-0.06803003791772433,-0.2134987618742026,0.3952904830044463,-0.06803003791772433,0.5366694978408508,0.4790073204547692,0.39416441262027124,0.42775876384940487,-0.6267037265117716,0.2358632528874267,-0.6124707536040152,-0.287787586314781,-0.43953080935325445,0.6634239069238294,-0.43953080935325445,-0.45985392479018833,0.37586591307246275,0.26993062587946076,0.3453046830107927,-0.4264526577442251,0.4564670092283084,0.4564670092283084,0.26993062587946076,0.23041250025781448,0.26993062587946076,0.48442023913231597,-0.4255846796385811,0.23804052114409607,0.5590354442939904,-0.07913064534504533,0.5400436486447389,-0.4808482913902469,0.22423947474299677,0.4586032482154022,-0.2800751376120562,-0.11175598837060484,0.5247947677442053,0.10763788054532802,0.10763788054532802,0.5142686261092587,-0.3224398887753755,0.6437260811760855,0.4586032482154022,0.6841370375436759,0.5614240719239101,0.011479004818553762,0.4362252883981999,0.6437260811760855,-0.3544797423582584,-0.21775189589176644,0.35607458793362207,-0.28000138397859625,0.546376969034231,0.7013837916635054,0.546376969034231,0.040771416268458684,0.4924631534151537,0.6437260811760855,-0.06348936243959896,0.4599846945857919,0.040771416268458684,0.5308978998815638,0.26993062587946076,0.26993062587946076,-0.3567745188010894,-0.3666823750332751,-0.2508648131753816,0.6819755916412517,-0.4044599498259358,0.4924631534151537,-0.5428069239702386,0.21706210043076207,-0.008566658870553696,0.6570557349239887,0.05758180095862431,0.37586591307246275,-0.31757914613389016,-0.31757914613389016,-0.405182722554843,0.4691209393154612,0.65059087476234,0.3742685556177324,0.21565064210595603,0.5643826045004079,0.5192415361346759,0.5062338221826673,-0.33913397595541184,-0.28795049892442565,-0.558598138946061,-0.3952731655212793,-0.5282604297853558,-0.573303689891688,0.6982849868872664,-0.5376249683326708,0.5484691692759135,-0.287787586314781,0.2412378657968069,0.2412378657968069,-0.45686183058468643,0.29192961990413036,-0.287787586314781,-0.42469861097591793,0.35984775794515156,0.6570557349239887,0.23601323955984316,-0.10942029090599846,0.306704757005344,0.306704757005344,0.406399933575856,0.6982849868872664,-0.4264526577442251,0.4107419589864102,0.21643971080084795,0.16233760148181647,0.6154640910536148,0.406399933575856,-0.07939944477733617,0.05385587281956698,0.4164242336587674,0.26993062587946076,-0.5028103766207338,-0.287787586314781,0.8590815823530941,0.26993062587946076,0.625188534969558,-0.21168309567084612,0.13283311845201778,0.13283311845201778,-0.45686183058468643,-0.42469861097591793,-0.00807038319512558,-0.05303629468916587,0.4937196913892929,0.3453046830107927,0.6693077873216019,-0.573303689891688,Control
MICH-01580,-0.5919103142812584,0.1489355875221802,0.30372606074430814,0.30372606074430814,0.30372606074430814,-0.05644681152104404,-0.5369946304990676,0.3563893603391681,-0.20442074226021004,0.5057972367235308,-0.5119462159908863,-0.09961263791601387,0.016737590893372498,-0.31487434113198276,0.06496121157365371,-0.6033996281621645,-0.2579924595784467,0.7833180873711892,-0.2895493787573169,-0.3916942768285191,0.7833180873711892,0.12709728011922514,0.430083477379715,0.359032123148443,-0.3168404836208104,-0.601738414716543,-0.47758674009502167,-0.12289309940532397,-0.6308722462093536,-0.2919528342533607,0.6464456803742453,-0.530233915493803,-0.3916942768285191,0.5833159616072063,-0.49342446864113604,0.46772260634338936,-0.601738414716543,0.46772260634338936,0.5732318260400726,0.46772260634338936,-0.5700898230668102,-0.3849475685305369,-0.34858596884362797,-0.01704923717308485,-0.3849475685305369,0.38136535718013337,0.24217143318066411,0.5219765508227127,0.5029969194794639,-0.6348749867175014,-0.5407417031761089,-0.6230538702624672,0.6518469784348764,0.5043598700240511,-0.3916942768285191,0.5043598700240511,0.4415264191492271,0.41097283053271894,-0.48636396146671396,-0.48332746078836086,0.579827805580364,0.21394065544803076,0.21394065544803076,-0.48636396146671396,-0.2584105402995386,-0.48636396146671396,-0.5414645612901674,-0.4894697340512025,-0.45062513349676103,0.5604921613563528,-0.16327419776701976,-0.3377635449975378,0.46454266636221936,0.39679065691904686,-0.5450848775766854,-0.02148704571598508,0.5306496922046561,-0.4497180349797012,0.6916582836219466,0.6916582836219466,-0.462673796145227,0.7037615563092721,-0.47758674009502167,-0.5450848775766854,-0.5125457042619225,-0.5106752099611132,0.15721208546336418,-0.058834926136084396,-0.47758674009502167,-0.2566596874196439,-0.13134853667127305,-0.2180092650647947,-0.08224019030546409,0.5140826673866162,-0.48009135251145396,0.5140826673866162,-0.4836229854883418,0.5720945136762436,-0.47758674009502167,-0.30039929276340116,-0.5259930264285481,-0.4836229854883418,-0.33943590543030944,-0.48636396146671396,-0.48636396146671396,0.5033424526441025,-0.4946204130945683,0.2680057217280303,0.6690542687868312,0.19951496906569952,0.5720945136762436,0.46772260634338936,0.17638808119131466,-0.2506711760112078,-0.5265724589911842,-0.2754869063396421,0.41097283053271894,0.5833159616072063,0.5833159616072063,-0.12148826412006267,0.08793302875765849,0.3567846872921185,-0.5964168776786418,-0.30751790672375945,0.016737590893372498,0.3070092296209531,0.6512504886426836,-0.42121204457965783,0.6029559281885156,-0.3519711948752282,-0.1502419848616799,-0.18613993098893952,0.7115030272024402,0.4209562557219245,-0.029799970981198517,-0.007794808776104889,0.6518469784348764,0.08077686138357122,0.08077686138357122,0.1489355875221802,-0.021258695077722763,0.6518469784348764,0.05790597221516033,0.6320206761663318,-0.5265724589911842,0.15827876600729612,-0.1887352384196671,-0.2305968212080675,-0.2305968212080675,-0.5033540399787527,0.4209562557219245,0.579827805580364,0.23526625341916707,0.23473003069357568,0.5736443038815858,0.3294959368101059,-0.5033540399787527,0.6769775426604002,0.4572618789924863,-0.601738414716543,-0.48636396146671396,0.4874376992350996,0.6518469784348764,0.7680770486104533,-0.48636396146671396,-0.6308722462093536,0.3144005851440151,-0.15249578394645702,-0.15249578394645702,0.1489355875221802,0.05790597221516033,-0.4727881408483147,-0.12455349003388756,0.14300679140895517,-0.48332746078836086,-0.2919528342533607,0.7115030272024402,Control
MICH-01581,-0.5688510279352125,0.31922696193576033,-0.010344663812094168,-0.010344663812094168,-0.010344663812094168,0.5594914407304885,-0.20208775094093115,0.2993676533926143,-0.18480462701483982,0.5279726675878039,-0.548434620165279,0.14957105098369783,0.1863488023013166,0.07241591581411248,-0.07016711230685868,-0.5825133886766671,0.34182601293549664,0.052713383824722154,-0.1645675358910394,-0.03375181072390446,0.052713383824722154,-0.329489054217926,0.20046264257011687,-0.17040200662661015,0.14726896317488575,-0.565177045566693,-0.3051783445961281,-0.20155275384808416,-0.42363968445567424,0.07420277984545784,0.6531753787215125,-0.12973375076990135,-0.03375181072390446,0.48943785332297046,-0.6150951050290199,0.5125771351874684,-0.565177045566693,0.5125771351874684,-0.635230111679584,0.5125771351874684,0.0821525178848765,-0.41599410887170174,-0.3357842805458755,0.012236855151441503,-0.41599410887170174,0.6886467987004804,0.08100419761882992,0.38286652227812484,0.33911053253990453,-0.6048370095818798,-0.2999871999697076,-0.588699204295281,0.25102335043989693,-0.4542092399567583,-0.03375181072390446,-0.4542092399567583,0.59769475809892,0.6334844920762177,-0.44945430959967647,-0.5538213566540591,0.1882020051238145,0.148106463693359,0.148106463693359,-0.44945430959967647,-0.5856665789389564,-0.44945430959967647,0.14579480566121492,-0.5941473456885746,0.042001595653691055,0.3560139529470152,-0.3109729740754484,0.11932362991778833,-0.039171317440123386,0.260001385187198,0.13854366546179428,-0.2029617897767297,0.503827269732984,0.05300921900873901,0.7478793829213888,0.7478793829213888,0.23982886310510618,-0.43544612218935985,-0.3051783445961281,0.13854366546179428,-0.03316057647645614,0.02213404711465678,-0.3155073121439519,-0.2840063268466448,-0.3051783445961281,-0.342151332769341,-0.27768406901116466,0.1138624122596701,-0.18487926366667734,0.27851013891500426,0.04273552953740703,0.27851013891500426,0.06872578735702008,0.5482858236929185,-0.3051783445961281,-0.17083214112191042,0.061298847247274524,0.06872578735702008,0.12209248772743499,-0.44945430959967647,-0.44945430959967647,-0.08933460718857456,-0.4783879047327045,-0.23351151931422476,0.5306577699528124,0.25413622734403674,0.5482858236929185,0.5125771351874684,0.416491859310524,-0.19435306938561175,-0.2960498316300378,-0.1897441919901427,0.6334844920762177,0.48943785332297046,0.48943785332297046,0.14725925511695961,-0.6059132634734112,0.6066917849325842,-0.15735993876157314,-0.5766610497211198,0.1863488023013166,0.21470554089997046,0.44638183411540455,-0.10001990078829594,0.5948962368205146,0.593146039106557,-0.08198142589753242,-0.4462735337475352,0.3959550065820853,0.6535289693907369,0.03773668144847985,-0.02154453741158221,0.25102335043989693,0.3009408378954494,0.3009408378954494,0.31922696193576033,0.2518352277207593,0.25102335043989693,0.2996388157860638,0.03399247401184717,-0.2960498316300378,0.17680947017519735,0.0027116142456572907,-0.12527346938674216,-0.12527346938674216,-0.30891295044800166,0.6535289693907369,0.1882020051238145,0.09438532247202389,0.20031340584533522,-0.09839386209398403,0.15206489634919143,-0.30891295044800166,-0.2790267451759534,0.3381579166264808,-0.565177045566693,-0.44945430959967647,0.6898094299499009,0.25102335043989693,-0.46694287587138567,-0.44945430959967647,-0.42363968445567424,-0.12573379017774672,-0.021675291959492984,-0.021675291959492984,0.31922696193576033,0.2996388157860638,-0.26913653503664403,-0.15545647467805246,0.7197754219908779,-0.5538213566540591,0.07420277984545784,0.3959550065820853,Control
MICH-01582,0.22040524426629557,-0.48946753561309936,-0.16244349525883248,-0.16244349525883248,-0.16244349525883248,0.11613431556627785,-0.30846750181847443,0.13420160513199297,-0.10466094452750753,0.3179945523786701,-0.4892479606041927,-0.1667579422656044,-0.16629729016387834,-0.34220762959584805,-0.09812664902796787,0.16109223106846168,0.4387738119137302,0.0653856923527974,-0.2031685578480253,-0.39137916817157686,0.0653856923527974,0.47414348178381344,0.6142483968165835,0.2038038706570704,0.08348004174899006,0.5526081556375397,0.39924781188066316,0.06089795939572324,-0.05147340431288636,-0.526421396534235,0.4964228388043937,-0.40938275556387754,-0.39137916817157686,0.448559035546393,0.17921576970276545,-0.39230769250675845,0.5526081556375397,-0.39230769250675845,0.25752261793075243,-0.39230769250675845,-0.22448753307109343,-0.21587984058968396,-0.23451559892808066,0.3738431525414424,-0.21587984058968396,0.3625897592192817,-0.1375271372356652,-0.19298935642758142,-0.17075039465900405,0.25882421119898713,-0.21159623557694193,0.14778377342603533,0.628489501302048,0.21340228549498444,-0.39137916817157686,0.21340228549498444,-0.11974791072701853,-0.31697244686242204,0.6270092258158626,0.6096809540941738,0.40107227749271,-0.11289123798950006,-0.11289123798950006,0.6270092258158626,0.6324573534166894,0.6270092258158626,0.16912032869865876,0.6243289152094549,-0.5730137188546289,0.15442597978685518,0.14167390633400706,0.01050127222067798,-0.14173873045030225,-0.30397842648071877,0.26898739280696055,0.20672293772853573,-0.23198195193484392,0.024165216880568975,0.3749840867041632,0.3749840867041632,-0.010433503146099246,0.6371994802021154,0.39924781188066316,0.26898739280696055,0.31056924521197654,0.21619958972359854,-0.11151547362132369,-0.5053189906771712,0.39924781188066316,0.13767603909963283,0.20761517985200822,0.03724959253287911,0.2550599899699449,-0.15313012938445653,-0.36729537758949654,-0.15313012938445653,0.22192831742317803,-0.06405536253590255,0.39924781188066316,0.19302293539345602,0.3010319490392699,0.22192831742317803,0.021541396577312796,0.6270092258158626,0.6270092258158626,0.15528768085305905,-0.12143137567769903,0.0518657472779591,0.08501898325935019,-0.45508948027577417,-0.06405536253590255,-0.39230769250675845,0.11943928594252831,0.2714473293154065,0.19561536265176943,0.2821233786951499,-0.31697244686242204,0.448559035546393,0.448559035546393,0.09195898073873102,0.3005690863971402,-0.03371554993040628,0.08589356852896056,0.5616854732201733,-0.16629729016387834,-0.03487827105078354,0.36756014236381085,-0.12123767750278507,-0.46913944560051046,-0.4142545066762227,-0.07517113738404653,0.41836931164919644,0.5992225933404173,0.3920836378161942,-0.11840047259746173,0.0018474998015133813,0.628489501302048,-0.20360352072399365,-0.20360352072399365,-0.48946753561309936,-0.4809409672227636,0.628489501302048,-0.4458100914193765,0.22511302061085753,0.19561536265176943,-0.26630483757816803,-0.4646216776110856,0.6354770961829845,0.6354770961829845,0.12411795416054348,0.3920836378161942,0.40107227749271,0.053411498742079046,0.1931881871425776,0.36438738000587867,0.1651788150486036,0.12411795416054348,0.3644716147231253,0.26173964444231007,0.5526081556375397,0.6270092258158626,0.23570645621327477,0.628489501302048,0.7705670772364269,0.6270092258158626,-0.05147340431288636,-0.12703801813380827,-0.37668427238769103,-0.37668427238769103,-0.48946753561309936,-0.4458100914193765,-0.12408405293151269,-0.4411985990476332,0.06293262699955662,0.6096809540941738,-0.526421396534235,0.5992225933404173,Control
MICH-01583,-0.4186794299735963,0.340512053023858,-0.05538743213773618,-0.05538743213773618,-0.05538743213773618,0.619460556806434,-0.5366425036542355,-0.2915981114733256,-0.07481122546770827,-0.3926882927071103,0.2828199949653497,-0.4981212460763036,-0.5744332854974956,-0.5750166833414647,-0.30315911003125096,0.724871906871602,-0.4333877738757397,0.5674596561350724,0.026734760320483015,-0.403821176890085,0.5674596561350724,-0.18919414613940608,-0.5039828170840158,-0.38735573034428733,-0.22216917824103402,-0.3006340656110399,0.07371759756629637,0.19854348352806453,-0.4807443450672216,-0.4221502932520244,0.3799847570560234,-0.1802120147609462,-0.403821176890085,0.4166861139386113,-0.5650567655564497,0.3147087059819913,-0.3006340656110399,0.3147087059819913,0.6772229879073167,0.3147087059819913,-0.6201801762311911,0.2907793688095008,0.25892073708656205,-0.3567217246364728,0.2907793688095008,0.5774376890560915,-0.2724989990251048,-0.3322288308750387,-0.28176523025221145,0.6966404723185539,-0.5303775977396205,0.6611552361223532,0.7297693355810655,-0.2138333210358779,-0.403821176890085,-0.2138333210358779,0.39684101676992245,0.4790483622398951,-0.32048771254907477,-0.3567197276481209,0.5978298717613384,0.30345590546702267,0.30345590546702267,-0.32048771254907477,-0.25232933990502304,-0.32048771254907477,0.08170008394775341,-0.5383396349251519,0.10523852826351052,0.550626428999698,0.2509023762106584,-0.16242763423422854,0.05478569389403372,-0.31920855883115035,0.08013230487434755,0.08660227300241172,0.41252537871479106,-0.16714013957429008,0.515203792304031,0.515203792304031,-0.0938800337882178,0.5981104835713292,0.07371759756629637,0.08013230487434755,0.23780715953539275,-0.10258330667584423,0.06162837851531705,-0.37352884159438726,0.07371759756629637,0.0373684335593314,0.27606636406812635,-0.016480198659646547,0.019047443594624194,-0.48317115000591954,-0.5645064779989232,-0.48317115000591954,-0.21220897227713342,-0.45932060013326703,0.07371759756629637,0.5039173310386098,-0.013391113276020918,-0.21220897227713342,-0.15219318139688887,-0.32048771254907477,-0.32048771254907477,-0.31201648736599547,0.1172314820023168,0.41244570828068267,-0.07168289395523801,0.2741307084724127,-0.45932060013326703,0.3147087059819913,-0.5950058549990931,0.061972605745938034,0.01998173759615878,0.06570306677199508,0.4790483622398951,0.4166861139386113,0.4166861139386113,0.40378228095174096,-0.03316407886383935,0.4682963917874118,0.2582889011626094,-0.36123540245060193,-0.5744332854974956,-0.34878347791928993,0.49009185596746696,-0.5828202231442613,0.43386637746069423,-0.558598138946061,-0.35171014271516876,-0.21634542485002767,0.5278570806607742,-0.039789985853593855,0.1420449791377878,-0.05349477371787238,0.7297693355810655,0.11671178231445317,0.11671178231445317,0.340512053023858,0.15817660521031476,0.7297693355810655,0.2610972501870453,0.04829412038102659,0.01998173759615878,-0.1437493664166212,0.4401681783175529,-0.04654212075565212,-0.04654212075565212,-0.3047657700202542,-0.039789985853593855,0.5978298717613384,-0.004414386950948493,-0.2547984075096027,0.6253174159856992,-0.22245087344578537,-0.3047657700202542,0.16074347549127604,0.4694556921149378,-0.3006340656110399,-0.32048771254907477,0.6921772699862386,0.7297693355810655,-0.43017847150736177,-0.32048771254907477,-0.4807443450672216,0.02204022906057098,-0.06523845833960376,-0.06523845833960376,0.340512053023858,0.2610972501870453,-0.30218220725894857,0.06455348340660925,-0.5562137516551442,-0.3567197276481209,-0.4221502932520244,0.5278570806607742,Control
MICH-01584,-0.5968145426222943,-0.3995498891155078,-0.15306455750199796,-0.15306455750199796,-0.15306455750199796,0.2165523665170572,-0.4371641767415821,0.6311552226865064,-0.17780226062657664,0.41881743967220214,-0.3643777024534691,0.1807944578412646,0.45374145735809973,0.16064267861034592,-0.3552878339114397,0.5978284519840219,-0.21572787558519704,0.44008371154835213,-0.16620215379931075,-0.059015281887925056,0.44008371154835213,-0.3040957643121567,-0.02769609775349845,-0.023979929357147375,0.07078538990319425,-0.04605109077868115,-0.38528591809656376,-0.23512055746057692,-0.5112127262292592,0.49801791438467513,0.6018467300453955,-0.4835506147180423,-0.059015281887925056,0.3249856094403704,-0.36620448204170597,0.5989431826164365,-0.04605109077868115,0.5989431826164365,-0.6003679840281689,0.5989431826164365,0.14450064778800403,-0.33742154152845005,-0.15489488314534533,-0.0592485371448771,-0.33742154152845005,-0.5906941911563723,-0.2835572757893492,-0.3450131098084092,-0.3440592684398732,0.3794217001705014,-0.3607300314212886,0.5096242114625377,-0.20765486907548478,-0.5507946564919859,-0.059015281887925056,-0.5507946564919859,0.6721241586429836,0.5623868429081801,0.5960563441121506,0.09937049426371142,0.2374036290322606,-0.4909766402392687,-0.4909766402392687,0.5960563441121506,0.4351051302951212,0.5960563441121506,-0.49652288286186275,-0.43633017020289583,0.23261106446458815,0.3943471143036812,-0.5242177263094012,0.09480214323872355,0.42477522461717204,0.5944714902549808,-0.5132897050841388,-0.1952887769842057,0.5305966599633978,0.15782914939173806,0.05908009896440357,0.05908009896440357,0.16240114526830784,-0.3682194601863497,-0.38528591809656376,-0.5132897050841388,-0.4451746589603769,-0.3834087611149128,-0.4538815555263319,-0.30456479325805996,-0.38528591809656376,-0.3593092364644756,-0.45777973244404513,0.04433906055385722,-0.21642264801987499,0.7120831205850309,0.282282439014466,0.7120831205850309,-0.5086509315521868,0.705023798305112,-0.38528591809656376,-0.39687092873644436,-0.4816836797133716,-0.5086509315521868,0.09356949434132882,0.5960563441121506,0.5960563441121506,0.0977356191720744,-0.4294850675372974,0.018277189790383144,0.5195019560653182,0.25355004286918653,0.705023798305112,0.5989431826164365,0.4733727143136179,-0.23418639344388384,-0.19029172009258258,-0.24481956716986294,0.5623868429081801,0.3249856094403704,0.3249856094403704,0.12991942566334375,0.6001008304904878,0.5429524991578544,-0.5598294985344369,-0.07150579283098932,0.45374145735809973,0.7254275085375542,0.39341845863399205,-0.1893204871216314,0.45756745994002235,0.5177665510166982,-0.10215507294675272,-0.31042052141788967,0.03367069310442786,0.49894869120594626,-0.023945398280082693,0.1693087431853072,-0.20765486907548478,-0.24413036072133668,-0.24413036072133668,-0.3995498891155078,-0.17187475513827213,-0.20765486907548478,0.2994932545604677,0.03410649877882175,-0.19029172009258258,0.17753038258411835,-0.2944440364400994,-0.2747066575136455,-0.2747066575136455,-0.06369274882871534,0.49894869120594626,0.2374036290322606,0.09728594758789233,0.19549800777692425,-0.14066703359446067,-0.5686367934110224,-0.06369274882871534,0.0246189641626452,0.031656794809001534,-0.04605109077868115,0.5960563441121506,0.7149081497841584,-0.20765486907548478,-0.024793038187354316,0.5960563441121506,-0.5112127262292592,-0.26810514780440964,-0.4516044441369306,-0.4516044441369306,-0.3995498891155078,0.2994932545604677,-0.2724750437575077,-0.2312282556019926,0.7437928475918356,0.09937049426371142,0.49801791438467513,0.03367069310442786,Control
MICH-01585,-0.5186350133424282,-0.4461159499926269,-0.1598467679617398,-0.1598467679617398,-0.1598467679617398,-0.22119140189896486,-0.536953221441537,-0.34681306644251747,0.1293791543837484,0.053807643319446534,-0.1930278956616154,-0.42416327965230016,-0.44454954503637345,-0.5556296671608186,-0.43546292106304757,0.6151908772568677,-0.30734219699048343,0.7178148676206665,-0.13259405621610953,-0.526690570008924,0.7178148676206665,0.4330232405045965,0.5746208758740815,0.5197833395561499,-0.11382430220442086,-0.5405345993212819,-0.4448237753710293,0.11282433677954237,-0.6447195216347071,-0.47246892937850066,0.507198002397215,-0.2870898654250774,-0.526690570008924,-0.4382408927102504,0.0729169603780274,0.3722530880323537,-0.5405345993212819,0.3722530880323537,0.5034528566842985,0.3722530880323537,-0.5227953491993798,0.3870078557605578,0.43513998736077064,-0.483000480732452,0.3870078557605578,-0.26094131476248694,-0.3866717783737041,-0.41484628803871826,-0.4123786886292581,0.35973456821472705,-0.5791846258307081,0.48727625135973895,0.46881332454130786,-0.5444656387305467,-0.526690570008924,-0.5444656387305467,0.5625087749340623,0.17926631440108826,-0.4523508179024848,-0.5776772950026502,0.5772158116090241,-0.5738292348222506,-0.5738292348222506,-0.4523508179024848,-0.45124247527556705,-0.4523508179024848,-0.33092529389826114,-0.21064403949575647,0.2524485404672853,-0.20686416051055892,0.2037823944591181,-0.030869639398552366,0.07417188211258051,-0.03797526612329817,-0.29047574422722716,0.2182318718246274,0.48956070639407995,-0.019746014367323716,-0.5996700564409658,-0.5996700564409658,-0.3976327213285055,0.7154412888348436,-0.4448237753710293,-0.29047574422722716,-0.4215466874941311,-0.30147737108988115,-0.32317294715235373,-0.4144279471990835,-0.4448237753710293,0.38868092980974395,0.3250301062070298,-0.3124214091561007,0.18401808574005443,-0.35973322374501304,-0.5797045713771446,-0.35973322374501304,0.3928257396595295,-0.35254718076363395,-0.4448237753710293,-0.17781922674919934,-0.2876364615955846,0.3928257396595295,-0.03674424477733908,-0.4523508179024848,-0.4523508179024848,-0.3335012868685809,0.26368266596241463,0.32960176240340183,-0.37127409711919945,0.09498424985313772,-0.35254718076363395,0.3722530880323537,-0.041276996185004244,-0.011009357826492953,-0.42383891907907684,-0.05484083377953159,0.17926631440108826,-0.4382408927102504,-0.4382408927102504,-0.37483319006661525,-0.037043605827358266,0.09936079204384306,-0.26643966658472157,-0.4320926478961475,-0.44454954503637345,-0.35432017667341226,-0.27669433026211654,0.16079547743574377,-0.5998756160899024,-0.3632999342308183,0.22694782149969875,0.19509727884380113,-0.09051556678267313,0.10574764654754401,-0.11087664558437484,0.0706286313378953,0.46881332454130786,-0.4725764104549172,-0.4725764104549172,-0.4461159499926269,-0.4651553475663575,0.46881332454130786,-0.4204390373547425,0.16032888014520166,-0.42383891907907684,0.09933881981725896,0.005330035003465459,-0.3065166748278951,-0.3065166748278951,-0.35491446140998517,0.10574764654754401,0.5772158116090241,0.20064165223255107,0.12040020381660738,0.5935024307800354,0.5353606752457568,-0.35491446140998517,-0.15075179479990103,-0.13260799632477535,-0.5405345993212819,-0.4523508179024848,0.5965419015086132,0.46881332454130786,0.04271911053475722,-0.4523508179024848,-0.6447195216347071,0.0957441757632624,-0.29228809407190104,-0.29228809407190104,-0.4461159499926269,-0.4204390373547425,-0.2392471743151507,-0.00927321105308822,-0.03527527024541171,-0.5776772950026502,-0.47246892937850066,-0.09051556678267313,Control
MICH-01586,0.29815658526739564,0.8137523890407485,-0.4888188201087895,-0.4888188201087895,-0.4888188201087895,0.583438957071412,0.014660333204802048,0.3004428765659591,-0.09559978548789475,0.005534836976379625,-0.044327922857762214,0.1585227023964523,0.034011564499355995,0.09459622463666191,0.03608742822701611,0.2181016246248061,0.21994550257590634,-0.08374407090322444,-0.08157615955089464,0.05070540715204349,-0.08374407090322444,-0.13589513827318045,-0.13134875355912728,-0.33456410491638894,0.24365300192837236,0.2193364267308241,0.4291731381419794,-0.14968665141843132,0.609281649706928,0.08983871067643713,-0.3886293846418634,0.17379739289273893,0.05070540715204349,0.3634571290653565,-0.5626700844271967,0.006730119830451551,0.2193364267308241,0.006730119830451551,-0.2529484718513866,0.006730119830451551,0.3286217794019844,-0.4339091425339235,-0.3899680854780575,0.23598833632907115,-0.4339091425339235,0.019244254583052876,-0.15665656790801194,-0.42077154010087436,-0.36363609967684946,0.6362271820010614,0.6769969602907429,0.5744838885035187,0.22121441056784377,-0.3810577734857257,0.05070540715204349,-0.3810577734857257,-0.5117469052094474,0.308756884945074,-0.5474486059312339,-0.044431359476036866,-0.024982497040124854,0.20047679524521664,0.20047679524521664,-0.5474486059312339,-0.4006473009948912,-0.5474486059312339,0.5434702230679721,-0.3736869376969178,0.18687770754590935,0.11724650082978515,-0.19766293166929363,0.3372312823134091,-0.24236915167340667,0.2278788410118291,0.5664190832595009,-0.22344261523194256,-0.40038479316147724,0.3637292433022001,0.026584123980332917,0.026584123980332917,0.27231125776282483,-0.5049383147994779,0.4291731381419794,0.5664190832595009,0.5595630085345118,0.5352598825336466,-0.4737405989879155,-0.47299531955337343,0.4291731381419794,-0.06234769327880981,-0.33401474143268345,0.32628745975124507,-0.1674142039423511,0.6057001143689947,-0.3234019484130503,0.6057001143689947,0.4117462969455275,0.5329526017087104,0.4291731381419794,0.025102361217533863,0.510441913343298,0.4117462969455275,0.269261410867963,-0.5474486059312339,-0.5474486059312339,-0.2957206762195634,-0.4545932855241923,-0.20706478472646375,0.510708706754306,0.3871523627501933,0.5329526017087104,0.006730119830451551,-0.3273615348407936,-0.16790375195380075,0.5613112864325785,-0.13272931730223844,0.308756884945074,0.3634571290653565,0.3634571290653565,0.34006566067965904,0.3237471064988234,0.5119450819851543,-0.4753757658690257,-0.07802104896571059,0.034011564499355995,0.21324785298648427,0.4792845318696233,-0.3079625015856967,-0.2595609872794349,0.3501697613347476,-0.044153886130383284,-0.41156350540450404,0.43103261270412985,-0.34978005717174815,0.3486474786668124,-0.3372760669118074,0.22121441056784377,0.32297270498583447,0.32297270498583447,0.8137523890407485,0.3944344941443213,0.22121441056784377,0.8356374765542627,0.23050883954724796,0.5613112864325785,0.06634291424836218,-0.2255805446950164,-0.6136747522691034,-0.6136747522691034,0.09279740926193304,-0.34978005717174815,-0.024982497040124854,-0.21995355435538183,0.09203605004003063,-0.2532284353627913,-0.5766754826382935,0.09279740926193304,-0.22786925657075394,-0.16793482715558658,0.2193364267308241,-0.5474486059312339,-0.5571139774070071,0.22121441056784377,0.6109691539412601,-0.5474486059312339,0.609281649706928,-0.29402137478286894,-0.4633906677196924,-0.4633906677196924,0.8137523890407485,0.8356374765542627,-0.34356213181408846,-0.15682006706683932,-0.4905129751049037,-0.044431359476036866,0.08983871067643713,0.43103261270412985,Control
MICH-01587,0.12578159887852916,-0.41530848666821346,-0.44598910193255936,-0.44598910193255936,-0.44598910193255936,-0.2790767518280514,0.22631920336235706,-0.24150833018119253,-0.17149802927443442,-0.5252598546187549,0.1715287637623776,0.25775045640636696,-0.09888787053895022,0.17995909521764045,-0.3625299343539863,0.6582690276007677,-0.1323387109953448,-0.46572923108315006,-0.28933556783506104,0.5111989067433513,-0.46572923108315006,-0.5654368710448889,-0.41490778439183695,-0.2245649935160204,0.49913792488724174,0.07659642087430704,0.40719560209839273,-0.18695628819041588,0.22432038689639133,0.20031149698954834,-0.19177802253162804,0.39969111036075106,0.5111989067433513,-0.5726496909347893,-0.04980769662774534,0.2882871200868921,0.07659642087430704,0.2882871200868921,0.38092878318341516,0.2882871200868921,-0.3100912836051421,0.23569965936837292,0.031995960396651965,0.05224987282525222,0.23569965936837292,0.5041898430650243,-0.3234637168050261,-0.48302886248782156,-0.40665008912939815,0.5817159759248897,-0.31667501752510735,0.6762789520337701,-0.15576093962374885,0.17518888498723373,0.5111989067433513,0.17518888498723373,0.33309577591472195,0.19155317092001922,-0.485671501093379,0.027196539882303274,-0.15026909618832696,0.5329383487682755,0.5329383487682755,-0.485671501093379,-0.1547987737422606,-0.485671501093379,0.339712874829457,-0.2501229168204595,0.4663365624978617,0.5424466870680034,-0.3959700081473294,0.4922714616473899,-0.2966317447159679,-0.1996349650849266,0.28982384022297,-0.33245475622640336,0.34253937484776376,0.4784794732041948,-0.13794159451583954,-0.13794159451583954,0.5584210712239963,-0.31993352702524425,0.40719560209839273,0.28982384022297,0.37763381679819175,0.4029028726710029,-0.44516523122215335,-0.19295441357779847,0.40719560209839273,-0.20309847257126112,-0.44039091145578574,0.35046136577090314,-0.3276797377021896,0.0731009719522132,0.11723801010074053,0.0731009719522132,0.172659843498374,-0.12030119673042114,0.40719560209839273,-0.024043780940079935,0.3173800331338613,0.172659843498374,0.48820190079706643,-0.485671501093379,-0.485671501093379,-0.2751601162272983,0.38363132126357535,-0.2998724481354977,-0.25599835460742665,-0.19364859185680428,-0.12030119673042114,0.2882871200868921,0.5042226652423931,-0.10197557403386981,0.5235743146998705,-0.09982968779568893,0.19155317092001922,-0.5726496909347893,-0.5726496909347893,-0.4502176092387002,0.1982233991076322,0.1275709876724628,0.6410858466920665,-0.04028450249795322,-0.09888787053895022,-0.1826486579315635,0.6454208674207409,-0.4060913225103335,-0.06620141294021355,-0.5484806953965065,-0.3067986079892096,-0.35390660923795125,-0.27443615053490666,0.44966230417016984,-0.583350384075519,0.5751482013611775,-0.15576093962374885,-0.08344014762720744,-0.08344014762720744,-0.41530848666821346,0.010314457039149186,-0.15576093962374885,-0.3986272853352241,0.21879027409068352,0.5235743146998705,0.2888004996743718,-0.2704442970687627,0.5344979706416245,0.5344979706416245,0.09052457415490106,0.44966230417016984,-0.15026909618832696,0.4794726408688789,0.28946908572815044,-0.02875670113603858,-0.48072434415425586,0.09052457415490106,0.38168112783897307,-0.18996020019638665,0.07659642087430704,-0.485671501093379,0.18307765716297317,-0.15576093962374885,0.747862659040436,-0.485671501093379,0.22432038689639133,-0.13011061314103298,-0.15273326530888393,-0.15273326530888393,-0.41530848666821346,-0.3986272853352241,0.47317613086607296,0.7495426970529571,0.30757235881768735,0.027196539882303274,0.20031149698954834,-0.27443615053490666,Control
MICH-01588,0.6252003183377892,-0.15807028035114332,-0.1617059177973296,-0.1617059177973296,-0.1617059177973296,0.4418974876502038,0.35030076615450345,-0.07606605161110631,-0.11487624799265281,-0.4548242479989587,0.20875819408692092,0.39392637968233496,0.40255080557428496,0.48925097893418246,-0.08167344396484841,0.2623805969666769,0.37300485015307344,-0.42377113888102724,-0.16486828176060647,0.09348224250009173,-0.42377113888102724,-0.16645691820373945,0.5083526396396488,-0.031435571516995026,-0.11932073328727476,0.28662364443634675,-0.5915740539060426,-0.06906943002668371,0.5294119980127738,0.6549708106473016,0.05252626235759498,-0.07932015908415986,0.09348224250009173,-0.5913822202913152,-0.29238904893809864,0.015664912308109905,0.28662364443634675,0.015664912308109905,-0.4414426311272361,0.015664912308109905,0.3889970415331241,0.2483498240866434,0.3381971304102981,-0.19706024898397156,0.2483498240866434,-0.46350716068744263,-0.1995366395273364,-0.3993451977825948,-0.4053388735605683,0.3388825406650292,0.6292485531637483,0.3633064452515041,-0.23620800309805468,-0.3198056354967168,0.09348224250009173,-0.3198056354967168,-0.5949553206754463,-0.15661819802761687,-0.1122420398776965,0.09579201464813279,-0.43549976564953263,-0.602651526288649,-0.602651526288649,-0.1122420398776965,-0.021244571238609396,-0.1122420398776965,-0.34438715728567626,0.09488210791130494,-0.5248307317234252,0.28691875246909593,-0.34153735821348175,-0.159095464910877,0.48021206358548657,0.39439403038507276,-0.3409908047327135,-0.04681395239416222,-0.5800883714190063,-0.12064630936437491,-0.5147208121685019,-0.5147208121685019,-0.33034264953971093,-0.3996351155226414,-0.5915740539060426,-0.3409908047327135,-0.36432037823168223,-0.3559438967106695,-0.19423408494040606,-0.3827124485832233,-0.5915740539060426,-0.1553030341192537,-0.2708775176431539,0.008216347255973106,-0.07693026352350661,0.11870410666271854,0.574571201381059,0.11870410666271854,0.5976412923469243,0.13974200595401445,-0.5915740539060426,-0.27054523041680356,-0.4783369620877088,0.5976412923469243,-0.21766877903264012,-0.1122420398776965,-0.1122420398776965,-0.1589443107873185,-0.009679213754369179,-0.10277544730976952,0.144470650252783,-0.0967444179509695,0.13974200595401445,0.015664912308109905,0.596271138095784,-0.10003706409370533,0.027360909529398323,-0.11375605828911868,-0.15661819802761687,-0.5913822202913152,-0.5913822202913152,-0.4046005498730857,0.240238264492708,0.3595514238668767,0.5515776389928118,0.2425057731151429,0.40255080557428496,-0.009740287557571458,0.025288935374597185,-0.33263505741048177,-0.20343074049619359,-0.17663214318753734,-0.20124684773379134,-0.23712839699802385,-0.0717426259630256,0.5587335013137544,0.0434879719543847,-0.2015625667570771,-0.23620800309805468,-0.28571296365647125,-0.28571296365647125,-0.15807028035114332,-0.25351784078438305,-0.23620800309805468,-0.11190767143952923,0.41157766536680707,0.027360909529398323,-0.10841718165814841,-0.4017424446173728,0.12029935886762656,0.12029935886762656,0.40455409837413014,0.5587335013137544,-0.43549976564953263,0.0886675116895793,0.07660327127569655,-0.30195889732343395,0.2309038489096571,0.40455409837413014,-0.1717106928588036,-0.2729178059495735,0.28662364443634675,-0.1122420398776965,0.5927416566830322,-0.23620800309805468,-0.014875837260387218,-0.1122420398776965,0.5294119980127738,0.012617474636585893,-0.2522148700612041,-0.2522148700612041,-0.15807028035114332,-0.11190767143952923,-0.34258841107524757,-0.3483248462617094,0.32122682723433915,0.09579201464813279,0.6549708106473016,-0.0717426259630256,Control
MICH-01589,0.041406900795385906,0.6591922094836696,-0.4408604144870531,-0.4408604144870531,-0.4408604144870531,0.39368367383766556,-0.014864838939231163,-0.07145110068660752,-0.08615401431444362,-0.06236536485450856,0.12432797288517837,0.15033442440645492,0.15858647470370485,0.12170134730943657,0.3233977684142051,-0.6041424976105474,-0.08114163179227901,-0.07881028628783698,-0.3495578626777167,0.24800548512947554,-0.07881028628783698,-0.30215861698258284,-0.35874838920760144,-0.4467694618455958,0.3811664127991196,0.10435329148593211,0.5402090074097144,-0.03702797232978383,0.05365554813430261,-0.30586362183552734,-0.21074103691689222,0.2588467042411718,0.24800548512947554,-0.5451190810101822,0.08846984196256567,0.6779867504386202,0.10435329148593211,0.6779867504386202,0.12209602588882884,0.6779867504386202,-0.3519690459188386,0.05280266015787065,0.009205532630963935,0.042381822843392356,0.05280266015787065,0.050341304942171886,0.3071030927006275,0.37403021135512643,0.3463285190281485,-0.4259178832768559,-0.46532939166306897,-0.45419232429331147,0.30852940152281366,-0.3859942048557379,0.24800548512947554,-0.3859942048557379,0.5721461031439578,0.35783260335974476,-0.5207303825748298,-0.01732805382813817,0.054214602273628315,0.17104609507629212,0.17104609507629212,-0.5207303825748298,-0.20066328824260113,-0.5207303825748298,0.4282801291580971,-0.3643436175018349,0.16598568885032344,0.19519000021801666,0.4338628813649321,0.45258114951321304,-0.4636207575013972,-0.35425847171691144,0.3811544488359719,-0.23688197846601225,0.6749020575729694,0.4312364642659954,-0.2998446281856068,-0.2998446281856068,0.5501536781568036,-0.33819135709381143,0.5402090074097144,0.3811544488359719,0.4513812381145519,0.5005900558652949,-0.30364375521086084,-0.2495419593618249,0.5402090074097144,0.11162306305569825,0.3278813933002815,0.37048304540635174,-0.19231282035968225,-0.24943596733918283,-0.41609594937785105,-0.24943596733918283,0.13613337662750435,-0.2892872264189729,0.5402090074097144,0.6362404164898016,0.45466616467475385,0.13613337662750435,0.451649763480646,-0.5207303825748298,-0.5207303825748298,-0.345149394273893,0.269507354295752,-0.25531089292343656,-0.4417188640620784,0.7035613280002755,-0.2892872264189729,0.6779867504386202,-0.5000661511199048,-0.01975738594998235,0.4598118046419123,-0.0025002853867910403,0.35783260335974476,-0.5451190810101822,-0.5451190810101822,0.573748291376175,0.2808275684440668,-0.11471916310900014,0.5906951328575868,-0.12302574126400094,0.15858647470370485,-0.18498296589537858,0.4238076474565431,-0.12826344071416299,0.2790879640383032,-0.5010291106955895,-0.22443436445008164,-0.2972370476863836,0.6569076468727835,-0.5763417480993215,-0.31921893708549354,0.331218455711881,0.30852940152281366,0.4905935918017871,0.4905935918017871,0.6591922094836696,0.5263520698794734,0.30852940152281366,0.7510133950220982,0.18775607717409193,0.4598118046419123,0.4381990455786504,0.005471161188089626,0.5035589350055167,0.5035589350055167,0.06846363590648775,-0.5763417480993215,0.054214602273628315,0.2545390238852111,0.4265867222282852,0.09806819630008601,-0.1775100945570397,0.06846363590648775,-0.3856276377348146,-0.3162949968435978,0.10435329148593211,-0.5207303825748298,-0.5707582975738081,0.30852940152281366,0.5114681084309959,-0.5207303825748298,0.05365554813430261,-0.19475561517507214,-0.35273296699760237,-0.35273296699760237,0.6591922094836696,0.7510133950220982,0.1708365335788721,-0.06383046930093227,-0.5585749764990581,-0.01732805382813817,-0.30586362183552734,0.6569076468727835,Control
MICH-01590,0.09585030219214213,0.1628286205656301,-0.49347319709652254,-0.49347319709652254,-0.49347319709652254,-0.6335010743024201,0.36252547773892174,0.22968141350149934,-0.07552571819103625,0.47863525726072176,-0.4095018945396967,0.20573119771874676,0.0810912016434968,-0.04105138885866691,-0.0005601041364220898,0.5783643246661849,-0.06815118690411424,-0.26284487188375055,-0.41102810330217515,0.6591855030169088,-0.26284487188375055,0.3121334688942068,-0.37220182039300087,-0.15511644403403888,0.5458389513504628,0.1569502554655222,0.5354646887755452,-0.13449678606324908,0.29895952189287267,-0.6240481409834533,0.1814450680762696,-0.28882322997974885,0.6591855030169088,0.5935464148626928,-0.41849506349613425,0.3470359542606342,0.1569502554655222,0.3470359542606342,0.4852939779803653,0.3470359542606342,-0.425802717190121,-0.22116634547789957,-0.012366234987063265,0.10523396251908759,-0.22116634547789957,-0.1546123521201602,-0.19654797005064428,-0.38818750497567384,-0.3301290540810659,0.6541039036023127,-0.19069474391382737,0.6800101643577173,-0.43611779184992144,0.11520365636751245,0.6591855030169088,0.11520365636751245,0.09511815931834067,0.15909922913130994,0.3460949232787256,0.17568834954640758,-0.2582468884508657,-0.23603500576271247,-0.23603500576271247,0.3460949232787256,0.02475603036850687,0.3460949232787256,0.5932159486299576,-0.412385248376002,0.620283021579859,-0.4484005875251698,0.3753818099886157,0.6068675752108985,-0.5695130521331597,-0.35473993047483343,0.5519121196750155,-0.201660004406224,0.11283753063785355,0.5883359811534781,-0.2664514078881484,-0.2664514078881484,0.6485728485175339,-0.43670955462799965,0.5354646887755452,0.5519121196750155,0.5701803161907718,0.6444206248873968,-0.38084315968645727,-0.48182110711569615,0.5354646887755452,-0.103668701364661,0.3377942321612279,0.4584598301512757,-0.15674621103533828,0.006024881475473217,-0.5679676285866327,0.006024881475473217,0.5869068188405977,-0.02213036876732328,0.5354646887755452,0.19780428891705,0.5504393479909452,0.5869068188405977,0.6007449443443192,0.3460949232787256,0.3460949232787256,0.09116575864943366,-0.2674333460599546,-0.2631170806305145,0.48527325848664365,-0.2459260373690866,-0.02213036876732328,0.3470359542606342,-0.12193054600765588,-0.01615145214219997,0.5476714183958707,0.002483645938824169,0.15909922913130994,0.5935464148626928,0.5935464148626928,0.00962686377420371,-0.28611656326129703,-0.03679362711356093,-0.3798503506633939,0.016636480168124863,0.0810912016434968,0.11952731343179974,-0.38346929927471163,-0.1896079287299474,-0.32490279051042675,-0.5268719986708779,0.010428533441111039,-0.20241882868081598,0.18866100872226896,-0.27965864909333066,-0.1627541680375758,0.06023034418866691,-0.43611779184992144,0.18534888216278442,0.18534888216278442,0.1628286205656301,0.21057096598567127,-0.43611779184992144,0.09406656558466958,0.5670488418701288,0.5476714183958707,0.19583945147744236,-0.30293996538824297,0.4522476184468554,0.4522476184468554,-0.07380516507293496,-0.27965864909333066,-0.2582468884508657,0.4223878955714189,0.2877803282616822,0.06487035215945951,-0.5766754826382935,-0.07380516507293496,-0.4171585083207816,-0.4337731119501931,0.1569502554655222,0.3460949232787256,-0.12600579013149196,-0.43611779184992144,-0.4309349136897615,0.3460949232787256,0.29895952189287267,-0.14914951780610192,-0.1383883692801209,-0.1383883692801209,0.1628286205656301,0.09406656558466958,0.4838819627912806,0.7114989205080403,-0.06813777925424405,0.17568834954640758,-0.6240481409834533,0.18866100872226896,Control
MICH-01591,-0.4262080896649066,-0.45641818709369925,-0.47520306071358814,-0.47520306071358814,-0.47520306071358814,0.30373635635120694,-0.040867594245767094,-0.41818988001173385,-0.18348130869482612,-0.3667668938228664,0.16518680680032552,0.31437044194336217,0.2975829800811723,0.4635839150775136,-0.2703765849337826,-0.5697198802545497,0.5631765140923177,0.25331936148839035,-0.18660044733047262,0.5522320143877958,0.25331936148839035,-0.5144804935941347,-0.3792736780495807,-0.324609246774258,0.291184506892791,-0.2167842431407408,0.5904638613856029,-0.15512871669873293,-0.20217807246831118,0.2401323599587695,0.3361394765151068,-0.12534339262405308,0.5522320143877958,-0.5660032699857291,-0.5742140164926497,0.5439534707919644,-0.2167842431407408,0.5439534707919644,0.5904192263135105,0.5439534707919644,-0.1721022769961509,0.5107644330143398,0.4176890951230761,-0.2314954647599959,0.5107644330143398,-0.2789200507527163,-0.1430673284071489,-0.034320697707628,0.005878129811937119,-0.6218000427001412,-0.6180640578588342,0.11164143458411478,-0.002056191786424373,0.28230263055363003,0.5522320143877958,0.28230263055363003,0.6259817643854891,0.6016628173749217,0.23732098640832353,0.00791179565181493,0.1716787256542464,0.21139752248548363,0.21139752248548363,0.23732098640832353,0.08429263493305651,0.23732098640832353,0.6431374018733382,-0.617695371184296,-0.4196741337211799,0.6342901503912733,-0.3707350149076457,0.3911522389240672,-0.5300378665712847,-0.1422270443961449,0.6522738184099538,-0.20564862730896796,0.4906842295538,0.4071267245726004,0.5381119095047837,0.5381119095047837,0.4559121721487825,-0.10514001732044606,0.5904638613856029,0.6522738184099538,0.6333408658788815,0.6612935812837675,0.4666109088088395,0.5659690351233715,0.5904638613856029,-0.35515307299013643,-0.4424968675465965,0.3375524186171804,-0.2559901451622757,0.19652935364262794,0.27725471998395346,0.19652935364262794,-0.0907592381029601,-0.4190035784881637,0.5904638613856029,-0.17609051934139489,0.6400790774735944,-0.0907592381029601,0.41295388698404994,0.23732098640832353,0.23732098640832353,-0.3842801511894877,-0.03432934056657274,-0.14778943822304103,0.24138805535494226,-0.4452556637648835,-0.4190035784881637,0.5439534707919644,0.38303186537853345,-0.09063561307232551,0.5893669622579738,-0.07667964651689971,0.6016628173749217,-0.5660032699857291,-0.5660032699857291,-0.23284933960964047,0.5263314791490604,0.5881227377376743,0.45548453521266047,-0.1540455010713898,0.2975829800811723,-0.3593935598463289,0.2444517162614696,-0.20292384691921042,-0.31004364872036955,-0.5625597170316216,-0.22444985896624586,-0.45433966162137907,-0.4522519653205966,0.5556059275235585,-0.2432414692156853,0.2956783631350078,-0.002056191786424373,-0.25560803731959925,-0.25560803731959925,-0.45641818709369925,-0.22276268243042952,-0.002056191786424373,-0.4141775071017876,0.526035832911989,0.5893669622579738,-0.052463313859295285,0.5292780955825789,0.29923254696036905,0.29923254696036905,-0.00621591260904312,0.5556059275235585,0.1716787256542464,0.3639246801458046,-0.11838919736892897,0.21467132470272576,0.6176406891941165,-0.00621591260904312,-0.08230309129462669,-0.08887578626414921,-0.2167842431407408,0.23732098640832353,0.6287861182610786,-0.002056191786424373,0.1437772766973036,0.23732098640832353,-0.20217807246831118,-0.13328582180238718,-0.29748804935751305,-0.29748804935751305,-0.45641818709369925,-0.4141775071017876,-0.3384919356837825,0.09704620270116426,0.24770794087175926,0.00791179565181493,0.2401323599587695,-0.4522519653205966,Control
MICH-01592,0.5297481680766236,0.6192459459976776,-0.5270201117678974,-0.5270201117678974,-0.5270201117678974,0.1620816859001872,0.41152092042691607,0.23385310861404732,-0.22502544627552198,-0.06541331952867538,0.18433478659969482,0.19169450621422812,0.17852222282018992,0.15726673024586743,-0.2731531770370822,-0.5741153411458945,0.5355333284943694,0.7418357203707573,-0.57114590373387,0.3198569882566009,0.7418357203707573,-0.35448028210376203,-0.40710707572436733,-0.3242599516314909,0.4407696857944116,0.5611899506687634,0.6498500814633397,-0.30653416242323656,0.6127289723961264,0.09208998337348802,-0.44732371967578083,0.270621078354061,0.3198569882566009,-0.5111954160542709,-0.5203297837821106,-0.47826649297154594,0.5611899506687634,-0.47826649297154594,-0.3081393878282457,-0.47826649297154594,0.3501793413337714,-0.3653507776244525,-0.4606657240829225,0.4067078094821161,-0.3653507776244525,0.4443482656997797,-0.20131628203652183,-0.12442667503677003,-0.1418915527674157,-0.6191416047936322,0.6307480162084622,0.15457117362152645,-0.10800063200623604,0.2842587430781188,0.3198569882566009,0.2842587430781188,0.048014814436197144,0.031038207304779773,0.5784306677827035,0.5595365651655894,-0.3505364109584008,0.4707669217258539,0.4707669217258539,0.5784306677827035,0.4719734490780514,0.5784306677827035,0.6028118767379106,-0.01648733995299946,0.5727917869038397,0.10812749142321579,0.13163788476028768,0.47956880609887614,-0.5404049555954525,-0.40956124255607973,0.6445708276913106,-0.25779757758281047,-0.28868784160361627,0.5105833155335102,0.4953105504523531,0.4953105504523531,0.41996139843818986,-0.5628776989054671,0.6498500814633397,0.6445708276913106,0.6619634408618789,0.6889075990171261,0.06357986897602254,0.40126370496166536,0.6498500814633397,-0.26252840661500426,-0.07656820190209424,0.23459467308079252,-0.2976105273859316,-0.009529322521535597,-0.04649589228625389,-0.009529322521535597,0.04414180272419524,-0.5298325987162349,0.6498500814633397,0.560606018698409,0.6361629375683925,0.04414180272419524,0.4583077727019022,0.5784306677827035,0.5784306677827035,0.27042718675109834,-0.16711281098570302,-0.31933727620585217,-0.1715458573749213,0.5570902640252555,-0.5298325987162349,-0.47826649297154594,-0.40778687302672295,-0.16383978979232472,0.35605038108914083,-0.10700168482320885,0.031038207304779773,-0.5111954160542709,-0.5111954160542709,0.3893095412079447,0.6385862607361202,-0.09290223194577252,0.6242679292820466,0.5520894954585644,0.17852222282018992,0.1169518146528957,0.2598629594251706,-0.6170469497716428,0.5372236325536403,0.047060752581588594,-0.24907134470316591,-0.459169389137017,0.2330873980219745,-0.2687477652793872,-0.4874676087964164,0.5877831735189607,-0.10800063200623604,0.5044579264741589,0.5044579264741589,0.6192459459976776,0.581757962555489,-0.10800063200623604,0.6618651714975562,0.5959285489525,0.35605038108914083,0.5915964098330352,-0.5958751960689799,0.6614354943827162,0.6614354943827162,0.6100516702267987,-0.2687477652793872,-0.3505364109584008,0.5786178873287016,0.5827256392860193,-0.32830586788063226,-0.5801184750891051,0.6100516702267987,-0.22889979816114178,-0.15131746688947809,0.5611899506687634,0.5784306677827035,0.05560651206756502,-0.10800063200623604,-0.3296540019252122,0.5784306677827035,0.6127289723961264,-0.2853585722532207,-0.45836996665198565,-0.45836996665198565,0.6192459459976776,0.6618651714975562,-0.31214406160052116,0.11383092474066218,0.2309043309355203,0.5595365651655894,0.09208998337348802,0.2330873980219745,Control
MICH-01593,0.2999530588907015,0.7682788040168921,0.01824684175665735,0.01824684175665735,0.01824684175665735,0.36169089922663095,-0.08662715454563906,-0.1569284193948851,-0.2786707410435237,0.6084553523717622,-0.38076241170968483,0.06269490986120682,0.31396565961929146,-0.1164062216688502,-0.025378047543521895,-0.5999899129100055,0.26525788870738476,0.4240812709274189,-0.23263525184740136,-0.2344075968777804,0.4240812709274189,-0.36291572505164627,-0.3644286083076457,-0.3704704826466857,-0.15177690161334062,0.08933400694834227,-0.014068868761079626,-0.22992536358266752,-0.0309404310636269,0.20362568154552738,-0.025762760037547874,-0.17835868606409805,-0.2344075968777804,0.4328013766666853,-0.1467022811931778,0.10174193451388171,0.08933400694834227,0.10174193451388171,-0.47397758647400856,0.10174193451388171,0.25972997364340983,0.013227159591589013,0.10663745012786886,0.010786947820957037,0.013227159591589013,-0.007617004867417552,-0.01404486629954189,0.14809849135186273,0.0887661083900508,-0.6352094718323757,0.6741179778724419,-0.6260130897343986,0.30053586928695214,0.3052529309597325,-0.2344075968777804,0.3052529309597325,-0.6425363876633546,-0.4819322156322417,-0.39542947893148095,0.07216427798927608,0.04210316157079133,0.03851879448157907,0.03851879448157907,-0.39542947893148095,0.07061471313358463,-0.39542947893148095,-0.23700352220203266,0.46305611268472474,-0.5669038968648858,0.37805760714696457,-0.3999015458951769,-0.11878139795362648,0.2835146778671932,0.23058326530229664,-0.22539669446773067,-0.1597790415923987,-0.5561985457626462,-0.1686714683272131,0.6964233403597382,0.6964233403597382,0.17937855434748448,0.2496378559520795,-0.014068868761079626,-0.22539669446773067,-0.12139927167063463,-0.07736093809594952,0.29711220614283634,-0.05478013036300292,-0.014068868761079626,-0.4015515975803281,-0.35585439208323094,0.03535207666907072,-0.1711690646344508,0.18225370630568485,0.025005415943478698,0.18225370630568485,-0.28568216680697106,-0.2623128205200437,-0.014068868761079626,-0.17048972908317156,-0.16184198080444262,-0.28568216680697106,-0.1254759338967065,-0.39542947893148095,-0.39542947893148095,0.39399655827855146,-0.34326331342872995,-0.19993105572337766,0.25329326271167507,0.44019272249529384,-0.2623128205200437,0.10174193451388171,0.17783645989651292,-0.32066243355272106,-0.0014407652115646242,-0.24539990910764212,-0.4819322156322417,0.4328013766666853,0.4328013766666853,0.3023794869885363,0.09168742115131809,0.17169878001625963,-0.5139541082211821,0.06692463866651693,0.31396565961929146,-0.22557299316731433,0.3500329682586714,-0.06847076246079029,0.406689861623983,0.19902543161418496,-0.19291026632518635,-0.18281468502921838,0.6849442325213491,0.30857456184898807,0.24546022579914717,-0.3780300899729548,0.30053586928695214,0.42559309551787977,0.42559309551787977,0.7682788040168921,0.5232038171206965,0.30053586928695214,0.7599761479615876,0.4508148849251849,-0.0014407652115646242,0.04207334118556352,-0.09343045601175756,-0.32970965746401515,-0.32970965746401515,-0.012081391567279243,0.30857456184898807,0.04210316157079133,0.03504686180895032,0.09770014624841467,-0.07164357549473042,0.3416236354871079,-0.012081391567279243,0.16120483518103143,0.42011577490640567,0.08933400694834227,-0.39542947893148095,-0.5594653173711894,0.30053586928695214,0.175869046637856,-0.39542947893148095,-0.0309404310636269,-0.11094819003292301,-0.418465618154411,-0.418465618154411,0.7682788040168921,0.7599761479615876,0.045250555502004366,-0.3796178491861277,-0.1334542974143791,0.07216427798927608,0.20362568154552738,0.6849442325213491,Control
MICH-01594,-0.5691377175226545,0.6574516638391463,0.11308454744857936,0.11308454744857936,0.11308454744857936,0.5946585103901925,-0.11518208387212549,-0.11153790109706646,-0.16706263386894502,-0.26684433419977904,0.6374299822986085,0.01454015252845457,-0.09626070016000965,0.07573220289612208,0.5079394402079906,-0.47883049394701876,-0.3778287115937506,-0.4456917845112888,-0.5529296116316026,0.13054880641595604,-0.4456917845112888,-0.16412472052020186,-0.2379338546276993,-0.34038261750380766,-0.20925510566047956,-0.4437571316744385,-0.49769326793530755,-0.1777141452338389,-0.5713366814170743,-0.17685843637633775,-0.3100664131114205,0.5065487193094784,0.13054880641595604,-0.49167051679103235,-0.5497114331332914,0.5232316815992072,-0.4437571316744385,0.5232316815992072,-0.5248250056683333,0.5232316815992072,0.0043605792577191506,0.12583184619285112,-0.08321874025073074,-0.18315105810466895,0.12583184619285112,0.6283088423693062,0.4480476533777627,0.37988388054635286,0.382004594580587,-0.3619761849230806,-0.2571261389755014,-0.3810701605397894,-0.599202147451073,0.22390996282311584,0.13054880641595604,0.22390996282311584,0.5625462540651868,0.5496414970569294,-0.1373100352286001,-0.48487003166738946,-0.010521850189839047,0.5039149197300629,0.5039149197300629,-0.1373100352286001,-0.4658910734863962,-0.1373100352286001,-0.04710606496787454,-0.5806871048351403,0.4416468060850696,0.010001844879534346,-0.30199641004437566,-0.22910121337874154,0.1882851058160328,0.17448526278975693,-0.021507189992618192,-0.2778771719995465,0.33524568571074226,-0.21711315284604402,0.46375244102845353,0.46375244102845353,-0.1071103093078899,-0.23095616779885406,-0.49769326793530755,-0.021507189992618192,-0.015454143138847768,-0.2859365321318455,0.20508094475582073,0.5158673359813709,-0.49769326793530755,0.060384320045059184,-0.16683680307508755,-0.14330487984670306,-0.3250107395573268,-0.12129308100954267,0.23014048403859136,-0.12129308100954267,-0.06438496905383759,-0.15872758268119827,-0.49769326793530755,0.14036391785285884,-0.2658660702188726,-0.06438496905383759,-0.2133285723313775,-0.1373100352286001,-0.1373100352286001,-0.17278858454638557,0.13215213218594285,0.11282073144566418,0.08227861617098199,0.7299646833466069,-0.15872758268119827,0.5232316815992072,-0.3522255288288034,-0.2728433294072427,-0.4520579813893745,-0.27468379631418527,0.5496414970569294,-0.49167051679103235,-0.49167051679103235,0.46918467164745314,-0.07915818238103152,0.31668410222964216,0.45972142354499823,-0.51375091900886,-0.09626070016000965,0.03191427872646848,0.15252618811222188,-0.5157510116537125,0.4872430581573661,-0.0635391083706958,-0.3314553565055846,-0.1296219929817539,-0.5387690415772748,-0.3737065319345586,-0.6300772867117024,0.6733557119297867,-0.599202147451073,0.6186006493086771,0.6186006493086771,0.6574516638391463,0.5882708177031669,-0.599202147451073,0.7374561372663324,0.5827670888478154,-0.4520579813893745,0.6323821722431603,-0.625962653786495,-0.3202604334942906,-0.3202604334942906,-0.31594212644112213,-0.3737065319345586,-0.010521850189839047,0.627304735486772,0.5787896741699887,0.006524239180045091,0.398924018521812,-0.31594212644112213,0.28344268402094475,0.38550172459986104,-0.4437571316744385,-0.1373100352286001,-0.6030788046970382,-0.599202147451073,0.7627828528566655,-0.1373100352286001,-0.5713366814170743,0.2930784018964871,0.11539339564136013,0.11539339564136013,0.6574516638391463,0.7374561372663324,0.3709689663615605,0.2811365994539246,-0.359435117124493,-0.48487003166738946,-0.17685843637633775,-0.5387690415772748,Control
MICH-01595,-0.5893510225335405,0.6453485824463197,0.5205280646025022,0.5205280646025022,0.5205280646025022,0.62514470601577,-0.5986411057890132,0.1340644747731624,-0.3330736912495683,0.5609997696092962,-0.4264824341925004,0.20949743876865218,0.3257681323828691,-0.03663467891780076,-0.2162125807878007,-0.23527208794938453,0.5382559992065699,0.5307180165882583,-0.5744116647755687,-0.5498638129357363,0.5307180165882583,-0.3750641546875357,-0.4597125128407452,-0.4047280027225692,-0.13736600965128523,0.16536444611364734,-0.48650236647433237,-0.3609875728950295,-0.6075543169830558,0.08848680288105856,0.19585922455911872,-0.208204619290572,-0.5498638129357363,0.27975520129381887,-0.49837086732114916,0.4768467129889166,0.16536444611364734,0.4768467129889166,0.6631000615900486,0.4768467129889166,-0.134202292131371,-0.12192774790878524,0.06365580618454746,0.1311102251490321,-0.12192774790878524,0.17543024674061067,-0.08117314987560299,0.5066953235149576,0.3354688010995463,-0.6164574192414389,-0.5797140214264429,-0.6026089052135181,0.6582050967373817,0.12322211616201643,-0.5498638129357363,0.12322211616201643,0.47534932068509994,0.6130960253464649,0.7496812415028116,0.3881767810382876,0.6102156737940939,0.08200927631416523,0.08200927631416523,0.7496812415028116,0.612342172708721,0.7496812415028116,-0.4977673572366879,-0.6461809601324429,-0.5123418704354833,0.1688086738372265,0.2946167353827505,-0.2838632881652746,0.47424195144035364,0.4746822296546274,-0.519123794510665,-0.28177816968337516,0.061678368996749236,-0.37614595546829244,0.6429308613184253,0.6429308613184253,-0.3377184991215826,0.6355324316432001,-0.48650236647433237,-0.519123794510665,-0.4895930123693871,-0.4703008911197809,0.23388863289361134,0.029358337899299272,-0.48650236647433237,-0.3867363747250097,-0.2798672234860269,-0.3461696179144822,-0.3010672352349494,0.2533590242669627,0.011240359653571511,0.2533590242669627,0.018224636389868803,0.2075519055868636,-0.48650236647433237,0.29287969501627537,-0.5240902816345386,0.018224636389868803,-0.28003397536001795,0.7496812415028116,0.7496812415028116,0.3659544798892492,-0.39672273703283867,-0.08053828629783763,0.5024917864956843,0.5657252156223451,0.2075519055868636,0.4768467129889166,-0.5411288523113593,-0.43097519690772007,-0.42547596070567634,-0.425517894141075,0.6130960253464649,0.27975520129381887,0.27975520129381887,0.24630062034547479,0.6019663262748933,0.6206903639801856,-0.5804303373955555,0.19525148877893375,0.3257681323828691,0.08120895572209964,0.1965873959463248,-0.008693526868494663,0.6666986763719145,0.19780032659243005,-0.19974301539756706,-0.3615412489688635,0.6726257362984742,0.05208549187038067,-0.5036783622995752,0.6436944957963818,0.6582050967373817,0.4977142693037703,0.4977142693037703,0.6453485824463197,0.6484555967705325,0.6582050967373817,0.666866590074589,0.5819484643546401,-0.42547596070567634,0.6484925847464356,0.59030879807656,-0.23145352660614169,-0.23145352660614169,0.09668112998877415,0.05208549187038067,0.6102156737940939,0.5806061299744534,0.6263494263596853,0.20318021951077667,-0.3907871515956433,0.09668112998877415,0.15498816604648213,0.5157119733544606,0.16536444611364734,0.7496812415028116,-0.47129157766544977,0.6582050967373817,-0.023311055919394637,0.7496812415028116,-0.6075543169830558,0.08002877350243914,-0.0034150253759170452,-0.0034150253759170452,0.6453485824463197,0.666866590074589,-0.0857627041994997,-0.45904421018939745,-0.44364578301606405,0.3881767810382876,0.08848680288105856,0.6726257362984742,Control
MICH-01596,0.1894524637873765,0.3504333361090962,-0.3647637949095949,-0.3647637949095949,-0.3647637949095949,-0.010649294089782645,0.43922361371138585,0.30382599197250015,0.11070464786564542,0.4873252553497908,-0.05953068757938907,0.31992527620718353,0.07495321102728557,0.31704438782818584,0.06586638104581835,0.5716037145391328,-0.4335298198824658,-0.4425760093436055,-0.04069557127660867,0.6160037259087169,-0.4425760093436055,0.27656673864149767,0.05942332712641897,0.09296336630333091,0.34179571882676113,0.15779182901719857,0.6695730731503892,0.1246965936096309,0.38380457075647867,0.18213401098475954,0.11490181238318917,-0.15203489021035735,0.6160037259087169,0.609469300495936,-0.3604813452692583,0.04904673567242938,0.15779182901719857,0.04904673567242938,0.17202081553129625,0.04904673567242938,-0.19226148109626529,-0.44117572755995205,-0.4631788663998963,0.2113222765124246,-0.44117572755995205,0.0375579396458022,-0.11363043409298483,-0.23989339925779543,-0.2006504224493103,0.7230256022544772,-0.3333143139307799,0.6723852532134317,-0.04349966715475692,0.4595118016821896,0.6160037259087169,0.4595118016821896,0.06583051989824457,0.08789708363240369,-0.300817532514772,-0.13732362998462214,-0.196674289507074,0.22231390808027174,0.22231390808027174,-0.300817532514772,-0.3464165326957929,-0.300817532514772,0.6220890387384628,-0.5249557099090201,-0.4724572778525703,-0.46398560121968485,0.20532543466682565,0.4610096315412876,-0.5085490486050425,-0.2717669611353786,0.615350374904027,-0.08852212103985252,0.08777244829120978,0.4663802241014766,-0.49979428273680027,-0.49979428273680027,0.5143839906881229,-0.15775727823806115,0.6695730731503892,0.615350374904027,0.6452135809090741,0.6214673454001755,-0.001236630183480476,-0.4186279151179391,0.6695730731503892,0.29545679066848235,0.18278921798325165,0.5694035629927949,0.04029733150876844,0.1973659433978731,0.37032972731120256,0.1973659433978731,0.4323065514579324,0.3335837963501151,0.6695730731503892,0.5458857906543475,0.629204361014773,0.4323065514579324,0.3969798919142037,-0.300817532514772,-0.300817532514772,0.31582316257278026,0.007582119703021026,-0.2208859659668689,0.06390134056929592,-0.01621712952296991,0.3335837963501151,0.04904673567242938,-0.4229570647724965,0.2841029942484154,0.6635014291140039,0.3288445616150495,0.08789708363240369,0.609469300495936,0.609469300495936,0.37849324966437553,-0.5290903488868142,0.3003747968268894,-0.11985736875866493,-0.2198248911354523,0.07495321102728557,0.2828245893149068,-0.5786025290096315,0.13231504680389772,-0.4136896389051621,-0.5026041114560721,0.16300318270974193,-0.3078113535476649,0.281891407305169,-0.4372013017594907,0.5170693128989443,-0.5616512764390948,-0.04349966715475692,0.20856368744704937,0.20856368744704937,0.3504333361090962,0.17389268421190632,-0.04349966715475692,0.3393513012185618,0.39325111720245853,0.6635014291140039,-0.09617971676489778,0.06908750038181462,0.396290666662704,0.396290666662704,0.013188357387667304,-0.4372013017594907,-0.196674289507074,0.009552620169243044,-0.09925142483059549,0.047026811430103836,-0.48072434415425586,0.013188357387667304,0.11809575217179745,-0.32915624115253517,0.15779182901719857,-0.300817532514772,0.02778775051401648,-0.04349966715475692,-0.372991015563229,-0.300817532514772,0.38380457075647867,-0.10265943555634066,0.09316784876056576,0.09316784876056576,0.3504333361090962,0.3393513012185618,-0.07948272762246188,-0.41431362214871,-0.5528285857532231,-0.13732362998462214,0.18213401098475954,0.281891407305169,Control
MICH-01597,-0.6040218133322725,-0.16791277725602674,0.3462308473937888,0.3462308473937888,0.3462308473937888,-0.405816609551542,-0.3450487337740875,0.4253194971145641,-0.11877431937520427,0.5678594515387604,-0.5875109116524265,0.4683649834875217,0.6496715713274528,0.49663203103904646,0.1498464681941624,-0.5252280316140292,0.06820230314825995,0.0560668505841528,0.02648109951822759,-0.29133804348153297,0.0560668505841528,-0.12460092941903131,0.2703431076283545,0.29947587413691923,-0.22208715536260595,-0.5625831996426484,-0.16666684383656052,-0.05613520476155652,-0.6499623095148016,0.6851139258415897,0.6472303544062299,-0.45438394111941177,-0.29133804348153297,0.41470442320568324,-0.5670711739655298,0.5917641218234053,-0.5625831996426484,0.5917641218234053,-0.3681003042550485,0.5917641218234053,-0.03976208761321827,-0.13704602189205073,-0.04248565179706956,-0.2822784104494908,-0.13704602189205073,-0.07128010686977564,0.17126252439402995,0.18639875164159034,0.20807677488796425,-0.5441338779386546,-0.17401636113876676,-0.4939835008635985,-0.5705593628488681,-0.5023406321685188,-0.29133804348153297,-0.5023406321685188,0.5809397589424261,0.6255905516458026,-0.4046748003826913,-0.44086891663987016,0.0812587972099799,-0.3870920381124999,-0.3870920381124999,-0.4046748003826913,-0.19339790647623714,-0.4046748003826913,-0.27136982209946064,-0.6450423324675636,-0.3438709752832546,-0.0339836575586464,-0.03769527332013781,-0.24955829005821606,0.3168035373857909,0.024006899326667216,-0.26590778914129176,0.02622518752690537,0.5811732992313381,-0.2415140990728284,0.727812949716094,0.727812949716094,-0.28476473791761137,-0.05117457420317841,-0.16666684383656052,-0.26590778914129176,-0.2010001865507505,-0.3358266282599472,-0.0708434725515779,-0.22490147895677715,-0.16666684383656052,-0.2613019862398551,-0.19029560693753128,-0.21720852773975408,-0.016605215039564806,0.5814051799468152,0.6993943124971691,0.5814051799468152,-0.15267830246858577,0.6462675022235013,-0.16666684383656052,-0.3539195535779797,-0.2721789509417445,-0.15267830246858577,-0.25290029701072425,-0.4046748003826913,-0.4046748003826913,-0.067546892119896,-0.4120858893786308,0.013782904913907885,0.5210167050367457,-0.1792336992576181,0.6462675022235013,0.5917641218234053,0.34828352497583737,-0.09343563495213339,-0.36841025351749473,-0.13373767728560254,0.6255905516458026,0.41470442320568324,0.41470442320568324,-0.22763858078607266,0.016219901908898167,0.3828407291984678,-0.6067260266507657,-0.43169435806184814,0.6496715713274528,0.601629076354118,0.18300228002062863,-0.13675393359046384,0.1885761310150503,-0.5632274815521624,0.01281991593369399,-0.4253831948213349,-0.5051118962451207,0.5797753125596038,0.26652876809431447,-0.3845598125151662,-0.5705593628488681,-0.23765763181056423,-0.23765763181056423,-0.16791277725602674,-0.2572113531732233,-0.5705593628488681,-0.19485945757924902,0.30790693154424553,-0.36841025351749473,-0.1992858658638444,0.16648654496792228,-0.03658380137036644,-0.03658380137036644,-0.1557116252166563,0.5797753125596038,0.0812587972099799,-0.08637221709302054,-0.06697345604053706,0.025417362323237373,0.6190427566840572,-0.1557116252166563,0.39543640443322675,0.43273469141135135,-0.5625831996426484,-0.4046748003826913,0.6597001788289023,-0.5705593628488681,0.6134612569996283,-0.4046748003826913,-0.6499623095148016,0.05085221714380318,-0.11864218249816522,-0.11864218249816522,-0.16791277725602674,-0.19485945757924902,-0.4009034197585966,-0.4291935499554545,0.4663584269692217,-0.44086891663987016,0.6851139258415897,-0.5051118962451207,Control
MICH-01598,0.639337983795559,0.8112301275435237,-0.09703208097930743,-0.09703208097930743,-0.09703208097930743,0.5457819280669203,0.40184786581259446,0.022897062300356423,-0.19593273472136558,-0.14665966853861578,0.5328743128401665,0.13083800249688543,0.01156537250393353,0.16375246881388236,0.4086369073042973,-0.5912942627340885,0.05475627225282899,-0.42812524443272776,-0.29086308907127006,0.3111637946238531,-0.42812524443272776,-0.3236706363743742,-0.4673195299407158,-0.4238089660134001,0.31969181909174926,0.1724491857838759,0.30348784297519993,-0.25668618925568737,0.6393886649382584,-0.4423640230567578,-0.49228114540246015,0.5116276142561629,0.3111637946238531,-0.4624823498912374,-0.6364515441734114,-0.02715700386787845,0.1724491857838759,-0.02715700386787845,0.10901841086392067,-0.02715700386787845,0.06948918794999544,-0.24116042594271206,-0.2712302376835459,0.26290967439021423,-0.24116042594271206,0.543542351197254,0.36980810820584276,0.3772560121189619,0.29246123446500577,-0.6224137196614492,0.21248102390851006,-0.6090577841586802,-0.004730392303067003,0.69005907068746,0.3111637946238531,0.69005907068746,-0.5995464287489768,0.15354335170442995,-0.4795726718222171,0.04171225669948629,-0.2601963113170777,0.43854704531670335,0.43854704531670335,-0.4795726718222171,-0.32992113949907026,-0.4795726718222171,0.5268804707350079,-0.23769648438079322,0.685154857713519,-0.25674801272603565,-0.29876345473040133,0.34838335035025375,-0.4497921928494758,0.13341832518613997,0.556706651977262,-0.29442622891769454,-0.5097826939994157,0.3770864553339465,0.14943452414859607,0.14943452414859607,0.31916545977028465,-0.24157269329919687,0.30348784297519993,0.556706651977262,0.42312660615064757,0.5204012025983609,0.06354488155383654,0.5871406020099061,0.30348784297519993,-0.11736929204634951,-0.028171060404318455,0.2521603864375073,-0.28861170698960675,-0.44685356453473685,0.1921346321802722,-0.44685356453473685,0.44112963835114166,-0.20423999074044652,0.30348784297519993,0.10388535522288452,0.5190735296971356,0.44112963835114166,0.3712513897977032,-0.4795726718222171,-0.4795726718222171,0.1676715294916989,-0.01639851175952333,-0.2383555943423621,0.0384225446354343,0.6649871513102845,-0.20423999074044652,-0.02715700386787845,0.07238188791667474,-0.18088876798183967,0.27045058758091794,-0.1541876185542915,0.15354335170442995,-0.4624823498912374,-0.4624823498912374,0.44023378210995,-0.48904721980408034,0.32676747360506764,0.708680385444559,0.10347936508117293,0.01156537250393353,0.1304519779659596,-0.2331063513234842,-0.5064312599418125,0.590940686330683,0.6810729874490947,-0.22426492690132388,-0.2195528460116965,-0.07797179396508032,-0.35936238799030235,0.040332200834740185,-0.011692289827490775,-0.004730392303067003,0.40931167238622973,0.40931167238622973,0.8112301275435237,0.5032889527438835,-0.004730392303067003,0.7924441259900624,0.5175990979788931,0.27045058758091794,0.2013897738905652,-0.4662925086643084,0.09701756928452633,0.09701756928452633,0.2089941715561714,-0.35936238799030235,-0.2601963113170777,0.24342448207025824,0.12394028223883034,-0.12783761908674704,-0.2613623220452901,0.2089941715561714,-0.543534641048274,-0.08464640874502866,0.1724491857838759,-0.4795726718222171,-0.5911162844978889,-0.004730392303067003,0.721797949921542,-0.4795726718222171,0.6393886649382584,0.1672847829947847,0.5089958878337527,0.5089958878337527,0.8112301275435237,0.7924441259900624,0.605706366353829,0.7920876017853113,-0.2593635376193544,0.04171225669948629,-0.4423640230567578,-0.07797179396508032,Control
MICH-01599,0.45136024471136904,0.419938495270095,-0.48098952937865863,-0.48098952937865863,-0.48098952937865863,-0.03862149945576568,0.3329169357014823,0.24139672492496345,-0.12005350945548103,0.6266917865258073,-0.5027133462550879,0.20125531043509137,0.21503732760904015,0.21456946262164217,-0.137332431768896,0.28457577711599524,-0.2565347273382309,0.46999095502174354,-0.34297370941259336,0.25341319918778565,0.46999095502174354,0.13842766625196706,-0.1199611509870156,-0.052278614113002504,0.3432013298781081,0.15183044182296784,0.41141561171175994,-0.1729864720045191,0.5204872162819003,0.1588794602667042,-0.10642075490727884,-0.07630963081121168,0.25341319918778565,0.3221363067751351,-0.3389262967081452,0.010613445022754832,0.15183044182296784,0.010613445022754832,-0.039818084812997714,0.010613445022754832,0.24394276749238913,-0.38456924067357545,-0.4579269063890563,0.41109394655002984,-0.38456924067357545,-0.06591458723131176,-0.18392387877140357,-0.1850323531072597,-0.18906777140939932,0.4594037440073526,0.1008738688281649,0.4152427874051938,0.11573364437442525,0.43038445691952326,0.25341319918778565,0.43038445691952326,0.05562424448824028,0.07126156467380293,0.05415041357123778,0.16058444869873528,-0.08774788246978302,0.4097484080546613,0.4097484080546613,0.05415041357123778,-0.03213860739783123,0.05415041357123778,0.5511229447680223,-0.48779049782129114,0.15729021123789677,-0.5670020902544123,-0.12186080876036455,0.3911076064492432,-0.40992304059386786,0.04576160180745484,0.5649593363201081,-0.2554638317780515,-0.38171289448228746,0.41323167115244,0.249054199186063,0.249054199186063,0.3446197843420562,0.004072094898084502,0.41141561171175994,0.5649593363201081,0.5481391061079662,0.5508012792307095,-0.27068629443963316,-0.3793859344083541,0.41141561171175994,0.1853180144851242,-0.0942288693096336,0.23470138190501544,-0.21771193803474911,0.5066665675774359,0.10847716306452201,0.5066665675774359,0.69693661938467,0.5854263701125342,0.41141561171175994,0.4885701956804943,0.5233667478529294,0.69693661938467,0.36461714692253955,0.05415041357123778,0.05415041357123778,0.5450769411503935,-0.1331592091949009,-0.31517504907372557,0.2982633637797311,0.22034101737727077,0.5854263701125342,0.010613445022754832,-0.36977795017636317,0.12383727099802849,0.3267172510058667,0.1302176186986161,0.07126156467380293,0.3221363067751351,0.3221363067751351,0.27604389205451035,-0.3774589755098553,0.04567310692214487,-0.2337726371473138,0.21914254425923604,0.21503732760904015,0.2228767038744803,-0.5610428226053178,0.2754186705036789,-0.4045031224755416,-0.48672960315451425,0.045626810280975205,-0.32394294470767643,0.2338099269899584,-0.3862773682057874,-0.43922676382732095,0.5764535391166076,0.11573364437442525,0.44171575959364767,0.44171575959364767,0.419938495270095,0.4584156321373352,0.11573364437442525,0.4434759958088506,0.2461316258128823,0.3267172510058667,0.49471316347246813,-0.5662608740441608,0.3439710421593085,0.3439710421593085,0.14319919313778867,-0.3862773682057874,-0.08774788246978302,0.3743204465478393,0.4135801525812388,-0.26719999550552026,-0.41506976759325576,0.14319919313778867,-0.6205693015059229,-0.22799980006278814,0.15183044182296784,0.05415041357123778,0.03020586755604559,0.11573364437442525,0.6854003904290707,0.05415041357123778,0.5204872162819003,-0.3279997288904486,-0.08958495313512045,-0.08958495313512045,0.419938495270095,0.4434759958088506,-0.04338393300591179,-0.1470328109166378,-0.5583330134683213,0.16058444869873528,0.1588794602667042,0.2338099269899584,Control
MICH-01600,-0.43905489434194644,-0.23838216425042844,0.38269599484428257,0.38269599484428257,0.38269599484428257,0.20860747312637293,-0.44682323824319853,0.4290006846738644,-0.047523697751820033,0.5224883588394517,-0.494048644928855,-0.023637675216752238,-0.03490620158390919,-0.18304528693278382,-0.2648100873588675,0.4139550147504501,0.45494323776019024,0.5564652190324778,0.4220268232819044,-0.14504373625753467,0.5564652190324778,0.5298390768503661,0.3977735414549323,0.29222826591385487,0.23744055782884368,-0.07544322769570161,-0.4513229533601708,0.047134087670561035,-0.4292117907825684,-0.5029674684141167,0.23776186748651731,-0.30841552074923123,-0.14504373625753467,0.5424102524283734,0.29643311659398985,0.42146504548928654,-0.07544322769570161,0.42146504548928654,-0.15206626214093608,0.42146504548928654,-0.24062968791767592,-0.4932595847686786,-0.2660017038157186,0.07848814514553412,-0.4932595847686786,-0.01269310866734798,-0.21768873711231804,0.2716397801141697,0.1898644552913666,0.09630608906577552,-0.5125150712090438,0.003215930925843447,0.4784622667781361,0.1482876576102309,-0.14504373625753467,0.1482876576102309,0.3335584982104593,0.16458699765442367,0.5752740740995833,0.0887126808155472,0.40332936094963573,-0.1490704027213884,-0.1490704027213884,0.5752740740995833,0.4432792282869656,0.5752740740995833,-0.28355810101638507,-0.22079550870524067,0.2914307120882821,0.24067385220138673,0.478206788153981,0.22614021589472189,-0.08713845637994835,0.43738991720540166,-0.2501308324852349,0.11046998013275217,0.4431579219409885,0.07477400364432957,0.0467456871917961,0.0467456871917961,-0.34350954067082345,-0.28085052743378897,-0.4513229533601708,-0.2501308324852349,-0.44660776350342024,-0.19598300398012833,-0.47780993130751076,-0.45398964396816294,-0.4513229533601708,0.03784077371940534,0.011483331387220774,0.019981493987925154,0.17599424535037053,0.6783224457849828,-0.46298281222958226,0.6783224457849828,0.5017038007638752,0.6902950881047089,-0.4513229533601708,0.5588166097728429,-0.2401013031795989,0.5017038007638752,0.2222386034072178,0.5752740740995833,0.5752740740995833,0.24849996272787336,-0.16607001970873622,-0.06418120954047496,0.43370811426586753,-0.2160433007555132,0.6902950881047089,0.42146504548928654,-0.5341174819599067,0.06574749935612108,-0.08536187630102604,0.06315174914773354,0.16458699765442367,0.5424102524283734,0.5424102524283734,0.2365707144335516,-0.5385055661273747,0.18068749237718434,-0.37963255060611917,-0.07518997234630186,-0.03490620158390919,0.45583767454060603,-0.3695748507979013,0.05218414102613477,0.09460082788513018,-0.3082843917153694,-0.002380801604145172,-0.230204207867256,0.6111728971669911,-0.10948462326775572,0.621428271257122,-0.5828335694054974,0.4784622667781361,-0.10304772048726962,-0.10304772048726962,-0.23838216425042844,-0.2946155396000388,0.4784622667781361,-0.21114151045685237,-0.12820888512311485,-0.08536187630102604,-0.4303207098049699,0.5187777888792728,0.41078896913561946,0.41078896913561946,-0.12518759029618234,-0.10948462326775572,0.40332936094963573,-0.44254912221932424,-0.42189332018216424,0.22682624853403624,-0.4715491059041972,-0.12518759029618234,0.05221875079391247,-0.440887682580467,-0.07544322769570161,0.5752740740995833,-0.2903566358294639,0.4784622667781361,0.005474720535469695,0.5752740740995833,-0.4292117907825684,-0.02285190158227622,-0.3980497071188073,-0.3980497071188073,-0.23838216425042844,-0.21114151045685237,-0.37197333036626357,-0.15698488966704094,-0.45514717432269847,0.0887126808155472,-0.5029674684141167,0.6111728971669911,Control
MICH-01601,0.5980282018011576,0.23252533159131553,-0.4557118223292615,-0.4557118223292615,-0.4557118223292615,-0.3240062513888325,0.4416340102249398,-0.16675363942729293,-0.21667872086761983,-0.6484897083840894,0.3592811694279998,0.36235886902239933,0.3239654491642736,0.4756993373296348,-0.16184704856582693,-0.6045336829254202,0.23045848300809263,0.4860831513690073,-0.4279061199963855,0.4439732228423658,0.4860831513690073,-0.5267781044673479,-0.4239673029801075,-0.28642650370745126,0.4163843885714734,0.0028523377455477623,0.5274460858336497,-0.1876851487419217,0.43633574794140956,0.32035222208080577,-0.6019836822871345,0.3839227010474134,0.4439732228423658,-0.5993614936168082,-0.6648637398827463,-0.590075006471608,0.0028523377455477623,-0.590075006471608,0.583948507372235,-0.590075006471608,-0.11746348912697256,0.2524169197369281,0.220678485577434,0.049386119646636716,0.2524169197369281,0.24741973714886117,0.0353511510953631,0.356856852347791,0.3887144681832593,-0.6352211192370211,-0.0673191836879807,-0.6233310747783338,0.06792830453880881,-0.5110503725322085,0.4439732228423658,-0.5110503725322085,-0.5098452100859491,0.3048792800219795,-0.012515412631600192,0.003667844048197208,-0.18314024656749736,0.4359288130188103,0.4359288130188103,-0.012515412631600192,-0.15223294774606522,-0.012515412631600192,0.45050230541941916,-0.3787969131337298,0.4129574920127042,-0.14646414815051467,-0.447334965728912,0.5143767944600357,-0.38753509614658677,0.07949496200078697,0.4079220017861724,-0.3282705747229441,-0.09189944803031905,0.4909017377289594,-0.4700121626301747,-0.4700121626301747,0.522368623842473,-0.04689545021239969,0.5274460858336497,0.4079220017861724,0.46534335766760426,0.5443606333877015,-0.3585305880606187,0.15104653193763234,0.5274460858336497,-0.2674484012843662,-0.3976601633642477,0.4531051410549403,-0.3349464845941661,0.16982040687602015,0.2795036916815496,0.16982040687602015,0.37203360692518933,0.04423793649527062,0.5274460858336497,-0.6243010788817637,0.45304267306815665,0.37203360692518933,0.5214820082696023,-0.012515412631600192,-0.012515412631600192,-0.501904674911205,0.20946259399159456,-0.3344629208681389,0.07125222137751058,-0.19076505606329136,0.04423793649527062,-0.590075006471608,0.6656848921983496,-0.13811559960588846,0.6011975105156769,-0.08604097074268911,0.3048792800219795,-0.5993614936168082,-0.5993614936168082,-0.1882582373739695,-0.5704382115137591,0.25557823577291894,0.23913575801828096,-0.03252419280378102,0.3239654491642736,0.004969486280136467,-0.25283376417973513,-0.48666558860111464,-0.5443197380328892,-0.5168051586807633,-0.2255152590293916,-0.4942372963911144,-0.4484904249286579,0.45965210662253037,-0.3246714571281427,0.32130103608626176,0.06792830453880881,0.550280737388996,0.550280737388996,0.23252533159131553,0.5870232747759463,0.06792830453880881,0.21325955276141106,0.6394254946938872,0.6011975105156769,0.4501500031427841,-0.013798891746140228,-0.5216045490361578,-0.5216045490361578,0.07291586680494036,0.45965210662253037,-0.18314024656749736,0.4910587526207061,0.37165171059131974,0.06658882835744755,0.5167300073645773,0.07291586680494036,-0.33558724235321574,-0.24819801006442793,0.0028523377455477623,-0.012515412631600192,-0.5520928327065991,0.06792830453880881,-0.2891812481794907,-0.012515412631600192,0.43633574794140956,-0.13046042240640915,-0.03157786975887199,-0.03157786975887199,0.23252533159131553,0.21325955276141106,0.1884825824121803,0.4300920449161533,0.6194656598613486,0.003667844048197208,0.32035222208080577,-0.4484904249286579,Control
MICH-01602,0.1567891461166496,0.5414956883261631,-0.42426997306544695,-0.42426997306544695,-0.42426997306544695,0.26381888376623436,0.14260611254201352,0.2846901704184706,0.025747738079000663,-0.04831377000861831,-0.583304936236336,0.11545656623040908,0.15327446026763186,0.06422300677404391,0.19154714001679268,-0.4821151773651621,-0.43518340461581595,0.6823325004607615,-0.22896372820609218,0.2261072017966884,0.6823325004607615,0.21753582689068332,-0.19075641941686416,-0.1658515247622066,-0.19429037380157402,-0.14594029133515782,0.16562812752760908,-0.11930529404707345,0.1481596912276227,-0.5731776777181287,-0.16426780447858477,-0.03714624074162973,0.2261072017966884,0.48289757427145574,-0.3070486270127312,0.06268796178109606,-0.14594029133515782,0.06268796178109606,0.3902384984057425,0.06268796178109606,-0.3148522231726897,-0.43108229362948586,-0.4458484953508001,0.195880766530161,-0.43108229362948586,0.42280714203528125,0.03335068640565671,0.47341220391821043,-0.0006230511396971976,-0.5968449874350904,-0.03203757502337413,-0.5834584531794221,-0.0940268928742506,0.3772785753177937,0.2261072017966884,0.3772785753177937,0.061398449126542465,0.04418246458789867,-0.352748616154838,-0.1528716373285367,-0.09603121421581286,-0.4106333176062077,-0.4106333176062077,-0.352748616154838,-0.2757699016939252,-0.352748616154838,0.10338346437212695,-0.2851275298362804,-0.5530665425081142,-0.5057311439429454,0.08074574356640027,-0.12833016768067715,-0.0434055198730584,-0.07487712239256583,0.21576124830457774,-0.12356862205184266,-0.07689314368742928,-0.12562894900701196,0.23440979251256908,0.23440979251256908,0.028479441252789207,-0.15067678111813146,0.16562812752760908,0.21576124830457774,0.2781838976639992,0.11879485013784678,0.38839125853611683,0.10640394922538553,0.16562812752760908,0.03523226855964074,0.16474475183173032,0.1691447419478653,-0.06134191573062612,-0.27514306543135547,-0.6033875131549225,-0.27514306543135547,0.4422605354767211,-0.14617896457761098,0.16562812752760908,0.09267861733062994,0.1600868873040486,0.4422605354767211,-0.15909771323501054,-0.352748616154838,-0.352748616154838,0.09992474405465708,-0.2342130487764954,-0.17516495580035393,-0.20125764520074438,0.6962334627821501,-0.14617896457761098,0.06268796178109606,-0.38960726388003586,-0.05228717893995194,0.09030053993698618,-0.031136240556655582,0.04418246458789867,0.48289757427145574,0.48289757427145574,0.4709970555147413,-0.5699615509100162,-0.14972916848687232,-0.5298024662652607,-0.20957006621100746,0.15327446026763186,-0.24522356868767742,-0.4735405067587276,0.0631075128233269,0.5289776938550322,0.7126083494243822,0.05500196327817283,-0.24646059683130925,0.29381036279998085,-0.30052723126349445,0.3126895993006664,-0.32382791144017997,-0.0940268928742506,0.3550016024065726,0.3550016024065726,0.5414956883261631,0.31474130951313434,-0.0940268928742506,0.6329104210353429,0.45118541746235746,0.09030053993698618,0.2309569581125775,0.10597539117385543,-0.6665017417325504,-0.6665017417325504,-0.28521313682828014,-0.30052723126349445,-0.09603121421581286,0.09773107699704658,0.2324611253388533,0.1898460221048016,-0.3754961408395939,-0.28521313682828014,-0.5381876171742198,-0.15011107500991674,-0.14594029133515782,-0.352748616154838,0.049518161395107764,-0.0940268928742506,-0.2791092809948732,-0.352748616154838,0.1481596912276227,0.33115745238514027,0.3104112249736944,0.3104112249736944,0.5414956883261631,0.6329104210353429,-0.22784723555344108,-0.2480334738652031,-0.5433261871041714,-0.1528716373285367,-0.5731776777181287,0.29381036279998085,Control
MICH-01603,-0.5897068590889551,0.22487675559362302,0.5404647635798102,0.5404647635798102,0.5404647635798102,0.36039526259338395,-0.57291165574274,0.6745598135899141,-0.36029815587419267,0.6439275075366151,-0.47788264813612474,0.42859988961619594,0.594431155292366,0.22165133389216507,-0.07309601332560209,-0.5199136780801371,0.10081287672568146,0.6303236640453089,-0.5182968415854059,-0.49582319472830977,0.6303236640453089,-0.3511750820175403,-0.26715624326425086,-0.2740438420109144,-0.25796013103649473,-0.27287435362809637,-0.405736055614901,-0.424834288629839,-0.6189336059198136,0.20465838020741847,0.6130413441224117,-0.5400997154104702,-0.49582319472830977,-0.5172529317185887,-0.663346334703938,0.3819308050246183,-0.27287435362809637,0.3819308050246183,-0.4338596228593288,0.3819308050246183,0.064434050346215,-0.5133441132657173,-0.2649349309786468,-0.04211580541748819,-0.5133441132657173,0.3938177075392418,0.026934162114950533,0.43635724257592,0.21225532835173333,-0.5796899290836798,-0.06624724982617328,-0.5653869094798968,-0.17552366884342635,-0.48273200994863824,-0.49582319472830977,-0.48273200994863824,0.5208609906565319,0.6279521521443683,0.44299622372591396,0.04657007469568762,0.1339249509710921,-0.5606557492772075,-0.5606557492772075,0.44299622372591396,0.3905446803534604,0.44299622372591396,0.01623483825957028,-0.6574632416757238,0.0006996813748079046,0.5180358137499416,-0.3911622116580441,-0.28125800236411885,0.3449593622566762,0.14362862849718072,-0.42301069772311395,-0.3197899335400333,0.30244488078101217,-0.30631854184062446,0.5122769875489462,0.5122769875489462,-0.00251387101999065,-0.19039641044422118,-0.405736055614901,-0.42301069772311395,-0.4020522538349083,-0.45328655026713766,0.013614484188203135,0.5749990088083733,-0.405736055614901,-0.4825346596415874,-0.4470486819056845,-0.25266643097948727,-0.36479069657791585,0.4409310317704551,0.0348780784114943,0.4409310317704551,-0.2349778323466107,0.41230129671380705,-0.405736055614901,-0.5166626787740619,-0.42417782317742586,-0.2349778323466107,-0.26945871723101905,0.44299622372591396,0.44299622372591396,0.34903308096221236,-0.47147849099480893,-0.14178708350737815,0.6296281291248821,-0.03163683001627211,0.41230129671380705,0.3819308050246183,0.5597623999303645,-0.43402418232119744,-0.5383065747384896,-0.4224325055214375,0.6279521521443683,-0.5172529317185887,-0.5172529317185887,-0.2385533408311707,0.31379599318571344,0.4995926351207474,-0.6053261555573185,-0.011053189315033858,0.594431155292366,0.6677782600591863,0.49930190549099673,-0.5992973053887407,0.34592136101777926,0.1876905729437037,-0.24240654913115425,-0.3862535187350341,0.16916102141481199,0.5214671844156428,-0.40055089765373636,0.513654574818336,-0.17552366884342635,0.3392995898095901,0.3392995898095901,0.22487675559362302,0.4636084352705169,-0.17552366884342635,0.19528475126731065,0.5757217038382069,-0.5383065747384896,0.5075266505968499,-0.1882562332090907,-0.47194371765100457,-0.47194371765100457,-0.19626746671763806,0.5214671844156428,0.1339249509710921,0.5664541878848025,0.5446716124585399,-0.10983548539809708,0.6414242467894367,-0.19626746671763806,0.47926031186153906,0.5017965474544774,-0.27287435362809637,0.44299622372591396,0.6625669792926326,-0.17552366884342635,0.1562682155468969,0.44299622372591396,-0.6189336059198136,-0.09180086765286716,0.47073141148068876,0.47073141148068876,0.22487675559362302,0.19528475126731065,-0.30795878253995507,0.022896174129375346,0.744680871443145,0.04657007469568762,0.20465838020741847,0.16916102141481199,Control
MICH-01604,-0.24877333867351212,0.8005010172467913,0.011846647853142015,0.011846647853142015,0.011846647853142015,0.595841795523876,0.08447301268780096,-0.26390924025315277,-0.1101406176428537,-0.46524862793804006,0.5851373008464155,0.16131242387195371,-0.04147377922620765,0.2306085498220214,0.5530321517084297,-0.6066799321406285,-0.3825476944466224,-0.39715751170979346,-0.41037264284539693,0.40473467069427366,-0.39715751170979346,-0.34562005664200557,-0.5504760057833012,-0.4820172287335856,-0.0856779879275237,-0.3285722374934142,0.01360990761290966,-0.055923036135896526,-0.08085232324258657,-0.14048408638225743,-0.40901496489532796,0.604611483377114,0.40473467069427366,0.002397574265075812,-0.3492109828869574,0.40070091036534367,-0.3285722374934142,0.40070091036534367,0.4470423903234192,0.40070091036534367,-0.4788194814823358,0.386317464128608,0.4573412083164885,-0.39888849151516254,0.386317464128608,-0.5234350890603339,0.574990986944377,0.5762565265816559,0.5785689259101348,-0.6350345247052579,-0.4452415569997164,-0.6280764267203435,-0.036931640296938205,-0.3558073373330126,0.40473467069427366,-0.3558073373330126,0.27789426832225256,0.6008935596114381,-0.4728393622536717,-0.37227378578499737,0.0668121924104942,0.4099397361847439,0.4099397361847439,-0.4728393622536717,-0.4412572244556679,-0.4728393622536717,-0.02965387109475323,-0.6506837886792941,0.628665427711236,0.3819328845034036,0.19129573375365708,-0.010090939224234716,-0.12447506994712859,0.13383385354341149,0.03536863851125054,-0.24178772859001943,0.32850894627172145,0.008793650818342982,-0.5721374888727923,-0.5721374888727923,-0.18934571207127193,0.006465718930232712,0.01360990761290966,0.03536863851125054,-0.09134447399471154,0.03159989701761538,0.02018100110048417,0.4230817470077341,0.01360990761290966,0.0065940855179111085,0.2290804968561873,-0.007901072879112011,-0.2684210458505719,-0.2946859040157768,0.3387822390690671,-0.2946859040157768,-0.10690646100706908,-0.12011386587018891,0.01360990761290966,0.38668058969240166,0.0852706163244397,-0.10690646100706908,0.007817711924937217,-0.4728393622536717,-0.4728393622536717,-0.409274181253959,0.4302777329822564,-0.08401693303215767,-0.3916264009165457,0.7058763636586861,-0.12011386587018891,0.40070091036534367,-0.25711489471620713,-0.08739401775212331,-0.1188984982298204,-0.0891864067084811,0.6008935596114381,0.002397574265075812,0.002397574265075812,0.48533451557990065,0.23854737121757294,0.478067843563666,0.617207918459045,-0.37944973027479256,-0.04147377922620765,-0.21277128160927392,-0.06462409748189989,-0.540322483943523,-0.5678545511128427,-0.4088778511889679,-0.2945693323908866,-0.3248855219231294,-0.35442129762649105,-0.33024192759945187,-0.6112402129965259,0.6411476842792386,-0.036931640296938205,0.580005803210367,0.580005803210367,0.8005010172467913,0.5930745015116777,-0.036931640296938205,0.7724095607497794,-0.039275081070521044,-0.1188984982298204,0.514864787265723,-0.42577517820683536,0.4929204518377294,0.4929204518377294,-0.31527739125481147,-0.33024192759945187,0.0668121924104942,0.3714967851186021,0.5059277795640003,0.25227634250920566,-0.3194653706911727,-0.31527739125481147,-0.5006653644679835,-0.4612355352054097,-0.3285722374934142,-0.4728393622536717,-0.5796946838595696,-0.036931640296938205,-0.3891275450453629,-0.4728393622536717,-0.08085232324258657,0.39296072104588425,0.2218615231636465,0.2218615231636465,0.8005010172467913,0.7724095607497794,0.5608054430227537,0.7824842002070985,-0.318070893255804,-0.37227378578499737,-0.14048408638225743,-0.35442129762649105,Control
MICH-01605,-0.06831433061100191,-0.403865480607516,-0.3845393892962478,-0.3845393892962478,-0.3845393892962478,-0.017902614765349326,-0.28781831008388586,-0.4978430347480566,-0.09340502736717018,-0.5353572138948182,0.5344267786400677,-0.19808311477198998,-0.12576614964800156,-0.22048700035793523,0.4678835141948465,-0.5718658801092703,-0.41316731842792487,-0.295925322476942,0.13367308215627702,-0.622409516389786,-0.295925322476942,-0.40191216916062883,-0.4527073479519496,-0.1181634376853489,-0.43707718999603484,-0.23116751818748071,-0.5617394142628861,0.03778400972688015,-0.22553633616263624,-0.2671475402998132,-0.30849103813056533,0.33499821602753116,-0.622409516389786,0.1895974440355046,-0.22033126395638758,0.14612820227542755,-0.23116751818748071,0.14612820227542755,0.10411103036780443,0.14612820227542755,-0.07229160587803506,0.4968858710621859,-0.4020223953779298,0.15666550931085088,0.4968858710621859,0.15027698860672548,0.4661485730239169,0.4509982735648532,0.38841018144252154,-0.6027268802979525,0.255868404316872,-0.5931679378526825,0.07536711512741248,-0.4693781654500794,-0.622409516389786,-0.4693781654500794,-0.24587436665611292,0.13967910240309883,-0.5314165373024857,-0.31434014845360775,0.15497099099615294,0.20464221949292125,0.20464221949292125,-0.5314165373024857,-0.23373355878504465,-0.5314165373024857,-0.5422403068298328,-0.22546251993798855,0.3556818659787586,0.24522596269776484,-0.2746878625835827,-0.3966861652163975,0.30432370872628844,-0.042587249943400136,-0.5274421808178086,0.03875576923457516,-0.1811523606667718,-0.3761459806616863,-0.11866506592753756,-0.11866506592753756,-0.5062449140010248,0.39932982858488586,-0.5617394142628861,-0.5274421808178086,-0.5583307531782831,-0.510236660035358,0.23095611721228512,0.32435334410249533,-0.5617394142628861,0.13022237380429363,0.038106686912439854,-0.13972619731482538,-0.03838359099224198,-0.4998612709775204,-0.27027580562612136,-0.4998612709775204,-0.5354119699394531,-0.5186663332477649,-0.5617394142628861,-0.43940528887722985,-0.5309786127830688,-0.5354119699394531,-0.361806824150846,-0.5314165373024857,-0.5314165373024857,-0.4982232770716071,0.47941636078647615,0.05430126053778874,-0.49778380693961605,-0.3140023107914623,-0.5186663332477649,0.14612820227542755,0.5446417964174747,-0.004087837032038561,-0.5244463291264352,-0.11083715161109887,0.13967910240309883,0.1895974440355046,0.1895974440355046,-0.3584931304386916,0.032783490898872426,0.38302433816712,0.46864294150568947,-0.036380910418651956,-0.12576614964800156,-0.5357260614843481,-0.029260598274536406,-0.1736634357879301,-0.16185991247483467,-0.5551782566372261,-0.22349954447255044,0.07796226439082456,0.13203558418689565,0.6018681953682063,-0.3294451081668603,0.3802356238238247,0.07536711512741248,-0.40138734638105517,-0.40138734638105517,-0.403865480607516,-0.3799310809968647,0.07536711512741248,-0.41086562695052986,-0.2604118404351666,-0.5244463291264352,-0.10004707213142468,-0.15394463420272184,-0.07559011055035064,-0.07559011055035064,-0.36881678040455507,0.6018681953682063,0.15497099099615294,0.03552507939662383,-0.154598853326692,-0.07017413951960345,0.33293510786126645,-0.36881678040455507,-0.47103096113383347,0.3503854082968625,-0.23116751818748071,-0.5314165373024857,0.04918600048518723,0.07536711512741248,0.593999133796678,-0.5314165373024857,-0.22553633616263624,0.42935056752917267,0.09285487613671999,0.09285487613671999,-0.403865480607516,-0.41086562695052986,0.42361643276062405,0.3827729657798987,0.37514146531065673,-0.31434014845360775,-0.2671475402998132,0.13203558418689565,Control
MICH-01606,-0.4521606269290171,0.118437613969747,-0.3898607889825584,-0.3898607889825584,-0.3898607889825584,0.14465017205088299,-0.19777117249858955,-0.16312042377180042,-0.23280359498990644,-0.4233952725628663,0.44043678195247704,-0.14882990971640042,-0.1225205193639469,0.17282293360551818,-0.21540142155796999,-0.6005457196132201,0.4830860880531678,-0.07876099147881253,-0.4182101826391661,0.24772998553578807,-0.07876099147881253,-0.42658060779324875,-0.3009922096174322,-0.3059709703511063,-0.08006427512124475,-0.3811230304930081,-0.22537639720740077,-0.22445085867904055,-0.40214675991012805,0.6953140152446335,0.23497946435402423,-0.09475118528247228,0.24772998553578807,-0.29975266060523037,-0.11833420784756422,0.518810123345915,-0.3811230304930081,0.518810123345915,0.1649507953528525,0.518810123345915,-0.2950356084576225,0.3142394271588471,0.21400953739535195,-0.27130475536224413,0.3142394271588471,0.6773307482133862,-0.05047554113994572,0.4574568539757697,0.46743958247133816,-0.6302299448873157,-0.40124303835312974,-0.6294855096226321,-0.5370199755350185,-0.5371497301488556,0.24772998553578807,-0.5371497301488556,0.5510462303500017,0.28435796700358756,-0.28739691495747466,-0.26923780537137254,0.20327776269002054,0.17752134107221132,0.17752134107221132,-0.28739691495747466,-0.21034371033797344,-0.28739691495747466,0.014062651498120528,-0.24126721118993946,0.3738568535524092,0.5850520023685581,-0.4769370557819843,-0.07845718327384558,-0.03645827918855359,0.44036105292522104,0.044982012753847334,-0.2065692263466108,0.5513426406022752,-0.06116686596497649,0.7388428060446436,0.7388428060446436,-0.09961318296207827,-0.20796283714267064,-0.22537639720740077,0.044982012753847334,-0.2086707044930452,-0.03498313796261447,0.24972830900309306,0.5373673615760601,-0.22537639720740077,-0.2480228624130008,-0.39851543902697667,-0.2049330093429586,-0.315458261000886,-0.03786489541804776,0.6927949893028905,-0.03786489541804776,-0.5665483284958587,-0.15386817316026777,-0.22537639720740077,-0.30334317983349596,0.042586205819981134,-0.5665483284958587,-0.0032107704723127284,-0.28739691495747466,-0.28739691495747466,-0.27869075769200985,-0.03667848560879162,0.1021549378347417,-0.10763724787430175,-0.09944049151362318,-0.15386817316026777,0.518810123345915,0.623657422985904,-0.23418418768416516,-0.3246951312268535,-0.2547015170777266,0.28435796700358756,-0.29975266060523037,-0.29975266060523037,-0.3616459463824257,0.3001155394501139,0.1852245914831733,0.5509947743874507,-0.3724616893900349,-0.1225205193639469,-0.005638021157851721,0.40374404977354994,-0.5568872689385405,0.19107345282626778,0.1644920628885985,-0.29062163627221477,-0.061360396341028564,-0.573303689891688,0.6628856739786384,-0.6206647850727598,0.6337303795237841,-0.5370199755350185,0.4844289091587866,0.4844289091587866,0.118437613969747,0.5503488654767537,-0.5370199755350185,0.10517421829004603,0.4518980070450778,-0.3246951312268535,0.5558895380891131,0.12745647791328676,0.6121910765736971,0.6121910765736971,-0.36300377607792356,0.6628856739786384,0.20327776269002054,0.5762757651208762,0.46359256691270956,0.3430740989888575,0.5271363716166596,-0.36300377607792356,-0.5865552795331506,0.4631650649322282,-0.3811230304930081,-0.28739691495747466,0.6135331619291965,-0.5370199755350185,-0.2607742700239059,-0.28739691495747466,-0.40214675991012805,0.21222040731166866,0.09490209471203669,0.09490209471203669,0.118437613969747,0.10517421829004603,0.24470515147660243,0.6374387830816686,0.7178718046891827,-0.26923780537137254,0.6953140152446335,-0.573303689891688,Control
MICH-01607,-0.31715540872116904,0.7258261410327317,0.37614116143356185,0.37614116143356185,0.37614116143356185,0.6502619378150412,-0.2911747415368853,0.5440674328784766,-0.1261805328893944,0.25303528614381665,-0.39020549221885736,0.08043196660065144,-0.17725439298461387,-0.1115715318988842,-0.02220871227640376,0.09386416029405967,0.3820026117406671,-0.26663602400034947,-0.05615720119270968,0.017137879925017724,-0.26663602400034947,-0.1697418480926629,-0.5120382899567715,-0.42656915387087396,-0.09032731607320975,0.1865538558151837,-0.22483326894278596,-0.25188509065744646,-0.47861946479334044,-0.36006306074584343,0.22430838697849345,-0.12889431275181368,0.017137879925017724,-0.22473494438396996,-0.5182994066203258,0.5653497859908994,0.1865538558151837,0.5653497859908994,0.5701188280587295,0.5653497859908994,-0.5672291738709561,-0.23896603407323722,0.11050258173884211,0.08055389856930938,-0.23896603407323722,0.3384437849684775,0.06169266095834909,0.3503941682627335,0.32579200556470056,-0.3305408173972452,-0.5360079506918152,-0.35459882925879216,0.38705393381479125,-0.5228395291656315,0.017137879925017724,-0.5228395291656315,0.5492006528250055,0.4426397948060473,0.7595383002733106,0.30912076900241464,0.4235926887239205,0.009634451607951466,0.009634451607951466,0.7595383002733106,0.609357458360274,0.7595383002733106,-0.13401263278758607,-0.4797671135092769,0.1232796720833794,0.42913526890793885,0.09746596878605442,-0.10573639546628086,0.06486685624915695,0.46564093127615525,-0.08283189647251113,-0.07823665512231276,0.3290837987956856,-0.12782092626211006,0.7311502259700193,0.7311502259700193,-0.19341727393203997,0.4980128786079739,-0.22483326894278596,-0.08283189647251113,-0.12409143116405667,-0.10387906667566696,0.11902796746165707,0.38205394273621696,-0.22483326894278596,-0.03789045754767249,-0.16716273101296297,-0.022861796082263068,-0.06764942629310529,0.6512988848254054,-0.3071901935889277,0.6512988848254054,0.4234039606346512,0.6308673268107375,-0.22483326894278596,0.3980740722071506,-0.13799029185203657,0.4234039606346512,-0.15782110548864675,0.7595383002733106,0.7595383002733106,-0.23870619442613475,-0.3403594832497397,0.12599795276027378,0.713244945402308,0.43228711852870877,0.6308673268107375,0.5653497859908994,-0.37608948195095904,-0.25631401582723495,-0.14474214387059806,-0.25059176202700595,0.4426397948060473,-0.22473494438396996,-0.22473494438396996,0.5181592649794473,-0.27141110352316744,0.3875281620010658,-0.13246464545963663,0.34832631393971314,-0.17725439298461387,0.6768072642382023,0.28583940370192856,0.0720419389825559,0.21442475352482726,-0.265136987021437,-0.2179100897859647,-0.3166796498036248,-0.23208367189818893,-0.07253027420196881,0.35508658773185364,-0.35784174083990705,0.38705393381479125,0.3728202539685838,0.3728202539685838,0.7258261410327317,0.46678203807783003,0.38705393381479125,0.6869257829482768,0.26465580529442256,-0.14474214387059806,0.010070494741838016,-0.013483974630295392,0.0474283897697723,0.0474283897697723,0.1355358204429496,-0.07253027420196881,0.4235926887239205,-0.04991920492547506,-0.060140868903719114,0.5510977818214599,0.12759616515055486,0.1355358204429496,-0.5282491940913667,0.4430905896583016,0.1865538558151837,0.7595383002733106,-0.1444240974174722,0.38705393381479125,-0.2649939166861557,0.7595383002733106,-0.47861946479334044,0.11094242457620153,0.16845411491365625,0.16845411491365625,0.7258261410327317,0.6869257829482768,-0.31154762128184516,-0.46576929115293864,-0.4964039164381771,0.30912076900241464,-0.36006306074584343,-0.23208367189818893,Control
MICH-01608,0.2511477625153987,-0.4000391875525951,0.4244569642276228,0.4244569642276228,0.4244569642276228,0.32571277899739887,-0.007349721493358743,0.2729026687478941,-0.10786890202660125,0.6551181429637256,-0.5140870734321985,-0.1518840468594478,-0.01826443416396975,-0.3215906518293903,-0.4660910977573783,0.5592517169080633,-0.1729444644384013,0.19617403083743531,0.10421189563287236,-0.4852756643481048,0.19617403083743531,0.13878907849701458,0.18928366440728342,0.031440861934356704,0.057039361476667674,0.5484573428389478,-0.4987230386041635,-0.15518007104014492,-0.07024678606841271,-0.290653521470552,0.47173793263730696,-0.5362151122976172,-0.4852756643481048,-0.041234892548882386,0.012357374921261535,-0.5482212851325319,0.5484573428389478,-0.5482212851325319,0.6282168320912155,-0.5482212851325319,-0.3795051682268577,-0.10864166431275625,-0.14991897036106236,0.30817586214443154,-0.10864166431275625,0.48926272867439125,-0.42942047507382314,-0.47341224141936,-0.44169735212441796,0.6620421857264768,0.07166529617744219,0.7122627790364581,0.12044877984715519,0.25558710356996023,-0.4852756643481048,0.25558710356996023,-0.5202967675108116,-0.3092752142821279,0.7781178372809737,0.49480110942585653,0.08811210895332039,-0.10776287918917772,-0.10776287918917772,0.7781178372809737,0.5316176138504647,0.7781178372809737,-0.5928217805585777,0.28806284877826116,-0.43238031496034507,0.47650358357203537,0.05412026049591689,0.02128888750625041,0.5921981792248766,0.16126193561555693,-0.6002385040273579,0.20440860949754458,-0.379064289960706,0.08562866041568583,0.5101804471489599,0.5101804471489599,-0.34551834631722894,0.6755548073048568,-0.4987230386041635,-0.6002385040273579,-0.5429168377362233,-0.5282960425366503,-0.42039193553473986,-0.30750641624040786,-0.4987230386041635,0.03428646510693208,-0.06995353022364081,-0.5562266720092989,0.17778478856376181,0.3951655502346408,-0.47116919997303663,0.3951655502346408,-0.362876144250828,0.4567299026312502,-0.4987230386041635,-0.211962217630752,-0.5957158917656193,-0.362876144250828,0.018772550056594263,0.7781178372809737,0.7781178372809737,0.38249486126659354,-0.2877345204168396,0.22139378097702314,0.34069248095599053,-0.38027059991032797,0.4567299026312502,-0.5482212851325319,-0.2974445295496822,-0.22578461556016485,-0.5016414898039626,-0.20250888563889233,-0.3092752142821279,-0.041234892548882386,-0.041234892548882386,-0.21586785830041777,0.6035146222010652,0.26717462498241495,-0.4094779070209464,0.43673712305726764,-0.01826443416396975,0.4230965782025084,0.09990506560106407,-0.1212375724042285,0.31988300819225035,-0.48596794523879955,-0.11041416471122696,-0.24984774873276358,-0.32460577604857466,0.26106990964519144,0.10015054349150944,-0.19716129894157836,0.12044877984715519,-0.4040291782250891,-0.4040291782250891,-0.4000391875525951,-0.40525692762823406,0.12044877984715519,-0.35941604225166773,0.08487092732739349,-0.5016414898039626,-0.24775610726995007,0.4631139854795977,-0.4754769906128426,-0.4754769906128426,0.4083529352009163,0.26106990964519144,0.08811210895332039,-0.07501615959906766,-0.1588567127587679,0.4073140650731694,-0.5583009591228509,0.4083529352009163,-0.031752964044298296,0.5067084600569373,0.5484573428389478,0.7781178372809737,0.6917224179691991,0.12044877984715519,0.4164080089712586,0.7781178372809737,-0.07024678606841271,-0.2630682473767281,-0.46849939089124654,-0.46849939089124654,-0.4000391875525951,-0.35941604225166773,-0.277524142955793,-0.498620051384427,-0.2132101591905834,0.49480110942585653,-0.290653521470552,-0.32460577604857466,Control
MICH-01609,0.5961141768548243,-0.4938744714600169,-0.2985616647293236,-0.2985616647293236,-0.2985616647293236,0.25427139050214675,0.3920639459291351,0.6872106151422347,-0.10649727017326659,-0.012653633079066638,-0.16272553913766327,-0.18600382142261174,-0.45237287401090626,-0.30071001183750273,-0.3188199947205742,0.557951662637412,0.5655156031909501,-0.4697509266816828,-0.1799235656833252,0.09463497125540721,-0.4697509266816828,-0.05976138282265168,0.10671949363497372,0.04458351961168449,0.39116020061712964,0.674239433830077,0.48657945788121276,-0.18813740980135585,0.46776121688211125,-0.5744836091558281,-0.513401528776847,0.31059537013418387,0.09463497125540721,-0.037766194995600265,0.18198384965505668,-0.20954896378903792,0.674239433830077,-0.20954896378903792,-0.44805951995239157,-0.20954896378903792,0.44523416637858587,-0.51325693455781,-0.2099057335795649,0.3003989124807719,-0.51325693455781,0.40033261065779246,-0.3087184578796188,-0.3748802714338595,-0.37428309155401496,0.5952871512010496,0.657708211625662,0.49825003320906547,-0.4354248706993455,-0.5088083183833306,0.09463497125540721,-0.5088083183833306,-0.5974142008827775,-0.305934007074543,0.7048864622418559,0.6722445039044432,-0.5204691001248536,-0.38774554812956663,-0.38774554812956663,0.7048864622418559,0.6302797635923661,0.7048864622418559,0.2705205883179489,0.27141277439167155,0.2817064674874564,0.11895014429472792,-0.22793080216432657,0.4008288354235221,-0.3445421670255555,0.10436367093968442,0.45582201032661457,-0.1325199502695651,-0.36090790891052094,0.4119322305740085,-0.5209712625379975,-0.5209712625379975,0.29374817090304695,-0.4389939427914459,0.48657945788121276,0.45582201032661457,0.4488202963680479,0.5139839363781785,-0.42998249038416847,-0.15883712386226723,0.48657945788121276,0.047688347838520745,-0.29296282838014165,0.19001588069517544,-0.09768483450757297,0.6554914523878277,-0.3601669837289504,0.6554914523878277,0.5584291761973076,0.5223651542225907,0.48657945788121276,-0.1463982861919062,0.5130179006642299,0.5584291761973076,0.4052323867482089,0.7048864622418559,0.7048864622418559,-0.43305551918959057,-0.2119727525970513,0.015773645749840484,0.4818177489999772,0.29373130586931334,0.5223651542225907,-0.20954896378903792,0.3095289905174179,-0.16687695449740841,0.5026950025922583,-0.1423536274640319,-0.305934007074543,-0.037766194995600265,-0.037766194995600265,-0.4589352145194139,0.5137015454674226,0.16631199693488666,0.29513107949266765,0.6573649205795243,-0.45237287401090626,0.6366598269270379,0.2655201931676689,0.1453356276501997,-0.5076401791406866,-0.5026041114560721,-0.06331482416382578,-0.0016301576161804835,-0.21141690498197255,0.6532020575361537,-0.04548975548367449,0.021661573794076322,-0.4354248706993455,-0.507901272242364,-0.507901272242364,-0.4938744714600169,-0.510537487914823,-0.4354248706993455,-0.44556861806975145,-0.20918922467871714,0.5026950025922583,0.19179089483395587,-0.171100466985627,0.45367816765803787,0.45367816765803787,0.5402687321095002,0.6532020575361537,-0.5204691001248536,0.11284181913994433,0.23486779662516133,-0.3872555177363916,0.42353675873058205,0.5402687321095002,0.20955085615096433,-0.03525161452185037,0.674239433830077,0.7048864622418559,-0.6029189049752551,-0.4354248706993455,-0.1333563386407358,0.7048864622418559,0.46776121688211125,-0.4076739226406445,0.10066806023042617,0.10066806023042617,-0.4938744714600169,-0.44556861806975145,-0.38955311673016546,-0.22454322906788585,0.6945599511374942,0.6722445039044432,-0.5744836091558281,-0.21141690498197255,Control
MICH-01610,0.5831551674157411,0.2063830055870391,0.12044981607102327,0.12044981607102327,0.12044981607102327,0.41781521926768056,0.5401708273659599,-0.3592600291588128,-0.26758835084617905,-0.6219496263565903,0.5353647700288288,0.10506445348619431,-0.13242583593501364,0.29684665043496167,-0.22679951273053658,-0.2034597850449125,0.04370324009482835,0.41185821383859517,-0.5033085965582074,0.2953118874925641,0.41185821383859517,-0.578218053312034,-0.5330997495664187,-0.49745957934408436,0.11474759513888058,0.6554248276493612,-0.30780824518541006,-0.33335826074941427,0.4697120385055748,0.5973353892865627,-0.3811730184075026,0.2669638823457242,0.2953118874925641,-0.5569137498551594,-0.650668989173369,-0.524650474211282,0.6554248276493612,-0.524650474211282,-0.26891050673904837,-0.524650474211282,0.35651436166659406,0.4064887740043112,0.42808322906847673,0.1299464317401471,0.4064887740043112,0.4568048381676542,-0.18795670945526227,-0.016439931282182404,-0.137214181556803,0.0608464775910574,0.48115444785450623,-0.02856237807397947,-0.4207835428106791,-0.43596693405791315,0.2953118874925641,-0.43596693405791315,-0.5663660829630182,0.1112668523315716,0.6420924884379475,0.5611227833507542,-0.488997332967511,0.47567018631692876,0.47567018631692876,0.6420924884379475,0.49517755248597894,0.6420924884379475,0.2027165491162219,-0.15161414352320463,0.5515634550076542,0.6495029445655489,-0.38667039794759755,-0.024060343495523807,-0.015056369514784401,0.11000225009851426,-0.004527856270399809,-0.3690836907808912,-0.5737870849658412,0.005029768372605503,0.5397629074622515,0.5397629074622515,0.04058210984168259,-0.016034876807069314,-0.30780824518541006,-0.004527856270399809,-0.1416296275189502,-0.08438788995164351,-0.02478119134864978,0.3998321972471334,-0.30780824518541006,-0.23850846906373221,-0.3226778561850091,-0.12988982449076322,-0.421585543622837,-0.16121722731966032,0.6010446048719744,-0.16121722731966032,-0.06577327522961687,-0.0850138787420326,-0.30780824518541006,-0.07116514483728696,-0.09557339148194806,-0.06577327522961687,-0.029176157768099367,0.6420924884379475,0.6420924884379475,-0.3405563287650766,0.17496198107306674,-0.16547588110461606,-0.1961489055475035,0.3113081623246948,-0.0850138787420326,-0.524650474211282,0.2342858297415484,-0.3119349203977544,-0.315147442816832,-0.2583877776364317,0.1112668523315716,-0.5569137498551594,-0.5569137498551594,-0.06285286911075118,0.5675319819086797,0.634706342602107,0.686501183514909,0.5742018051360075,-0.13242583593501364,-0.2081089720127717,0.5151205670554538,-0.4418466740537524,0.6861938821215989,-0.5598767025217722,-0.4368393078484948,-0.5163797062395494,-0.560430474558706,0.18206159173818096,-0.3070558144694751,0.2522959314605484,-0.4207835428106791,0.5458444828538993,0.5458444828538993,0.2063830055870391,0.585949865882517,-0.4207835428106791,0.20871360356849536,0.45758612517375513,-0.315147442816832,0.5090105312532162,-0.5384854992701793,-0.03193563650049349,-0.03193563650049349,0.6689120228792473,0.18206159173818096,-0.488997332967511,0.4925200690365798,0.5196350173584721,-0.3138292487520331,-0.4517544447218573,0.6689120228792473,-0.616575509333566,0.41876961371706656,0.6554248276493612,0.6420924884379475,-0.589869213562008,-0.4207835428106791,-0.29270548847013794,0.6420924884379475,0.4697120385055748,-0.38478876682639257,-0.139764289731165,-0.139764289731165,0.2063830055870391,0.20871360356849536,0.5793760431383477,0.7622967015800177,-0.06813777925424405,0.5611227833507542,0.5973353892865627,-0.560430474558706,Control
MICH-01611,-0.4765455595709233,0.23730177244645434,0.41410349542615404,0.41410349542615404,0.41410349542615404,0.37035233220451014,-0.5087446030806758,0.6675074410521221,-0.3698249951002717,0.4676674246528032,-0.6193127217244965,0.07254013753342829,0.03177873784298458,-0.030230792394394322,0.2132347266814741,-0.6046454923173229,-0.019557610228516153,-0.44561656490998486,-0.3371607896847324,-0.37095272652939737,-0.44561656490998486,-0.5765713199021827,-0.44695525300738265,-0.3908840866911153,-0.18095512415969156,-0.4493480425182,-0.4327164139619285,-0.32634489287901275,-0.5398108932704194,0.28568208387802485,0.20750529538708856,-0.21483659603909827,-0.37095272652939737,0.4837911418717751,-0.5366709657355819,0.6398570374754479,-0.4493480425182,0.6398570374754479,0.22170213715665846,0.6398570374754479,-0.306360456153505,-0.4072550314212733,-0.1593478614903426,-0.2384791639114414,-0.4072550314212733,0.6893928159745827,0.38713392133261193,0.544549537284416,0.5331228953139205,-0.6302299448873157,-0.49813946411152427,-0.6294855096226321,0.07183711379742143,-0.15985126068319533,-0.37095272652939737,-0.15985126068319533,0.6449353812697917,0.5427890892076103,-0.5467697242643451,-0.4825327456565873,0.4785474904224288,0.45507160975715666,0.45507160975715666,-0.5467697242643451,-0.45800107248604177,-0.5467697242643451,-0.08250398637849847,-0.4470361629640428,0.19928847628232177,0.37705189720570986,-0.27444845938539153,-0.09366813614247273,0.12767152962186062,0.4834642384095982,-0.05615939214364021,-0.29563396077635545,0.6222190150920498,-0.06732829219156874,0.4190763466345209,0.4190763466345209,-0.12845010430792492,0.1654120067928625,-0.4327164139619285,-0.05615939214364021,-0.2292002448658401,-0.13674518278962816,-0.12170566168322872,0.09837721153232233,-0.4327164139619285,-0.39622599032510375,-0.47065887125855954,-0.11328140660037021,-0.3280572456180643,0.5915609423858609,0.22166806285668372,0.5915609423858609,-0.15699031818911924,0.6499677314384483,-0.4327164139619285,-0.4677617002343505,-0.14708827300632096,-0.15699031818911924,-0.11024942798544443,-0.5467697242643451,-0.5467697242643451,0.19022771382395498,-0.5395257752444462,0.07558419711235642,0.6471418364831729,0.2962103698656946,0.6499677314384483,0.6398570374754479,0.5237981229811216,-0.41905495944944765,-0.48090922292699106,-0.419268736152287,0.5427890892076103,0.4837911418717751,0.4837911418717751,-0.13124074311854805,0.2160064735153186,0.41139652768655066,-0.5314881321804291,-0.5275887344070788,0.03177873784298458,0.7419380262930048,0.6716565857780555,-0.49795270571739153,0.05974484103891664,-0.5533796733516689,-0.42735545199181174,-0.388763071521483,0.0593038998374768,0.37791731581316834,-0.07605526965076866,0.04208336189361823,0.07183711379742143,0.3839846769210772,0.3839846769210772,0.23730177244645434,0.48404238561149676,0.07183711379742143,0.19087682797581518,0.6072355084611556,-0.48090922292699106,0.27563071756873514,-0.5790015084210596,0.10746132352841953,0.10746132352841953,-0.3787076097602585,0.37791731581316834,0.4785474904224288,0.24424273188676668,0.334741521564546,0.3437660696740726,-0.020670315492989016,-0.3787076097602585,0.6585749932030357,0.43249917449535324,-0.4493480425182,-0.5467697242643451,-0.48399733699623143,0.07183711379742143,0.4841951356333519,-0.5467697242643451,-0.5398108932704194,0.33453449540272023,0.07932785215364749,0.07932785215364749,0.23730177244645434,0.19087682797581518,-0.14886649817123154,-0.08061608588340377,0.6120620098373222,-0.4825327456565873,0.28568208387802485,0.0593038998374768,Control
MICH-01612,0.5996445849877036,0.2180521236561136,0.44624043021865445,0.44624043021865445,0.44624043021865445,0.48975976389599385,0.141692443138337,-0.11133796205434858,-0.22276257291539706,0.6415396381540412,-0.6211167100571722,0.5148377291422642,0.4291907566905124,0.16794051238517452,-0.020778018481212558,0.16787069108910746,-0.1165204828242041,0.5097589668416427,-0.49400901678866044,-0.38793244872444294,0.5097589668416427,-0.3099435447013705,-0.10499023063836908,-0.2156094558879699,-0.14254307704377853,0.692220908734376,-0.5027423316715768,-0.14180601755541444,0.312173719334278,-0.0844472742015893,0.26573711254966204,-0.3609604082902731,-0.38793244872444294,-0.07220334231128508,-0.5411540911972947,-0.6186582550644536,0.692220908734376,-0.6186582550644536,-0.5700952036758824,-0.6186582550644536,0.5888594049786108,-0.1514291646512751,-0.006260894100163772,0.30798381554260656,-0.1514291646512751,0.5007782470789216,-0.14306540188055106,-0.11753813116707623,-0.14120242592338694,0.26762788609612365,0.6439954184774113,0.16066732336829365,-0.21596739088013778,0.6763447816310627,-0.38793244872444294,0.6763447816310627,-0.642438947154665,0.28421371575376175,0.5869871002422484,0.5109546921914023,-0.3751716809868587,0.5194171370623556,0.5194171370623556,0.5869871002422484,0.5413271989989809,0.5869871002422484,-0.3927567635025978,-0.3298437312112121,-0.0169122006572627,0.6205913299149982,-0.14653895881198092,-0.28331328606712003,0.3523274935026478,0.04763925290658987,-0.38073951526599636,-0.17503138546455949,-0.6171179125410334,-0.3281512492833291,0.03877002206770466,0.03877002206770466,-0.3159142359358945,-0.26860176394468616,-0.5027423316715768,-0.38073951526599636,-0.3647366986443951,-0.4136629890456271,0.08324566349846707,-0.09236147917235657,-0.5027423316715768,-0.1752570963279763,-0.30931324711628333,-0.2926470566046038,-0.228426639661012,0.08711714816898666,-0.2548393681200811,0.08711714816898666,-0.18212338004562686,0.07055356666518992,-0.5027423316715768,0.3099470416009984,-0.46376645550450374,-0.18212338004562686,-0.3159068731988157,0.5869871002422484,0.5869871002422484,0.443966018167273,-0.012041872358612505,-0.20744379515324537,-0.07510373561168024,0.2695088719974194,0.07055356666518992,-0.6186582550644536,-0.2878678286795895,-0.20590570211872541,-0.3529614789990343,-0.1603996604771755,0.28421371575376175,-0.07220334231128508,-0.07220334231128508,0.12989607265824407,0.46475767049534267,0.4588217574251185,-0.3741872886070907,0.5227099831836886,0.4291907566905124,-0.09908185301094632,0.5946366035791447,-0.2956429036559958,-0.4579946512133092,-0.31495082652510814,-0.28812121391736073,-0.4902291114192641,0.16845441662955227,0.007026685497255615,-0.6332086620924008,0.6251633582881844,-0.21596739088013778,0.4218743237554374,0.4218743237554374,0.2180521236561136,0.5490281570719446,-0.21596739088013778,0.2108255448240542,0.24516337985501196,-0.3529614789990343,0.5859618533933415,0.5828424811157391,0.23406470988342165,0.23406470988342165,0.47715914843575524,0.007026685497255615,-0.3751716809868587,0.5690818308960954,0.548611263742022,-0.5475674081286614,0.16072470038308237,0.47715914843575524,0.48529772548213485,0.1413060807291303,0.692220908734376,0.5869871002422484,0.4248765634697117,-0.21596739088013778,-0.04729791472810392,0.5869871002422484,0.312173719334278,0.17526409493617812,0.03811820947887285,0.03811820947887285,0.2180521236561136,0.2108255448240542,-0.2998403566716395,-0.3400512624292147,-0.28917304849990855,0.5109546921914023,-0.0844472742015893,0.16845441662955227,Control
MICH-01613,-0.17420990062917446,-0.40865745233656914,0.5730948683365844,0.5730948683365844,0.5730948683365844,0.22472714592957452,-0.15511751062334836,-0.5359700379180307,0.11439188979053923,0.20532022017458423,-0.33595538917790807,0.27684782068281866,0.2723035806518866,0.3203170356057651,-0.34750519899741394,0.6916379011812495,-0.4193190272235523,-0.2863691535724765,-0.20490114271487989,-0.18786003986984973,-0.2863691535724765,-0.07713787963782454,0.3579802695825964,0.1963441234932378,-0.09585430298879788,-0.20461288412614528,-0.4556325727269841,-0.07041754605487743,-0.4039551082914154,0.4459144231000072,0.12755067969412365,-0.07578212102356857,-0.18786003986984973,-0.30264180297575066,0.18716452182700885,0.0036612691955770194,-0.20461288412614528,0.0036612691955770194,0.6545175526903261,0.0036612691955770194,-0.5505471050578257,0.5103673537476793,0.3977298412519506,-0.34217771260056545,0.5103673537476793,0.20699309223266443,-0.2560963229761415,-0.36936050660607195,-0.29023227647321787,0.6875126208560225,-0.3553117098542192,0.6722605619500464,-0.0802534515722772,-0.10640822693277585,-0.18786003986984973,-0.10640822693277585,0.20558029305440345,-0.2538606646770112,-0.06129793132195063,-0.1671741943908575,0.20455737390606948,-0.12088391028355482,-0.12088391028355482,-0.06129793132195063,0.061502796847114814,-0.06129793132195063,0.09415788686552194,0.28735995964592953,-0.5147562529057557,0.3444790231377277,-0.26595463768682526,-0.08534782696447694,0.033593930055723406,-0.18473254306317477,0.06274433262620246,0.06431375209633436,0.1523572851970685,-0.060717626772704605,0.4692215843230974,0.4692215843230974,-0.042425013520851526,0.466933334261907,-0.4556325727269841,0.06274433262620246,-0.41733364147742374,0.043300127641704524,0.28461071100047425,-0.06597738291483629,-0.4556325727269841,0.05859737956781116,-0.04729310827001764,-0.28531683310487366,0.019569677759178804,-0.4561141514127422,0.4142712337974782,-0.4561141514127422,0.21363899696131292,-0.36833714213086477,-0.4556325727269841,-0.45454479749309895,0.05787932730466447,0.21363899696131292,-0.08940663192286939,-0.06129793132195063,-0.06129793132195063,-0.023584757061390363,0.1281738667034119,0.2890438973266959,-0.35930394500482615,0.22724132293110214,-0.36833714213086477,0.0036612691955770194,0.40163677256067976,-0.2270912704524212,-0.5420964018466786,-0.22950591017417557,-0.2538606646770112,-0.30264180297575066,-0.30264180297575066,-0.456729721815814,0.4428110105493459,-0.0024591290697895127,-0.36352908025050357,-0.13789736676100414,0.2723035806518866,-0.49884360447643594,-0.49779338046536875,0.11908758663834469,0.3343014542194741,0.5987166175757143,0.10361010306998414,0.2576535997253354,-0.4420349097890215,0.6255328335220433,-0.17136714895549446,0.10507274895098963,-0.0802534515722772,-0.30187677939454544,-0.30187677939454544,-0.40865745233656914,-0.27722062938079395,-0.0802534515722772,-0.36450180978755603,-0.09953144589615705,-0.5420964018466786,0.20906404922270966,-0.40622972556388304,-0.2479036307877165,-0.2479036307877165,-0.022178465001456312,0.6255328335220433,0.20455737390606948,0.1961007267231721,0.2547219691969833,0.5303815317992632,0.6663963855987853,-0.022178465001456312,-0.12583021145914028,0.422904964805061,-0.20461288412614528,-0.06129793132195063,-0.009189270363653473,-0.0802534515722772,0.012649411747047987,-0.06129793132195063,-0.4039551082914154,0.20769016677444255,0.006183387248634468,0.006183387248634468,-0.40865745233656914,-0.36450180978755603,-0.005667926904651892,-0.33919581896777734,0.34873324366885133,-0.1671741943908575,0.4459144231000072,-0.4420349097890215,Control
MICH-01614,-0.056339602282452876,0.28340810320294796,0.227077176892124,0.227077176892124,0.227077176892124,0.33566570829575,-0.17746542246575367,-0.45050280412126154,-0.13857507022708762,0.2191254212474148,0.03812534589264388,-0.21623265701891942,-0.07855084302249486,0.029924554457971698,0.5710408005934086,-0.6005457196132201,-0.4063446936657015,-0.2208875789732231,-0.0443440558878337,-0.4796578673192374,-0.2208875789732231,0.3164206791524475,0.11360724485979727,0.1169425985772431,-0.25819928427519157,0.21646129723836682,-0.196345494250281,-0.13690846710643892,-0.1969291192300587,0.38298180053770126,-0.205052495756328,0.0716395607527221,-0.4796578673192374,-0.1769651439405325,-0.11919326474729439,-0.37725765567867586,0.21646129723836682,-0.37725765567867586,-0.5325748296342847,-0.37725765567867586,0.5041986544083081,0.4739416826350889,0.41031903641238515,-0.02367205497094131,0.4739416826350889,0.6187175318505694,0.3476784446156092,0.44508830183797343,0.25486097569822264,-0.6302299448873157,0.4039520752704378,-0.6294855096226321,-0.4174939249729295,-0.43621392697873773,-0.4796578673192374,-0.43621392697873773,-0.31475594205114865,-0.3105216834369762,0.7594776010040301,0.26380244047170537,0.023287600954980323,-0.47715935669487924,-0.47715935669487924,0.7594776010040301,0.33056451734998366,0.7594776010040301,-0.44651371102937065,0.3288357138891688,-0.45703670377993866,0.04828996786042951,-0.28409647058375265,-0.2866585605861605,0.4590334913379441,0.19291658954595417,-0.44847894537394856,0.06747472716660516,-0.32556533787889874,-0.3389083998107831,0.6332384372627187,0.6332384372627187,-0.3532511247092602,0.29932351297194243,-0.196345494250281,-0.44847894537394856,-0.29669707983939075,-0.2931479510565682,0.4780740034860512,0.4838545413281436,-0.196345494250281,-0.1225858379016152,-0.07181862241478718,-0.49465512539282175,0.011182847929098119,-0.5089159660227235,0.5428524340504354,-0.5089159660227235,-0.5547518700858453,-0.33654263766461323,-0.196345494250281,-0.14890507567530348,-0.4115964496973116,-0.5547518700858453,-0.2983501013559168,0.7594776010040301,0.7594776010040301,0.13341052931783137,-0.19899366168129826,0.2194727893050427,-0.05436472990472703,0.14397125316633821,-0.33654263766461323,-0.37725765567867586,0.1563134745576509,-0.27154233879221495,-0.23578784569491829,-0.2760224241099454,-0.3105216834369762,-0.1769651439405325,-0.1769651439405325,0.17625068975050434,-0.5432414063349906,-0.18511118698126555,-0.4388700901254519,0.16808908067822542,-0.07855084302249486,-0.4831100103759341,-0.17396405046680635,-0.39811978226871914,0.4998932946430715,0.03670163930984853,-0.15386952788063823,0.3776660458179943,-0.19551665597721551,-0.22105137330828495,0.07191263487479718,-0.0953162912631556,-0.4174939249729295,0.12191997768523939,0.12191997768523939,0.28340810320294796,0.22406530869647412,-0.4174939249729295,0.26206312193895476,0.20725533633971066,-0.23578784569491829,-0.061195765669930687,-0.24869131658337637,-0.2643492405642537,-0.2643492405642537,0.024428031777549836,-0.22105137330828495,0.023287600954980323,0.019205589361335818,-0.0940732343660343,-0.3146442463770838,-0.43257312424595,0.024428031777549836,0.5196778408923651,0.5065210208642672,0.21646129723836682,0.7594776010040301,-0.38808697464405184,-0.4174939249729295,0.10468205130023762,0.7594776010040301,-0.1969291192300587,0.25433466524479414,0.42034535591097166,0.42034535591097166,0.28340810320294796,0.26206312193895476,0.08407580052510957,-0.33908999466571493,-0.24415564232006529,0.26380244047170537,0.38298180053770126,-0.19551665597721551,Control
MICH-01615,-0.3537182336025289,0.7409380086950869,0.4904093327985272,0.4904093327985272,0.4904093327985272,0.21715954124634998,-0.30704547579846203,0.4121214182956133,-0.261904209180766,0.5035629380308442,-0.5781370050622449,-0.08116863496714312,-0.08409762541565094,-0.049454108085932764,-0.22017918488452906,-0.26620460806734275,0.5911369326634757,0.7388378428761819,-0.3899910308875265,-0.3850079951833311,0.7388378428761819,-0.34843723948770294,-0.4594130723368101,-0.39093300731578634,-0.0011120601160150261,0.11636167370562454,-0.5517320595776679,-0.2896200734814996,-0.49664560563062393,0.342710461968272,0.3814975667362818,-0.3720599407129117,-0.3850079951833311,0.49238256924741974,-0.47693850415062955,0.13289905845654573,0.11636167370562454,0.13289905845654573,0.6344246617909008,0.13289905845654573,-0.4551440839756583,-0.12400093503584779,0.1997656611624328,-0.04062273600208618,-0.12400093503584779,-0.17279239576683858,-0.1378144338899693,0.12467083342638825,0.10160082624533699,-0.0637390322219378,-0.4625923094267667,-0.1360212410500262,0.35882064209754005,-0.14875747861244157,-0.3850079951833311,-0.14875747861244157,0.27181729861336684,0.3145101217600478,0.748937058492885,0.3257724280150785,0.42061378455203213,0.06505401939212917,0.06505401939212917,0.748937058492885,0.608565960481113,0.748937058492885,-0.4235220041049266,-0.38638458840933804,-0.1737045476261452,0.22225743888627875,0.04090766310793078,-0.003270341403075153,0.057488425331696964,0.3769583299767327,-0.3952292760893933,-0.10600318648192962,0.05892849939675486,-0.28374591176568703,-0.12256843461220608,-0.12256843461220608,-0.1909616085391011,0.6959254810066872,-0.5517320595776679,-0.3952292760893933,-0.5365529949806676,-0.42323131170746037,-0.06266802464915487,-0.30426136355559674,-0.5517320595776679,-0.1464975849219847,-0.27010316057782713,-0.19622375560619235,-0.14105700638081237,0.47402896812345235,0.32251949669911456,0.47402896812345235,-0.3401681097238716,0.5790812578426129,-0.5517320595776679,0.349439067157797,-0.39587722947818976,-0.3401681097238716,0.0032096622291402413,0.748937058492885,0.748937058492885,0.22858966061404318,-0.3856604542884278,0.2967581869670609,0.6835065776931895,0.5653574372036397,0.5790812578426129,0.13289905845654573,-0.371700590908784,-0.37172328086079265,-0.5444922137683932,-0.3524836746672184,0.3145101217600478,0.49238256924741974,0.49238256924741974,0.43081861126842547,0.5998710312156238,0.1840066538567474,-0.4377377408268203,0.1907964741035829,-0.08409762541565094,0.5775588387229924,0.4543633520394005,-0.1278456544824926,-0.5558552968449667,-0.43365213750371373,-0.2799697307522074,-0.31137739625037075,-0.33203420796519734,0.15607806855287237,-0.07586759080795023,-0.03975891842146943,0.35882064209754005,0.5137974446325165,0.5137974446325165,0.7409380086950869,0.5250157784191221,0.35882064209754005,0.7857507746470807,0.5501034893767868,-0.5444922137683932,0.27250482252107666,-0.03978476859423995,-0.018906502115958505,-0.018906502115958505,0.032162709867088524,0.15607806855287237,0.42061378455203213,0.2865690239848009,0.33291876244791735,0.504418053515826,-0.2247873420713343,0.032162709867088524,0.09708026101762306,0.23177433764649136,0.11636167370562454,0.748937058492885,0.07552147838968361,0.35882064209754005,-0.4489104832506236,0.748937058492885,-0.49664560563062393,0.24557165004004738,-0.13697143708970613,-0.13697143708970613,0.7409380086950869,0.7857507746470807,-0.424231043020851,-0.28557550040745616,-0.46357729360623307,0.3257724280150785,0.342710461968272,-0.33203420796519734,Control
MICH-01616,-0.4796177597306198,0.10629378439072741,0.044343881383531306,0.044343881383531306,0.044343881383531306,-0.20463169940307976,-0.2616833553126844,-0.10389271790295015,0.0008101975265708422,-0.2627631034370678,0.6076226637690373,-0.1075648287931736,0.03734667466303413,-0.12779364048202543,0.34482930762534936,-0.6005457196132201,0.0157207586864551,-0.48121584116521354,-0.008581695476112147,0.19734350089504135,-0.48121584116521354,-0.074627960798136,-0.2286964942751254,-0.00021418577200786831,-0.20721800384785644,-0.44934913100407425,0.002345610822896827,0.1177654015835081,-0.20235329049946946,-0.24302451921785378,-0.1335615588473716,0.1669106926168959,0.19734350089504135,0.55840626589306,-0.3564351741151044,0.5904108609696801,-0.44934913100407425,0.5904108609696801,0.5758557404484327,0.5904108609696801,-0.2167842955382033,-0.10229513799856867,0.02682393646369838,-0.16169429993414575,-0.10229513799856867,-0.012567443248155155,0.30019166062925806,0.3061419138299955,0.24711420706758178,-0.6302299448873157,-0.45988852075726766,-0.6294855096226321,0.4813203001250524,0.48417160642741763,0.19734350089504135,0.48417160642741763,0.30438095317768427,0.28731201219107716,-0.4958838289162075,-0.3561086875848372,0.33021936390983087,0.44443362352653365,0.44443362352653365,-0.4958838289162075,-0.5470713064008978,-0.4958838289162075,-0.1963225976103228,-0.34648080632294853,0.40668250921477256,-0.1436500460961208,-0.18191427217522776,-0.16576488008517318,0.008679980173594101,-0.28166195904992536,-0.10880153292229426,-0.07462846291955713,0.4878950972372277,-0.14711840123430647,0.7186960869177655,0.7186960869177655,-0.1885113532747567,-0.32890573286632335,0.002345610822896827,-0.10880153292229426,-0.13824367167942256,-0.1261572682898181,0.0732877508943374,0.01242529015259276,0.002345610822896827,0.10738437505008282,0.12093718284117433,0.07822898428136549,-0.07507548669254922,-0.1733406092736076,-0.2988270762702982,-0.1733406092736076,-0.22762981257509954,-0.461046647772587,0.002345610822896827,0.10114727682778243,-0.048602798502863274,-0.22762981257509954,-0.14350895662770705,-0.4958838289162075,-0.4958838289162075,-0.11540941363396935,0.2790744507264154,0.014301033956206535,-0.4541438395107669,-0.5054266817228426,-0.461046647772587,0.5904108609696801,0.2040708730923787,0.16568027195215201,0.08274871131088785,0.080219562081492,0.28731201219107716,0.55840626589306,0.55840626589306,-0.003475465809917121,-0.12218376852908276,-0.09956035188201012,0.6186025277594123,-0.36281885786815654,0.03734667466303413,-0.43862744863391606,0.6465002713555223,0.11851679254973885,0.2164140252817473,-0.41567471338010575,-0.06897506540288757,-0.17113074038208373,0.5570047035018806,-0.04628291938926383,-0.1521316686069043,0.23940855637456418,0.4813203001250524,0.08375802159888063,0.08375802159888063,0.10629378439072741,0.12191838622810205,0.4813203001250524,0.008908983103205809,0.2803649680919075,0.08274871131088785,0.12508782413639857,-0.6258086889258,0.6011252591294076,0.6011252591294076,-0.36335669133923293,-0.04628291938926383,0.33021936390983087,0.2348287413531433,0.05295484252209524,0.25124838510027975,0.17181997308029762,-0.36335669133923293,0.16217556876213593,0.03514342506093438,-0.44934913100407425,-0.4958838289162075,-0.3427866672626495,0.4813203001250524,-0.08004030663684024,-0.4958838289162075,-0.20235329049946946,0.16441681831663602,-0.0796257364499447,-0.0796257364499447,0.10629378439072741,0.008908983103205809,0.5186811095512254,0.5132651150625802,0.11126233256136596,-0.3561086875848372,-0.24302451921785378,0.5570047035018806,Control
MICH-01617,-0.09991377570668504,-0.46015761328100296,0.4034905276852248,0.4034905276852248,0.4034905276852248,-0.020362367167208288,-0.13632502493978052,0.5675686102355068,-0.1368024219754722,0.5684698787378679,-0.09344626800333367,-0.06645628757720973,0.04661322498213189,0.14406182731255954,-0.21241583105444767,0.1500558326962183,0.24914891684782933,0.7855410251090452,0.09020233595929447,-0.3031015990720239,0.7855410251090452,-0.023857819771165294,-0.3068874927214914,-0.10193863149010494,-0.29744220818917516,-0.17893220453081354,-0.21765583701602012,-0.12754731110563397,-0.1728142132102722,0.5039412067915833,-0.10009065294739948,-0.06283058946306308,-0.3031015990720239,0.3264652653098919,0.07348929282659905,0.04567420153299534,-0.17893220453081354,0.04567420153299534,-0.525237633925088,0.04567420153299534,0.3047702948824453,-0.3753355092901602,-0.121395444957325,-0.05356143029289875,-0.3753355092901602,0.03772270743412343,-0.07246057808914133,-0.07515226689743915,0.01437442848467563,0.5587873938104816,0.2397622993429138,0.45244130686654205,-0.48379968119934563,0.4626698858062399,-0.3031015990720239,0.4626698858062399,-0.18713845981456034,-0.5557989405030628,-0.48671601764314093,-0.06413922113276765,0.0714344113580749,0.18245507672264255,0.18245507672264255,-0.48671601764314093,0.025605041921984553,-0.48671601764314093,-0.4651963867505203,0.6317504890730213,-0.2539772865579547,0.5531570389126654,-0.553487515619794,-0.3032471119306365,0.5086806541500519,0.4655104385433712,-0.4709077406683127,0.06452049811480923,-0.13854896107963585,-0.26361696534058626,0.6948735941825167,0.6948735941825167,-0.27551719423021076,0.32763122388538796,-0.21765583701602012,-0.4709077406683127,-0.33572213050828215,-0.28913066654522673,-0.026584712218344873,-0.1975819936809041,-0.21765583701602012,-0.2591615688874921,-0.3822290645834285,-0.2600671660318271,0.024156381381038424,0.7140006871804374,0.5087620422155422,0.7140006871804374,-0.5313540036274343,0.7138390966687274,-0.21765583701602012,-0.5794520489096499,-0.41867948080828554,-0.5313540036274343,-0.3333560935063433,-0.48671601764314093,-0.48671601764314093,0.4945523518327057,-0.5257011805539962,0.14877607831292156,0.7219102934622409,-0.032176444028290285,0.7138390966687274,0.04567420153299534,0.6893307889214301,-0.26073722266892935,-0.18854467525899676,-0.2754094928697966,-0.5557989405030628,0.3264652653098919,0.3264652653098919,-0.37883670606398034,-0.19576784893723426,-0.2709651883331225,-0.5260952922066435,-0.08426254863977174,0.04661322498213189,0.6884833852677674,0.6168384953594922,-0.16491839778846834,0.5140169318527132,0.5436080264478214,-0.13015302730060282,-0.13409706504063815,-0.5125127444257563,0.6765521232726869,0.4525841751449839,-0.40390339718692947,-0.48379968119934563,-0.4291790774825659,-0.4291790774825659,-0.46015761328100296,-0.48819076895978053,-0.48379968119934563,-0.44005940357137985,0.516688338479353,-0.18854467525899676,-0.33650345118276065,-0.5436150107613852,-0.26958578476874545,-0.26958578476874545,-0.34659755630234074,0.6765521232726869,0.0714344113580749,-0.08399979730847722,-0.3469625393624931,-0.14502855795584998,-0.028921786460209577,-0.34659755630234074,0.6894539246410216,0.41790762726933767,-0.17893220453081354,-0.48671601764314093,-0.4614227907752732,-0.48379968119934563,-0.43533670489669696,-0.48671601764314093,-0.1728142132102722,0.2759478015866137,0.251760583843317,0.251760583843317,-0.46015761328100296,-0.44005940357137985,-0.47808096334639943,-0.10582002126377647,0.6630024620194236,-0.06413922113276765,0.5039412067915833,-0.5125127444257563,Control
MICH-01618,-0.09639364163056396,0.0537152618359214,-0.18507502359536598,-0.18507502359536598,-0.18507502359536598,0.014283954875594427,0.09296580565187401,0.6580442295068094,-0.20093354641940003,0.3151820583333141,-0.2221132737405417,0.4350061892944855,0.45379043595784224,0.31497653636372425,-0.22232931546549717,-0.3942527261654365,0.6182982667334573,-0.19269774074497956,-0.2993107691815507,0.53743488534848,-0.19269774074497956,-0.4926879972400347,-0.2981322141785521,-0.16141676247562858,0.298528625385473,0.1145604042149811,0.6329633596458566,-0.11256328921897146,0.14848669289674954,0.19979485064223418,0.2508344024427835,-0.37894686606694217,0.53743488534848,0.5037143732899726,0.038622513776255106,0.158520688543346,0.1145604042149811,0.158520688543346,0.5574089503314862,0.158520688543346,-0.35307827978336104,-0.4987892593131255,-0.26766002509238673,0.22354866467463108,-0.4987892593131255,-0.0837734494668284,-0.10620525843201271,-0.01357952618040974,-0.011449616273030334,-0.3598035673957322,-0.39207120439283105,0.10285687288518604,0.06488004847094436,0.3411242852332699,0.53743488534848,0.3411242852332699,0.28362602840559115,0.4935523373554508,0.5125314851890518,0.20459365870202859,-0.008258736599462108,0.43712453372402876,0.43712453372402876,0.5125314851890518,0.15181712364658412,0.5125314851890518,0.5943928659361293,-0.618069167656684,0.2868246410928343,0.6048647469545408,-0.408839429233617,0.39302303949494305,-0.440088172738681,0.2996256340634377,0.5910623748254105,-0.25135267912445286,0.2285224754251608,0.4114158405016136,-0.1747588476839661,-0.1747588476839661,0.47709579281793385,-0.4020645000989999,0.6329633596458566,0.5910623748254105,0.6159781582627079,0.6379170275358443,-0.3708941078340895,-0.3659659953234741,0.6329633596458566,-0.23256358633131627,-0.560638940880891,0.2841691670152727,-0.23616717549654048,0.5115113557077718,0.20960851215468887,0.5115113557077718,0.16769201328065286,0.5615398264770641,0.6329633596458566,-0.4053546143376623,0.6042291797113224,0.16769201328065286,0.37603929714867285,0.5125314851890518,0.5125314851890518,0.4658450155285212,-0.1685916941984547,-0.301498424198571,0.2590447239169384,-0.3728670701873361,0.5615398264770641,0.158520688543346,0.48366017379174703,-0.04305558191259604,0.5606684585558565,-0.014283391568905741,0.4935523373554508,0.5037143732899726,0.5037143732899726,0.007806054409268077,-0.22096474219519022,0.5691882877687361,-0.26755108225755236,0.21226093534520665,0.45379043595784224,0.7524455711485029,0.6519667953243823,-0.40813512843567157,-0.43863904402397796,0.3613267480753696,-0.06286312408603663,-0.49743880655501205,0.13546755869703447,0.5129026382425622,-0.3635958208689471,0.5367019621154288,0.06488004847094436,0.4561759937580807,0.4561759937580807,0.0537152618359214,0.5012232460507061,0.06488004847094436,0.007293007668670013,-0.027305358450778163,0.5606684585558565,0.5176604164452498,0.2963563880596727,-0.2822075447050934,-0.2822075447050934,0.02690170769655976,0.5129026382425622,-0.008258736599462108,0.3266500331914925,0.49535317602513934,0.2595099361914978,0.3573125196130472,0.02690170769655976,0.6579121851310609,-0.24411633784551234,0.1145604042149811,0.5125314851890518,-0.24696787340816212,0.06488004847094436,0.5198627234673354,0.5125314851890518,0.14848669289674954,-0.2404246897247923,-0.45036719635683153,-0.45036719635683153,0.0537152618359214,0.007293007668670013,-0.3247489715305508,0.0794075444311219,0.2489407897230239,0.20459365870202859,0.19979485064223418,0.13546755869703447,Control
MICH-01619,-0.14245272461366235,0.7442294296430286,0.30970848234845666,0.30970848234845666,0.30970848234845666,0.6254212513158254,0.06964622225823981,0.5336005738497771,-0.20795533513500974,-0.419314740263047,0.6497525556321156,-0.2012795498264846,-0.27914095417785195,-0.14969129486533964,0.24142663630071212,-0.6052760372991299,0.28071787242348695,-0.3521908920393005,-0.36211141137056024,-0.030616531226411992,-0.3521908920393005,0.2679105783135914,0.0768008238059162,-0.21057844780063212,-0.2923404746927653,-0.061971348816804904,-0.5760786140804837,-0.18652645318558583,-0.17452231713923552,-0.6085333202536453,-0.5820896580628244,0.5969024787645671,-0.030616531226411992,-0.0858301018907584,-0.5802150533275947,-0.18309470739389463,-0.061971348816804904,-0.18309470739389463,-0.6528106402417307,-0.18309470739389463,0.3389036527014124,-0.26276567258409483,-0.4753715315288629,0.3397322393194481,-0.26276567258409483,0.6855562032191721,0.3076020698981527,0.3984742636350565,0.4067435414925452,-0.629116880971245,0.29128283939930905,-0.4950168051103508,-0.5853826309643139,-0.08890066569500292,-0.030616531226411992,-0.08890066569500292,-0.0629752912796733,0.39951404983151245,-0.07058253697999203,-0.10625019902585908,-0.2630665125571871,0.05182061652074501,0.05182061652074501,-0.07058253697999203,0.014855381011334148,-0.07058253697999203,-0.3888223336300387,-0.4866316033598135,0.3476554745774163,0.06696645072592398,0.012137276090876233,-0.3060434208562563,0.31814114224457557,0.5464475989355876,-0.37990373908099284,-0.1521311785066983,-0.020586339961093356,-0.28318533506552707,0.1040483110230427,0.1040483110230427,-0.4035835903533538,-0.24001839154889104,-0.5760786140804837,-0.37990373908099284,-0.4511746781599827,-0.4676644791367558,-0.05460592787105779,0.3286790588154346,-0.5760786140804837,0.002627351346953669,-0.09055575227947857,-0.35299817753452106,-0.1924084452570432,0.569567920648032,-0.2435621313398911,0.569567920648032,-0.2981746446976189,0.4221907190233924,-0.5760786140804837,0.4907487894565494,-0.45902257831997223,-0.2981746446976189,-0.28873153702615184,-0.07058253697999203,-0.07058253697999203,-0.23857014402225107,-0.22889629699341688,0.16188164719227546,0.6551572214475079,0.67605879708999,0.4221907190233924,-0.18309470739389463,-0.38706112516011004,-0.3220703109197946,-0.5299605149239102,-0.29651014816719673,0.39951404983151245,-0.0858301018907584,-0.0858301018907584,0.43776684285840795,0.15486480713491332,0.37701850289389766,0.7055456160850099,0.17770272258247377,-0.27914095417785195,0.6536755795398279,-0.44244077357643774,-0.13954178041160847,0.21978743550366112,-0.5374373018987475,-0.27235006675231366,0.02311271946183433,-0.45873718617826287,-0.25183666638581986,-0.3591567936636538,0.3986140948571012,-0.5853826309643139,0.3994480822221175,0.3994480822221175,0.7442294296430286,0.46745922961387215,-0.5853826309643139,0.7059064894453012,0.32181719650371915,-0.5299605149239102,0.3365705537156832,0.3476312759357733,0.58545139538676,0.58545139538676,-0.17245862668694356,-0.25183666638581986,-0.2630665125571871,0.37280176018951006,0.2640664040962362,-0.2391262428213905,-0.5766754826382935,-0.17245862668694356,-0.4599107391579226,0.24312272787118186,-0.061971348816804904,-0.07058253697999203,-0.6356567486686177,-0.5853826309643139,0.4558999007241936,-0.07058253697999203,-0.17452231713923552,0.39199623767534386,0.3677072208894527,0.3677072208894527,0.7442294296430286,0.7059064894453012,-0.2012788668065044,0.14056781825574136,0.14367611389586601,-0.10625019902585908,-0.6085333202536453,-0.45873718617826287,Control
MICH-01525,0.46514862035052446,0.5129487047361376,0.3180954048747385,0.3180954048747385,0.3180954048747385,0.6139513402331637,0.5574383691869456,0.08135415539410451,-0.2981987597240467,-0.35827804551577874,0.29916042212324095,-0.03261836129288646,-0.0988104574266324,0.2773312766425785,0.497021693069695,-0.6005457196132201,-0.28477099427353353,-0.44769708050752705,-0.26848662737383094,0.36689596454928025,-0.44769708050752705,-0.5308346816724692,-0.48618154298202404,-0.43618672288498345,0.032292005791440495,0.2722020503374173,-0.20924304038011257,-0.37523931693762064,0.5281120991225554,0.6950466985186501,-0.571285952548706,0.2558526922997421,0.36689596454928025,-0.5993614936168082,-0.19657055907726284,-0.5647677010496639,0.2722020503374173,-0.5647677010496639,-0.10610386123532514,-0.5647677010496639,0.23060621969706224,-0.07190888201606797,0.03010502115862279,0.17645413591782613,-0.07190888201606797,0.39816375267012843,0.5127058404859708,0.36112143130588026,0.4008466980033881,-0.632748199044125,0.07990618087559147,-0.6290942805980256,-0.024194970049941165,0.3017528264277806,0.36689596454928025,0.3017528264277806,-0.6337281565108148,0.23007485686265683,0.09998318197502526,0.247604318481764,-0.2619160013134263,0.5419778778612739,0.5419778778612739,0.09998318197502526,0.08915113898659317,0.09998318197502526,-0.010346262898256168,-0.2996600305305151,0.5170899735834641,0.6669886708315438,-0.3148810283886727,-0.10312041188306423,0.008761440533493741,0.1759391814274606,0.02295279340925934,-0.36187203382619315,-0.6189167014628121,-0.10416389741997084,0.5344469273015231,0.5344469273015231,-0.18422623955228834,0.3783040230604559,-0.20924304038011257,0.02295279340925934,-0.04505436339427066,-0.17384995855799854,0.11153202416248723,0.6040017349869115,-0.20924304038011257,-0.3389388424114893,-0.2630136235953164,-0.06102437796276979,-0.3942070688253782,0.11967912628250957,0.6473463250175867,0.11967912628250957,-0.3847758389921393,-0.03944826920190612,-0.20924304038011257,0.07319912731503715,-0.06195612545698894,-0.3847758389921393,-0.05476817836598598,0.09998318197502526,0.09998318197502526,0.13011652120362505,-0.33880406208431657,-0.0940446013064725,0.3563050552653275,0.3356718092480704,-0.03944826920190612,-0.5647677010496639,-0.09814949270798665,-0.3063589424068299,-0.2439040112322392,-0.26086758464582993,0.23007485686265683,-0.5993614936168082,-0.5993614936168082,0.14134915110934163,-0.07576837987440824,0.5434324599596729,0.31216135572601794,0.3887453916928179,-0.0988104574266324,0.2162800748597271,0.19092279181262686,-0.5743932436158392,0.5459525027133182,0.6340340189922069,-0.2897684194082177,-0.29349509600036144,-0.3976352357060709,0.33224072815022393,-0.5039064352613656,0.6168333404794675,-0.024194970049941165,0.5908827116108832,0.5908827116108832,0.5129487047361376,0.5877028311824983,-0.024194970049941165,0.5450160397536622,0.07694318753828455,-0.2439040112322392,0.6247369745431046,0.5730409415855741,0.2169707592135829,0.2169707592135829,0.3416910363060106,0.33224072815022393,-0.2619160013134263,0.1852195077040124,0.47838844756649057,-0.210599109571451,0.08697255928791148,0.3416910363060106,-0.21956671253193555,0.30520823870144775,0.2722020503374173,0.09998318197502526,-0.587893744836241,-0.024194970049941165,0.21782177881922773,0.09998318197502526,0.5281120991225554,0.14397767676781606,0.2576813239722869,0.2576813239722869,0.5129487047361376,0.5450160397536622,0.46961637813063595,0.6764170226076672,-0.051712734473964427,0.247604318481764,0.6950466985186501,-0.3976352357060709,Case
MICH-01526,-0.39489293054804836,-0.39933365283408445,0.5459856654817082,0.5459856654817082,0.5459856654817082,0.3202312233142991,-0.5742615467184318,0.6406426225945998,-0.2804506102859182,0.3954371563886811,-0.45310969156247793,0.33385903014883006,0.4746512696622706,0.2846728924162067,-0.351355776700599,0.6588376045751916,0.5794861143635155,0.7935331327241921,-0.1686714075640764,-0.5746926031905729,0.7935331327241921,-0.36959853985880514,-0.4390298300625425,-0.33918045594971197,0.25741690721940985,0.13095347282475459,-0.33730354440654386,-0.23052520442373067,-0.5691843692778769,0.4206323135382701,0.6000452325051869,-0.4215503774146544,-0.5746926031905729,0.4463100017329104,-0.6301236453365734,0.4059441614208733,0.13095347282475459,0.4059441614208733,0.24748773999511373,0.4059441614208733,-0.3316015350206856,-0.4362572270373118,-0.0274093545519624,0.015144500194546578,-0.4362572270373118,0.1400062379813571,-0.2842540692166536,-0.21161951930816697,-0.19536920553094092,0.6337734954476351,-0.4892350876351595,0.5313977195742701,0.6804215604306514,-0.5201986502538656,-0.5746926031905729,-0.5201986502538656,0.3923622674230712,0.62788016075031,0.7818193719744211,0.3146520614769415,0.6081323295934864,0.001139790460569424,0.001139790460569424,0.7818193719744211,0.6272875447999984,0.7818193719744211,-0.12956046543430552,-0.631440054394732,0.15715006896630465,0.28347421892506336,-0.2566839356899473,0.23176468478439785,-0.09007082166731693,0.14384238857592285,-0.2683606220261735,-0.15246295239434562,0.1359703695015364,0.22435174944966516,0.3192506090219958,0.3192506090219958,-0.004137248218593026,0.6868050470197613,-0.33730354440654386,-0.2683606220261735,-0.38789090597281006,-0.28718715806117745,-0.44854770258319093,-0.35984849775971284,-0.33730354440654386,-0.42353336005074665,-0.4306280886835746,0.040339828473255804,-0.1675635514827452,0.7324029123444898,0.20109866131817347,0.7324029123444898,-0.23726721990051333,0.5819603867175821,-0.33730354440654386,-0.4635608813109003,-0.24436526270757544,-0.23726721990051333,0.22737247888999407,0.7818193719744211,0.7818193719744211,-0.10652089657003458,-0.5269679310051484,-0.0567413897985423,0.7056281745144923,0.2011142246083949,0.5819603867175821,0.4059441614208733,0.3523285652524526,-0.291494670620264,-0.32833678996842625,-0.2992903651186798,0.62788016075031,0.4463100017329104,0.4463100017329104,-0.08744188648427252,0.33585401704558754,0.23891345861217758,-0.5153975188666756,0.3181125851807905,0.4746512696622706,0.6813383299721372,0.20574077862291829,-0.1075198325338909,0.15974501628330787,-0.558598138946061,-0.24714650335037835,-0.3332844789418409,0.3113334986981833,0.2973291432716695,0.002516859299360647,-0.0816739467863224,0.6804215604306514,-0.3533985843073765,-0.3533985843073765,-0.39933365283408445,-0.40661263431711325,0.6804215604306514,-0.4042953971934635,0.056289985440112114,-0.32833678996842625,-0.05883561146692882,-0.2946962266317987,-0.5362948426466758,-0.5362948426466758,0.07947923815657706,0.2973291432716695,0.6081323295934864,0.0913610155347399,0.12885008483613844,0.2613943802769403,0.6436759055700936,0.07947923815657706,0.22822430719298478,0.3821011124207154,0.13095347282475459,0.7818193719744211,0.6009556789542984,0.6804215604306514,0.0620597708760147,0.7818193719744211,-0.5691843692778769,-0.3314182673611958,-0.49095778799466183,-0.49095778799466183,-0.39933365283408445,-0.4042953971934635,-0.4071887861143436,-0.003822062951077338,0.20645101582205197,0.3146520614769415,0.4206323135382701,0.3113334986981833,Case
MICH-01528,-0.646836803135064,-0.11024544938568755,-0.39850141051656424,-0.39850141051656424,-0.39850141051656424,-0.31449160987965386,-0.37116508637377743,-0.010115107015553494,-0.08472413160212275,-0.48508739121345734,0.6755492886370335,-0.10847580397477961,-0.13324555260616497,-0.01880048791472018,0.4387882573306884,-0.5767359596467684,-0.26911383265488564,-0.40719994824628464,-0.13158994937920088,-0.24771027965920883,-0.40719994824628464,-0.4320415351866793,-0.5075030275694914,-0.21791943604128508,-0.23468141341233686,-0.5723545512516637,-0.3771203411048844,-0.17803075244396033,-0.6591652336643096,-0.09319693602567475,-0.27698582251913967,0.49722036918779056,-0.24771027965920883,-0.5340786460651602,-0.5860908864628849,0.4558984885110235,-0.5723545512516637,0.4558984885110235,0.6696203403168398,0.4558984885110235,-0.5672259394666599,-0.017067785552945424,0.16720867251840113,-0.32093253098264973,-0.017067785552945424,-0.05077668460843507,0.5353791892219679,0.5668659939548838,0.5551025487724283,-0.5562711141096821,-0.6168657019798781,-0.5455284954081784,-0.08102911533937973,0.4479515529961656,-0.24771027965920883,0.4479515529961656,0.6725545676798174,0.6496929204715832,-0.4317717322238038,-0.42738473699578,0.4039468674891276,0.611750211188689,0.611750211188689,-0.4317717322238038,-0.25867332616976885,-0.4317717322238038,-0.18618403581160275,-0.5818388242692804,0.485296831837309,0.2677162673514472,-0.40605014127335326,-0.20544805515260844,0.09202177063480768,0.4738725327238287,-0.14003837910122896,-0.24119507356252973,0.6665386870454213,-0.18819374420005644,0.07827392785729573,0.07827392785729573,-0.25530789947406474,0.5872449413619534,-0.3771203411048844,-0.14003837910122896,-0.27618759905064943,-0.286844104638832,0.10477275396102534,0.565226757408604,-0.3771203411048844,-0.09804683999292925,-0.3494060197925073,-0.28459290384727826,-0.29271187262665516,0.046199852696793914,0.21272392138986904,0.046199852696793914,-0.5300068525133256,-0.045841147777848236,-0.3771203411048844,-0.11046828199910315,-0.19324979344810303,-0.5300068525133256,-0.14339603888279254,-0.4317717322238038,-0.4317717322238038,-0.1708685433078276,0.23631141729683885,0.1938333845209244,0.13200352504824273,-0.24142453279957096,-0.045841147777848236,0.4558984885110235,0.5981212911572772,-0.1973563239324757,-0.4288436271287159,-0.2057155837410299,0.6496929204715832,-0.5340786460651602,-0.5340786460651602,-0.42559360259863044,-0.1652037633464145,0.5268159819994149,0.6095770316657437,-0.44218406116310427,-0.13324555260616497,0.12960957667946327,0.4143850150761662,-0.42136909062544,-0.5231994064310228,0.22411929644677797,-0.20578117906938653,-0.17647071228810363,-0.46563315294003726,0.5242067570762902,-0.2856865478483711,0.40361072574027373,-0.08102911533937973,-0.0954775972375306,-0.0954775972375306,-0.11024544938568755,-0.06963857049286919,-0.08102911533937973,-0.15572652195639416,0.4885807357694194,-0.4288436271287159,0.2135412204159254,0.328384360299994,0.28530914447918343,0.28530914447918343,-0.3763980414564059,0.5242067570762902,0.4039468674891276,0.4285284011158155,0.08767721604336604,0.5752296429437695,-0.5869492707842948,-0.3763980414564059,-0.36266750489397576,0.23034951531469386,-0.5723545512516637,-0.4317717322238038,-0.5381119628954528,-0.08102911533937973,-0.2793483487393783,-0.4317717322238038,-0.6591652336643096,0.3876754573474086,0.2142657841305456,0.2142657841305456,-0.11024544938568755,-0.15572652195639416,0.3987945051127057,0.6835207058575994,0.41312397285023483,-0.42738473699578,-0.09319693602567475,-0.46563315294003726,Case
MICH-01531,-0.4493973714746763,-0.3429191650310405,0.10359872147871485,0.10359872147871485,0.10359872147871485,0.0802778818131263,-0.3341680747374318,-0.5536312875125452,-0.10929849609129211,-0.6084795335709102,0.6156386437956999,-0.14880740117014868,-0.2399567298768177,-0.05797594451025468,-0.25260659059155793,0.2854400083689883,0.5606996266402602,0.42074828164005595,-0.011654503067545764,-0.409879201243801,0.42074828164005595,-0.39702388706060676,-0.31863289567980296,-0.24782650374268303,-0.12203658913684298,-0.256964787657628,0.2298217832084742,0.0544588175404504,-0.5412448164750495,0.22785758344004237,-0.42077395650323973,0.5637106770250558,-0.409879201243801,-0.10320630404151193,0.06097406162830517,0.16214659553499483,-0.256964787657628,0.16214659553499483,-0.1021153122073957,0.16214659553499483,0.2857694377007401,0.4761037355090067,-0.17190553879062412,-0.08509724196915654,0.4761037355090067,-0.10809023700756179,-0.1939225851205131,-0.17257568563061693,-0.17158276931186342,0.3649470122234825,0.09578785715723684,0.18550357798792735,0.0014300317153286752,0.08022028643626683,-0.409879201243801,0.08022028643626683,0.3364168138760962,0.06575610921380731,0.17063054927567922,-0.07492669007061234,-0.11487512911534699,-0.24406032474097028,-0.24406032474097028,0.17063054927567922,0.21712975855375316,0.17063054927567922,-0.058478602738327945,-0.09264273847305243,-0.38165821838577235,0.5993160781075054,-0.2554318347409365,-0.2568277647667685,0.03787549037379672,-0.45193802577776215,-0.02429838758985553,0.03177279725070427,0.2437237710921863,-0.2529065249521798,0.631659587064202,0.631659587064202,-0.033094935166956906,-0.017655058320574745,0.2298217832084742,-0.02429838758985553,0.08992949557613805,-0.11904159562331039,0.3595388139761644,-0.002219533603087836,0.2298217832084742,-0.2538358257142952,-0.14688629787301155,-0.13276279508261965,-0.009382696311685762,-0.26563434702603006,0.253174192809949,-0.26563434702603006,-0.32738023980672964,-0.5500699819627148,0.2298217832084742,-0.5726086239709587,0.015504726703981671,-0.32738023980672964,-0.21606766162153876,0.17063054927567922,0.17063054927567922,-0.2418029121440464,0.09118977977033443,-0.043773173085395314,-0.49188656589528057,-0.3860951249359902,-0.5500699819627148,0.16214659553499483,0.6697739562595215,0.020051255294352983,-0.032278730765250695,0.006783903959935873,0.06575610921380731,-0.10320630404151193,-0.10320630404151193,-0.43838655033090246,0.6714001856253817,0.042409900967607925,0.2060261924993116,-0.17526481724665272,-0.2399567298768177,-0.5207187087538276,0.3586748325541373,0.35693124924584047,0.6943566024920613,-0.4142545066762227,-0.17500433711592117,-0.042242045700284094,-0.3647232832413091,0.6875394014960825,-0.27919872068641866,0.3237688092476527,0.0014300317153286752,0.16688440313215303,0.16688440313215303,-0.3429191650310405,0.2777760831265481,0.0014300317153286752,-0.29495863710260495,0.0026961303143648962,-0.032278730765250695,0.13053413705814426,0.4322514637394727,-0.5434267664065462,-0.5434267664065462,-0.1526915925311961,0.6875394014960825,-0.11487512911534699,0.18084923046248605,0.031232004679634887,-0.32546409548827193,0.43024417343988547,-0.1526915925311961,0.5976080207842338,0.1389053266406188,-0.256964787657628,0.17063054927567922,-0.4662791356035536,0.0014300317153286752,0.8302820794178136,0.17063054927567922,-0.5412448164750495,0.03453037735571688,-0.11513801372662902,-0.11513801372662902,-0.3429191650310405,-0.29495863710260495,-0.3313885509691008,0.03342233214902073,0.2646157285426523,-0.07492669007061234,0.22785758344004237,-0.3647232832413091,Case
MICH-01533,0.6002060730892212,0.7986566021859267,0.35702493324804646,0.35702493324804646,0.35702493324804646,0.6120457962598256,0.5248278626137762,0.44748135031785163,-0.0748060698569071,-0.04611512493762207,-0.11077123510773743,-0.053336042252285845,-0.004917219449221999,0.24738432454320083,0.3746177278266747,-0.6005457196132201,-0.08712480820823092,-0.47450478583545613,0.06099240388135388,0.6073311164574371,-0.47450478583545613,-0.2853683447899848,-0.5392185921951234,-0.34673664425056244,0.27511245351699465,0.6853136423277592,-0.3116438849185403,-0.17880009339182404,0.49031355967506074,0.538737616392976,-0.41401928638518337,0.14709684831164646,0.6073311164574371,-0.5770760754811173,-0.3528044832276351,-0.5678931618955355,0.6853136423277592,-0.5678931618955355,-0.4825492949964988,-0.5678931618955355,0.5823669616941625,-0.43511607071213176,-0.3628094835638383,0.4820697091160531,-0.43511607071213176,0.024943450979682615,0.35789364473734675,0.16621309120643582,0.20973264473813377,-0.6324354596825746,0.5742160891977848,-0.6267856703894382,-0.42015379053270413,0.6964002202789035,0.6073311164574371,0.6964002202789035,-0.6070184938189837,0.0888332618730473,0.720894044524868,0.5252243879051823,-0.4169874249713679,0.5957821210266425,0.5957821210266425,0.720894044524868,0.4248429770798506,0.720894044524868,0.03676142848086946,-0.14769165070038648,0.15007038354611232,0.3177378777230636,0.008849935708840961,0.20205443632615858,-0.09799575270618148,0.24684634270212277,-0.06981613761839017,-0.13220365311181959,-0.35291220323672884,0.23389636985902956,0.0742740913988245,0.0742740913988245,-0.05422808536699963,-0.38901537059133257,-0.3116438849185403,-0.06981613761839017,-0.26062699322039967,-0.1243820641573505,-0.4276736177473699,0.5783186447136867,-0.3116438849185403,-0.05788578201713237,-0.25410629928403133,0.2531097491229763,-0.07658004567435724,0.5213676318071664,0.5696950939376659,0.5213676318071664,0.026396065750956415,0.33741814009204923,-0.3116438849185403,-0.04545883105054256,-0.09326303079303988,0.026396065750956415,0.20108501518647873,0.720894044524868,0.720894044524868,0.2356381314357221,-0.129787340591155,-0.29746537636548803,0.3917823197846822,0.5115301478483929,0.33741814009204923,-0.5678931618955355,-0.4333091835524998,-0.1314483234319472,0.3320270211239737,-0.08860916784558023,0.0888332618730473,-0.5770760754811173,-0.5770760754811173,0.455873478548645,0.687100547690233,0.37002411019778614,-0.2993740798579552,0.5419480370701271,-0.004917219449221999,0.32810792870573874,0.01499783795337925,-0.2755594936262377,0.04199001404177009,-0.16503648653595812,-0.11560685386903514,-0.29764908559463316,-0.5393341798365376,-0.4181122740747198,0.26235667388401346,-0.6602351864103595,-0.42015379053270413,0.3484265168480599,0.3484265168480599,0.7986566021859267,0.3746704529860352,-0.42015379053270413,0.7047005613910647,-0.12238487520647091,0.3320270211239737,-0.014444628922185336,-0.30582161122227675,-0.643713365067603,-0.643713365067603,0.6752303544688065,-0.4181122740747198,-0.4169874249713679,-0.4132010785551197,-0.00014307424380399422,-0.4325206448765841,0.13265761317725072,0.6752303544688065,-0.3137188992892588,-0.3283082443663361,0.6853136423277592,0.720894044524868,-0.6006501628728186,-0.42015379053270413,-0.1996673440524832,0.720894044524868,0.49031355967506074,-0.3012139349241213,0.3504694258287741,0.3504694258287741,0.7986566021859267,0.7047005613910647,-0.23626352154587585,0.018460114896558664,-0.5094606050117945,0.5252243879051823,0.538737616392976,-0.5393341798365376,Case
MICH-01534,-0.4828631806766045,-0.021442459721984046,0.06277284566167728,0.06277284566167728,0.06277284566167728,0.2891048991126081,-0.48226829240675567,0.4355061112169925,-0.27792936694614057,0.49789633044293563,-0.46622760666677093,0.44159820757638607,0.5300000631348064,0.35348741630183833,-0.3020240835429678,0.6110837326558912,0.5138635488710627,-0.18736485452606147,-0.28173419438536007,-0.5735790529104612,-0.18736485452606147,-0.29806080688986036,-0.2614165516069531,-0.29005270349191764,-0.058210627472931,-0.43932154547741603,-0.28332641428700095,-0.323697711424865,-0.4476852744997088,0.09716816400596971,0.333111643319013,-0.33522429590961805,-0.5735790529104612,-0.41008042664137717,-0.47013619859055805,0.12484928923654248,-0.43932154547741603,0.12484928923654248,0.22403304684154077,0.12484928923654248,0.033228669207128136,-0.19759200794056,-0.30891831475112186,0.022528849734698292,-0.19759200794056,-0.3943876121226625,-0.22325932008104532,-0.1414532145788804,-0.14975512962343307,0.6842468487258636,-0.32185961034137606,0.635562983292454,-0.03515134985233222,-0.5511877975044684,-0.5735790529104612,-0.5511877975044684,0.5676943809477565,0.46095636945783397,-0.40955942447191523,-0.25198564380737815,0.3588992726188865,-0.5145584475935336,-0.5145584475935336,-0.40955942447191523,-0.06275757709795683,-0.40955942447191523,-0.3809332046392759,-0.33027079625246625,0.1971415453819823,0.14082752100085527,-0.24887503794850657,-0.023983686339549264,0.16942019023412777,0.3924646132622436,-0.3826722483891318,-0.27551965987657817,0.5538079600827986,0.02726684060775447,0.7069368466842291,0.7069368466842291,-0.01708719776911051,0.0018286927344458217,-0.28332641428700095,-0.3826722483891318,-0.3173554761498759,-0.23741820760340615,-0.3920859583529172,0.056566381513394874,-0.28332641428700095,-0.37067936811260876,-0.261659618218224,-0.12077933598880497,-0.26931113451875927,0.21935982555969252,0.0738591513551564,0.21935982555969252,-0.029192676613240123,0.5974443371741021,-0.28332641428700095,-0.32733490825635025,-0.3546591303189718,-0.029192676613240123,-0.02998494319028718,-0.40955942447191523,-0.40955942447191523,0.31281558450940816,-0.4903680459593795,-0.2834361955460235,0.6485246075316824,-0.02223883947837882,0.5974443371741021,0.12484928923654248,0.6165533874425176,-0.339324493549514,-0.23733148451702582,-0.2912889615535754,0.46095636945783397,-0.41008042664137717,-0.41008042664137717,0.002482321447449137,0.6907475781534655,0.20962752620239275,-0.17155982095832695,-0.15903873851539477,0.5300000631348064,0.5194676770901702,0.16668845677653019,-0.28097081045375694,0.5252195316809313,0.14535671450109452,-0.16843089424434776,-0.2386945044675825,0.28594190622276555,0.22914658785975614,-0.08516825050741889,0.10397617724383075,-0.03515134985233222,0.28417938512287166,0.28417938512287166,-0.021442459721984046,0.43658514367226436,-0.03515134985233222,0.026199866266479483,0.26787761625417317,-0.23733148451702582,0.22298007921077934,-0.12916988656059214,-0.353301010102277,-0.353301010102277,-0.15818771677562296,0.22914658785975614,0.3588992726188865,0.22321207693668596,0.334490485411081,-0.048692545325351236,-0.31403888615377157,-0.15818771677562296,0.1239629859862769,0.30964595957688673,-0.43932154547741603,-0.40955942447191523,0.4628167354451813,-0.03515134985233222,0.7723691148985061,-0.40955942447191523,-0.4476852744997088,0.03421621122511463,-0.34853049790548424,-0.34853049790548424,-0.021442459721984046,0.026199866266479483,-0.25429464840396965,-0.35476620727158226,0.6724756465452233,-0.25198564380737815,0.09716816400596971,0.28594190622276555,Case
MICH-01536,0.37398649308555315,0.8125461752006506,0.2822849633312046,0.2822849633312046,0.2822849633312046,0.5837945388042313,0.4546712562028428,0.15952619955803657,-0.2506152781061553,0.04454687660879328,-0.26143746470478335,0.3420466811440883,0.4239391736331687,0.43755953597036595,0.052659132895577866,0.15694445992556857,0.317652653487339,-0.4570806619277663,-0.5226745724137989,0.24823022626785024,-0.4570806619277663,-0.19591990431668277,-0.46710532057846604,-0.4996081016695173,0.01754875170313661,0.1649330327263749,-0.2724218319972132,-0.3564122145648901,0.27750925669201426,0.31861633917342275,-0.4621300531648869,0.25819102325972915,0.24823022626785024,-0.5969070697413391,-0.6041577496393314,-0.4429942952197332,0.1649330327263749,-0.4429942952197332,-0.49716018679137636,-0.4429942952197332,0.46292450425623394,0.010140159478985793,0.1275250375529817,0.06453477651501015,0.010140159478985793,0.019244254583052876,0.046840973304460555,-0.051991862978579974,-0.006205618974293567,0.4636449619770383,0.6030471130090206,0.37082732931663404,-0.4742966718045044,-0.1257337567468973,0.24823022626785024,-0.1257337567468973,-0.5000155686195182,0.4128601658666516,0.21033500427322382,0.22753913770272383,-0.4884859137837316,0.4296537496555808,0.4296537496555808,0.21033500427322382,0.15824945054062442,0.21033500427322382,0.12177716456680975,-0.4264749852544489,-0.11891299761703042,0.6882414978424031,-0.02806628627491746,-0.05174887380120322,-0.0016076106752670823,0.39353757431330105,0.15384403338229335,-0.36899751136746817,-0.48486263708336463,-0.03038912774317709,-0.3366634760848099,-0.3366634760848099,-0.01619439980415307,-0.3660443334434071,-0.2724218319972132,0.15384403338229335,-0.03874155861669903,0.011327252595452376,0.09226072863977786,0.08562309327616985,-0.2724218319972132,-0.10961381833575799,-0.1465508492592442,-0.12109311543977967,-0.39383239081687077,0.2798374908202501,0.5135836157317069,0.2798374908202501,-0.3089522339454096,0.19815929843605148,-0.2724218319972132,0.580474703096876,0.05999095333655223,-0.3089522339454096,-0.038034893273827926,0.21033500427322382,0.21033500427322382,-0.11073250389887862,-0.11493089599758072,-0.08711067522629087,0.4593365220533492,0.7483701819989851,0.19815929843605148,-0.4429942952197332,-0.5118827370914245,-0.3625150594299837,-0.35698151472341677,-0.319150485407546,0.4128601658666516,-0.5969070697413391,-0.5969070697413391,0.49406483624074526,0.11488423709939764,0.4953869840058292,0.12111458643887861,0.2753080992262178,0.4239391736331687,0.3111922632373251,0.21485316151578196,-0.2281088644135164,-0.30174307968412556,-0.5168051586807633,-0.33717375387333315,-0.3819039352832052,-0.5339841875109484,-0.05765313058539937,-0.45629120016504016,0.410227362565254,-0.4742966718045044,0.5072851832887438,0.5072851832887438,0.8125461752006506,0.42373564328709473,-0.4742966718045044,0.8417631387167183,0.5649858712040029,-0.35698151472341677,0.5173112058080019,0.03575069061721934,0.6104062367464512,0.6104062367464512,0.28471418554137634,-0.05765313058539937,-0.4884859137837316,0.5606675116068391,0.5306244986181721,-0.4011828413129312,-0.26139010893338205,0.28471418554137634,-0.2235915074204111,-0.0037277173341148844,0.1649330327263749,0.21033500427322382,-0.6406802379283216,-0.4742966718045044,0.12357380713043932,0.21033500427322382,0.27750925669201426,0.16609869009270006,0.07503103709865197,0.07503103709865197,0.8125461752006506,0.8417631387167183,0.2167374909690486,0.1204857402810996,-0.39804530993546416,0.22753913770272383,0.31861633917342275,-0.5339841875109484,Case
MICH-01542,0.3186439088658999,-0.4077804702043408,0.5099448958244424,0.5099448958244424,0.5099448958244424,0.2272229879257127,-0.03287743001661526,0.46050358741270514,-0.07556189270580699,-0.3390325711169047,0.28031537709251986,-0.489045671439711,-0.487944084358017,-0.5145045744499223,-0.3305604780328797,0.6361277178990421,-0.19685555503069915,-0.4063639811497532,-0.2511692752128984,-0.48493648421471164,-0.4063639811497532,0.3604308056602839,0.4227547336469826,0.33744336396941704,-0.25370419579780673,-0.10880250031745851,-0.47494095461263636,-0.10813372494980279,0.03324174446415491,-0.5956207925235916,-0.5844836934412954,0.44635084044867107,-0.48493648421471164,0.6070833454852234,-0.5474472913315477,-0.5207524568704579,-0.10880250031745851,-0.5207524568704579,0.5562265776211833,-0.5207524568704579,-0.25604767661361877,-0.16708377126370344,0.2584143279538694,-0.3729662908007067,-0.16708377126370344,0.42642560398516344,-0.32034405234468455,-0.4814492373016948,-0.4238559065109074,0.6623165029953132,0.1281085353468212,0.7065364393391657,0.27399391377669413,-0.3653558926258223,-0.48493648421471164,-0.3653558926258223,-0.4781862643188886,0.3838961249389954,-0.5304121488822303,-0.2801253889284015,0.08544224875267632,-0.40092661469350704,-0.40092661469350704,-0.5304121488822303,-0.2891600361981241,-0.5304121488822303,0.018808239108337302,-0.44002806379345966,-0.3356022634541432,0.37713628813435085,0.11156961974666921,-0.22121338526027515,0.5257259179437782,0.04250898605096407,-0.4628697229573425,-0.0054677884370472815,-0.3343639070125515,-0.1737144409433692,-0.32297824397643665,-0.32297824397643665,-0.06432860295551705,0.5516057603527253,-0.47494095461263636,-0.4628697229573425,-0.4584325844629181,-0.45479936903292917,-0.32639620153888216,-0.4912566950371721,-0.47494095461263636,0.050174417312778004,0.06798198689606502,-0.2286866724327792,-0.015870477746126464,0.5254847214609374,-0.43765168400864013,0.5254847214609374,-0.05608744102644099,0.6139549366865311,-0.47494095461263636,-0.39486302591224853,-0.5029324981427,-0.05608744102644099,-0.23987388821103228,-0.5304121488822303,-0.5304121488822303,-0.3832925256559369,-0.27023912909471426,0.4833943485348694,0.6681044902111202,0.27564069961302207,0.6139549366865311,-0.5207524568704579,0.29486423017600527,-0.29796098680453936,-0.5347288385441203,-0.28719456389452597,0.3838961249389954,0.6070833454852234,0.6070833454852234,-0.06726490707599238,0.2513857514205557,0.6392830057636042,0.036241657083881176,-0.19337908428939765,-0.487944084358017,0.5789537466757778,0.42203558943887165,-0.10178831113948617,-0.12740041646565192,-0.5618963202848876,-0.1322641560281786,-0.23235407802064795,0.02885938778137301,0.485308908016866,-0.04695441623377499,0.010760593821868966,0.27399391377669413,-0.4667204545780248,-0.4667204545780248,-0.4077804702043408,-0.4863632550041664,0.27399391377669413,-0.3672263614663563,0.40931940922800253,-0.5347288385441203,0.14260615503439888,-0.35375340799221133,-0.4901979595616893,-0.4901979595616893,-0.24451343832827901,0.485308908016866,0.08544224875267632,0.1496256420200773,0.2509249770127968,0.2873524454716518,-0.5604654926122385,-0.24451343832827901,0.38875096316648255,0.21306388150116362,-0.10880250031745851,-0.5304121488822303,-0.6024199298316255,0.27399391377669413,-0.47583343548625473,-0.5304121488822303,0.03324174446415491,-0.20597849838616597,-0.33841279792041024,-0.33841279792041024,-0.4077804702043408,-0.3672263614663563,-0.17229064849445516,-0.38286710491813014,0.12718840807553675,-0.2801253889284015,-0.5956207925235916,0.02885938778137301,Case
MICH-01545,-0.2777584199948221,0.0672114531115856,0.04303554287193991,0.04303554287193991,0.04303554287193991,0.4071124147027692,-0.26019856963978194,-0.05685496038247591,-0.09545340735585973,0.3244992095097319,0.017758253887738173,-0.2763303865651969,0.08702798281662996,0.1035491139726313,-0.3778137954745434,0.6942832858564798,-0.19079593295019387,0.716264225170162,0.34383437146372003,-0.35611640206687845,0.716264225170162,-0.261421323364142,-0.383567388015812,-0.2731359304233473,-0.2508630466049426,-0.26929861501361735,-0.2202721722750418,0.06859817663331431,-0.2448168638392426,0.5816567321847883,0.6403459147398366,-0.30649355371939335,-0.35611640206687845,0.2580092154964681,-0.017831546306504725,0.2926737164801326,-0.26929861501361735,0.2926737164801326,0.3064304647291521,0.2926737164801326,-0.3834740382446922,0.2776961546368952,0.3777106583410188,-0.221066213949401,0.2776961546368952,-0.08170802546540631,-0.36765749755884486,-0.4132223992971464,-0.4168593019960765,0.5314565875366285,-0.27805044743412904,0.641585683495331,-0.2118592937805733,-0.43177479237927857,-0.35611640206687845,-0.43177479237927857,0.2696036039384637,0.5602850025675,-0.4335105413311673,-0.1276344273513312,0.24465922488641118,-0.41370444451190386,-0.41370444451190386,-0.4335105413311673,0.016609452532005912,-0.4335105413311673,-0.43916335254259753,-0.6198914941716976,-0.5346578512862411,0.6322414471367467,0.37974399456723573,-0.25463684139971654,0.5311478628353419,0.4101802252509535,-0.47151631921184195,0.1973000807788441,0.3031345054028313,-0.2530830994889517,0.6126024925715622,0.6126024925715622,-0.06372184580192432,0.37188531617649734,-0.2202721722750418,-0.47151631921184195,-0.3222589525448099,-0.2888175937531067,-0.006939633673198495,-0.4811774284238909,-0.2202721722750418,0.2499905595864838,0.30675382258591427,-0.3902768226158187,0.12192367283312572,0.03872869445362128,0.5989345626883961,0.03872869445362128,-0.4716042112327669,0.11066209567424841,-0.2202721722750418,0.25760048413928194,-0.4278823268188282,-0.4716042112327669,-0.28244281947009026,-0.4335105413311673,-0.4335105413311673,-0.15083873173345658,0.21263052788849487,0.29938517351803307,-0.2078140053680116,0.012761414067536333,0.11066209567424841,0.2926737164801326,-0.3668728425762566,-0.13929692367212332,-0.1572504306761856,-0.17384973737084328,0.5602850025675,0.2580092154964681,0.2580092154964681,0.22787026638550634,0.20406008580059018,0.5833625822831875,-0.3338683213260982,-0.0847962197066741,0.08702798281662996,0.06212606085600881,0.28218395514892264,-0.499916199171012,-0.27416935762356603,0.6789003744587379,-0.11408636214245158,-0.04586861332019215,-0.3508161137857888,-0.19912137677983022,0.01697673469001944,0.15050844849129724,-0.2118592937805733,0.02461183850211219,0.02461183850211219,0.0672114531115856,0.11267141347306517,-0.2118592937805733,0.03879562419391628,-0.6110619340427937,-0.1572504306761856,-0.07680880345823868,0.3272809575953317,-0.17680280058694614,-0.17680280058694614,-0.39917045240162197,-0.19912137677983022,0.24465922488641118,-0.29929516715891397,-0.22334165994078356,0.20796649022520236,0.14174397527695257,-0.39917045240162197,0.30503233203721747,0.5085328091626377,-0.26929861501361735,-0.4335105413311673,0.7084081741963193,-0.2118592937805733,-0.1282145021153442,-0.4335105413311673,-0.2448168638392426,0.251918089554427,-0.11840202378242771,-0.11840202378242771,0.0672114531115856,0.03879562419391628,-0.3662398290425459,-0.09532417198452418,-0.4220489684912875,-0.1276344273513312,0.5816567321847883,-0.3508161137857888,Case
MICH-01547,-0.5889628893389574,0.2686475499554525,-0.12011141242804242,-0.12011141242804242,-0.12011141242804242,-0.01237024225410499,-0.27599395166528723,-0.4048670117089634,0.3726983388489737,-0.6289857845493411,0.6609068608465871,-0.482894419413407,-0.42225861544311205,-0.41025535929146784,0.10744826485485741,0.07793818526236536,-0.10894509776301901,0.2617761596960806,0.30875222277379755,-0.1933671215046215,0.2617761596960806,0.24065666754913573,-0.030910343761075255,-0.062297108340772546,-0.24663598138704612,-0.520853360547156,-0.06642313253579243,0.24022683883464646,-0.5597463320216914,-0.3590635909058063,-0.07860291377263849,0.3097226382209511,-0.1933671215046215,0.1252565907354034,0.6389989034544147,0.6375206886310991,-0.520853360547156,0.6375206886310991,-0.5272059417197544,0.6375206886310991,-0.05653387857602885,0.01383551909716745,-0.07832538782122318,-0.043594133967295536,0.01383551909716745,-0.34993260375802165,0.11542912531090618,0.04682370917632338,0.11377603369807494,0.4803292918475066,-0.40330523736362806,0.3602986670145421,-0.5961712160171965,0.6224310124299492,-0.1933671215046215,0.6224310124299492,0.6712635783747614,-0.12330034367787131,-0.3266218763508048,-0.36148524706407115,0.19659588519858828,0.2185922605585622,0.2185922605585622,-0.3266218763508048,-0.09021934916886633,-0.3266218763508048,-0.2142040584742524,0.09827773107015438,-0.20924926803140234,-0.6478217905262749,0.1440184091183746,-0.2752460333323767,0.07903911023774894,-0.34977607170057406,-0.189744130797938,0.2574200376491794,0.6354922090658346,-0.27893061107475875,-0.4524097031998365,-0.4524097031998365,-0.15709493538825106,0.13188674783911758,-0.06642313253579243,-0.189744130797938,-0.20351287071768343,-0.2413517698450907,0.27318078248509603,-0.08886337438957301,-0.06642313253579243,0.269954429352454,0.1605227075088185,-0.027910438697671108,0.2579555798963484,-0.22282365733222256,-0.30051393589334324,-0.22282365733222256,-0.19357543403233846,-0.41004834174626786,-0.06642313253579243,0.39897722877818254,-0.1173019229328952,-0.19357543403233846,-0.2299218831734377,-0.3266218763508048,-0.3266218763508048,-0.009817492497814969,0.4025957357034565,0.1877684642940908,-0.3246730605760156,0.17196185364953162,-0.41004834174626786,0.6375206886310991,-0.46390752631983073,0.23948782011335676,-0.30008003509370323,0.17016170574196945,-0.12330034367787131,0.1252565907354034,0.1252565907354034,0.3075983585443638,-0.5449830911181758,-0.6236488176248594,0.425280174521618,-0.3227982567698192,-0.42225861544311205,-0.26929206134355727,-0.5714350064532346,0.6498288706789459,-0.6410234583719089,0.4170566353850718,0.2370961818592155,0.5594779176542912,-0.5941324652566431,-0.4068753803109761,0.41578917831269574,-0.4002460188611546,-0.5961712160171965,0.09538714283174844,0.09538714283174844,0.2686475499554525,0.07294925940160947,-0.5961712160171965,0.17827187097049366,-0.5474597235113269,-0.30008003509370323,-0.21057948534277846,-0.4066540105026954,0.4907786788569228,0.4907786788569228,-0.33541776276312035,-0.4068753803109761,0.19659588519858828,-0.38059782223885763,-0.2258002050417868,0.06803622029132408,-0.09632112412257542,-0.33541776276312035,-0.5778110686834641,-0.30803645702766014,-0.520853360547156,-0.3266218763508048,0.12498868302336877,-0.5961712160171965,-0.44888869206756093,-0.3266218763508048,-0.5597463320216914,0.20402018441875086,0.2131972962072053,0.2131972962072053,0.2686475499554525,0.17827187097049366,0.05011662646880019,-0.1607888835548208,-0.5349131292566026,-0.36148524706407115,-0.3590635909058063,-0.5941324652566431,Case
MICH-01548,-0.5889628893389574,-0.3434428561196939,-0.36703626078634555,-0.36703626078634555,-0.36703626078634555,-0.6333548945585767,-0.42758590453182155,-0.09618754787515467,0.3115820518168272,-0.524955361830399,0.561063105206032,-0.3410717914957716,-0.2936124613130883,-0.37229896311136473,-0.04994255177355247,0.42864171770386433,0.24267921761011896,-0.12103763880051041,0.3401020308105375,-0.2336009796671389,-0.12103763880051041,-0.014600709717220217,0.2767178159350705,0.12182995217812927,-0.16854432155644009,-0.4994271008570537,-0.42119396247063606,0.13450842801730173,-0.5202761533091771,-0.6169544122589462,0.028830986645370767,0.0849181856932286,-0.2336009796671389,0.5026175041155364,0.33363565838341885,0.6446133396761811,-0.4994271008570537,0.6446133396761811,-0.3677541106768619,0.6446133396761811,-0.15316432953063458,0.023847447572747583,0.11021423187460806,-0.2953645104388066,0.023847447572747583,-0.24982224657065205,0.07722169643502476,0.33469815978923195,0.3515558145171328,-0.1393872689272896,-0.4586432024781545,-0.19461947547312222,0.4125285057028476,-0.03685382780875054,-0.2336009796671389,-0.03685382780875054,0.6768968598231748,0.06713441480962606,-0.23589243530572335,-0.4651218031287725,0.3854878700109748,-0.028656608306056285,-0.028656608306056285,-0.23589243530572335,-0.5156477736807819,-0.23589243530572335,-0.4202845122505921,-0.05832741799559852,0.6777605323039472,-0.6058170737335178,0.5634923439532349,-0.14681335612282434,0.12039355929880473,-0.24658312858895182,-0.3881332371677575,0.2547222744860699,0.3466952356877141,-0.13482385793589569,-0.23288666923218065,-0.23288666923218065,-0.35904940431832466,-0.2175185018551505,-0.42119396247063606,-0.3881332371677575,-0.4341726314574046,-0.3453668434566569,-0.2591052844156391,-0.323523642578736,-0.42119396247063606,0.323299123175705,0.5390524493608781,0.13178519160943303,0.26752551660191304,-0.44602436017146535,-0.5355078934590626,-0.44602436017146535,-0.27619631203805645,-0.4575710614090799,-0.42119396247063606,0.5929896008394143,-0.347913111108438,-0.27619631203805645,-0.12108102501254055,-0.23589243530572335,-0.23589243530572335,-0.1484433381411856,0.3340118012320425,0.15034719811810046,-0.47345103399534816,-0.08573775942641798,-0.4575710614090799,0.6446133396761811,-0.5069693132574427,0.10926885330673478,0.19314012950632908,0.08506802843081998,0.06713441480962606,0.5026175041155364,0.5026175041155364,0.12993998164378787,0.06200837192669643,-0.5331569312453672,0.5817610073926961,-0.5143820105693044,-0.2936124613130883,-0.1212045082548421,-0.5982112561393054,0.36470167394667447,-0.22673336442073697,0.5155323627142521,0.22530129089495501,0.5626818098302159,0.6478483915585336,-0.6214599196088421,0.42704180351800214,-0.3832003327660036,0.4125285057028476,-0.03099694337179949,-0.03099694337179949,-0.3434428561196939,-0.23435706139958098,0.4125285057028476,-0.3974085819048704,-0.4002010424193896,0.19314012950632908,-0.3555634421911415,0.3168467987143674,0.4608462217077532,0.4608462217077532,-0.1796374023934512,-0.6214599196088421,0.3854878700109748,-0.373879188935895,-0.3485278590144625,0.1400295018130874,-0.22334465518932017,-0.1796374023934512,-0.6239739017765997,-0.4706515015530973,-0.4994271008570537,-0.23589243530572335,0.6787093522479247,0.4125285057028476,-0.27121030046795147,-0.23589243530572335,-0.5202761533091771,0.11347386158697174,-0.24311329985617872,-0.24311329985617872,-0.3434428561196939,-0.3974085819048704,0.4710653087574548,0.46961767711725994,-0.5015987335180071,-0.4651218031287725,-0.6169544122589462,0.6478483915585336,Case
MICH-01551,0.11791552083459719,0.2768175786683568,0.08003863894145172,0.08003863894145172,0.08003863894145172,0.0172963336284082,0.09357798285916799,-0.5731728747592685,0.10511509229884518,-0.14984570996831328,0.34537523641128826,-0.1521933582233897,0.0291594041709233,0.0489963772368338,-0.4650091186741266,0.386433349969067,-0.016246170898575194,-0.03052490292465862,0.366398310521393,-0.5341825202033429,-0.03052490292465862,0.12291564075110382,0.5103037483879258,0.17490392666455964,-0.11449141503817092,0.28753019034161986,-0.0896079148937309,0.1146114844875822,0.07426106556352721,0.6874401508764704,-0.17161401016304595,0.0030616578823878535,-0.5341825202033429,-0.37871951844265944,0.6294023447503824,-0.4843619809321347,0.28753019034161986,-0.4843619809321347,-0.5516830365004328,-0.4843619809321347,0.5655774153427657,0.4248847543297384,-0.4034417885904229,0.34538668979111636,0.4248847543297384,-0.4598015624573564,-0.39306205147214,-0.4088284180726294,-0.4004040360839252,0.5534307490288672,0.48228352234555755,0.5728589820503517,-0.3208763586641668,0.11455343870405672,-0.5341825202033429,0.11455343870405672,-0.5410464319090864,-0.46372695299043515,0.7754570551072208,0.3142385319641774,-0.20844668470281466,-0.227957302106132,-0.227957302106132,0.7754570551072208,0.3438583843707155,0.7754570551072208,-0.40342271937219415,0.3510578211947199,-0.44581821547431455,0.03498609244671807,0.3455242978740708,-0.2884424264956886,0.3886492240585807,-0.404662455408076,-0.3861191567707282,0.2821019564965414,-0.5002796579146991,-0.2419305934218317,0.09507913584625002,0.09507913584625002,0.14236805945384637,0.063430764189452,-0.0896079148937309,-0.3861191567707282,-0.202649908506222,-0.2487191756368291,0.13295756116552762,-0.04197558545681884,-0.0896079148937309,0.20600231425456206,0.2803483945706732,-0.2852956949023499,0.29284899367131373,-0.36285024129445287,0.6513400556950693,-0.36285024129445287,-0.38887185928368406,-0.4239211883732891,-0.0896079148937309,0.06661097531586684,-0.34171636987056336,-0.38887185928368406,-0.31074195436801183,0.7754570551072208,0.7754570551072208,0.05193547094442382,0.36638444295212946,0.05008171926234289,-0.41187709795272814,0.1782546247166121,-0.4239211883732891,-0.4843619809321347,-0.3107036085387422,0.051712305399843506,-0.1658497762883349,0.0452891033998681,-0.46372695299043515,-0.37871951844265944,-0.37871951844265944,0.09639402654753403,0.09657796728803396,-0.4187443258817271,0.1251311192685889,0.3286445100107054,0.0291594041709233,-0.5667390548958516,0.08439197819998431,0.4539199700038058,0.48313068412103527,-0.26395731232864866,0.22999953098446393,0.28947890508883695,-0.14909938589413663,-0.5169481350377787,0.14081967644663967,-0.0564907886782965,-0.3208763586641668,0.03178016475377069,0.03178016475377069,0.2768175786683568,0.0943025679866051,-0.3208763586641668,0.19134406442885935,-0.5024523493046609,-0.1658497762883349,-0.1820584091756503,0.5042384853261564,-0.40256496678595266,-0.40256496678595266,0.2917012474922705,-0.5169481350377787,-0.20844668470281466,-0.3946179480682122,-0.2818474340189273,-0.4014492777148621,0.6237386063237147,0.2917012474922705,-0.3558198612303392,0.19410464946931721,0.28753019034161986,0.7754570551072208,0.19422314107422908,-0.3208763586641668,0.6618878442047764,0.7754570551072208,0.07426106556352721,-0.12161222295954977,-0.3415019638419025,-0.3415019638419025,0.2768175786683568,0.19134406442885935,0.053720806172776324,-0.2858720776071676,-0.3319937389129173,0.3142385319641774,0.6874401508764704,-0.14909938589413663,Case
MICH-01554,0.4916945367032997,0.7704707720927625,-0.38117540574708025,-0.38117540574708025,-0.38117540574708025,0.5598735536967677,0.4025949549242834,-0.5387403941233483,0.15186279377828654,-0.04889659157767595,-0.37316671713476324,0.2626669591394066,0.22303174572646145,0.1999230626893355,-0.17014038936127063,0.6067947481362677,-0.22965310587086044,0.2151958176631356,-0.07885808625969327,0.5271978067007717,0.2151958176631356,-0.12989348761256456,0.0052246440872126465,-0.23857654338316797,0.08026901505397956,0.1309819747433433,0.5200318017431698,0.1741815652850377,0.6062434897976131,-0.03524946198305315,-0.04060320638164593,-0.08967369754238765,0.5271978067007717,0.05241656667825885,0.6710595295035874,-0.4909401979167084,0.1309819747433433,-0.4909401979167084,-0.14569133255868433,-0.4909401979167084,0.15292542534291118,0.5014880685354228,0.3699424201869167,-0.11448830777722065,0.5014880685354228,-0.22683914822338097,-0.18145645166899144,-0.49400036219541105,-0.40846225536837955,0.6711079207291625,0.36285691284243954,0.683937232747952,-0.03475079397095413,-0.49796964094147705,0.5271978067007717,-0.49796964094147705,-0.47713051849986876,-0.6074798744243703,-0.40099989281092124,-0.09104600725971987,-0.3494655934286419,-0.35862392894337647,-0.35862392894337647,-0.40099989281092124,-0.39263274166616136,-0.40099989281092124,0.4353349846462223,0.6457600942821395,0.28631874184085737,-0.20515779100942125,0.07240122213076838,0.18610826613054052,-0.3514565101207591,-0.4081449248062258,0.4391327441433163,0.043960378686587094,-0.21430390095495075,0.20835085708902254,-0.6161115202878221,-0.6161115202878221,0.20937058733768335,-0.48963976316134544,0.5200318017431698,0.4391327441433163,0.516503993999408,0.3756734778698302,0.13104769088279486,-0.1652607607448119,0.5200318017431698,0.056368216485880404,0.05556743072023717,0.324358896566136,0.04712608273223712,-0.2947235980665388,-0.050832680215099034,-0.2947235980665388,0.3993770994452029,-0.4400525857208135,0.5200318017431698,-0.007749372904895671,0.41619188853799305,0.3993770994452029,0.19498293328966415,-0.40099989281092124,-0.40099989281092124,-0.1859133111908606,0.30847212377279126,-0.1586747163336923,-0.5760036100203244,0.7172147105196818,-0.4400525857208135,-0.4909401979167084,0.10003508822221471,0.09926531091002229,0.561182589958686,0.1600994448533815,-0.6074798744243703,0.05241656667825885,0.05241656667825885,0.5252253876200246,-0.05894566038340056,-0.5102350225319923,-0.4123311494836848,0.08835997375912877,0.22303174572646145,-0.5727548783138294,-0.4497356782253103,0.6029815476937198,-0.632943199282806,-0.5010291106955895,0.04556823635723215,0.1650770401584001,0.01320222609633548,-0.5484337947849263,-0.15076864696694364,0.05849068668048642,-0.03475079397095413,0.36854917940677706,0.36854917940677706,0.7704707720927625,0.4451354861343905,-0.03475079397095413,0.7387293313720138,-0.5167840914949025,0.561182589958686,0.20103173285846265,-0.4609932371144156,0.01291413686382256,0.01291413686382256,0.08868172594553346,-0.5484337947849263,-0.3494655934286419,-0.24626399479645744,0.2506767365030957,-0.09836893698767409,0.5864193670729839,0.08868172594553346,0.6316000206746374,-0.4137685177827529,0.1309819747433433,-0.40099989281092124,-0.0632340580162056,-0.03475079397095413,-0.15736963772000176,-0.40099989281092124,0.6062434897976131,-0.20379249237736188,0.22717618285253943,0.22717618285253943,0.7704707720927625,0.7387293313720138,0.5133952189686988,0.5421985681177414,-0.5094606050117945,-0.09104600725971987,-0.03524946198305315,0.01320222609633548,Case
MICH-01555,0.36197071279549725,-0.16340877034600448,-0.26815604392163034,-0.26815604392163034,-0.26815604392163034,-0.5393122378576183,-0.11340907497175592,-0.2991891872028956,0.20679015346364182,-0.08420058215951744,0.10108829284106309,-0.4362529399280635,-0.38359586970140297,-0.40064087318260616,-0.03798319878783557,0.06649243108660195,0.0960905251378034,0.1598010278445507,0.3848412300026393,-0.5183883808544819,0.1598010278445507,-0.14174467462596171,0.16121301478376315,0.08797213713177436,-0.21915774464532814,0.19998589279217088,-0.01855007733135852,0.24458944566639165,-0.04491587285455187,0.25860168597223687,0.27664191647116454,-0.30841964059402505,-0.5183883808544819,0.3397977484723563,0.5487937049966725,-0.6003918529536838,0.19998589279217088,-0.6003918529536838,-0.13703433425142728,-0.6003918529536838,0.3876832498378326,0.295706874079441,0.3105856030685272,-0.16663824299568972,0.295706874079441,-0.5194146331763644,-0.14473027286716686,-0.30617903802748747,-0.30378376570393356,0.4866057772107882,0.2123728433597215,0.36690396360855704,0.0445507626989695,-0.08141711689289158,-0.5183883808544819,-0.08141711689289158,-0.6024555844109769,-0.5476426626691459,0.04576954480306694,0.10508363662477546,-0.10616396429714652,-0.39205466063944133,-0.39205466063944133,0.04576954480306694,0.14885697914709772,0.04576954480306694,-0.3040180284409502,0.5009821673551772,-0.5557585555642406,-0.3570423219967388,-0.006011702895240412,-0.3957736302910844,0.34620740901869396,-0.49773836967284907,-0.2771805948638482,0.002387448579047271,-0.609941529303782,-0.3803288479757833,0.016394982889177713,0.016394982889177713,-0.0565038631810602,0.032989766448916186,-0.01855007733135852,-0.2771805948638482,-0.12562306499683049,-0.2770633697781302,0.30589150810813176,-0.17770144020391596,-0.01855007733135852,-0.17066050999657484,-0.046295094005379865,-0.31881314749487866,-0.02651448151444995,-0.0715013026590603,0.028787292299932238,-0.0715013026590603,-0.4477906631795795,-0.20668492710115216,-0.01855007733135852,-0.03525800196969358,-0.24505293748370124,-0.4477906631795795,-0.39363243836622686,0.04576954480306694,0.04576954480306694,0.2073336706886618,-0.13195196234828238,0.040148516344117244,-0.4285818606724432,-0.48390201434823693,-0.20668492710115216,-0.6003918529536838,0.16711541881788478,0.09714278029595826,-0.1299269642466451,0.10813639722127465,-0.5476426626691459,0.3397977484723563,0.3397977484723563,-0.31305251218442054,0.19955150860137844,-0.08811274443982922,0.34438841136032133,0.10111082311000039,-0.38359586970140297,-0.3925240260250378,-0.16704036157495625,-0.2655092808953071,0.1849218737684669,0.6936448214516068,0.08774220385383873,0.05755285452162905,0.3512099942747469,0.1612521549094149,-0.2071437587724258,0.2808152960692448,0.0445507626989695,-0.28080320847025453,-0.28080320847025453,-0.16340877034600448,-0.249342371755206,0.0445507626989695,-0.28983824082485554,-0.6234762770934976,-0.1299269642466451,-0.21541694775412704,0.16488492669441362,0.10568546790849542,0.10568546790849542,-0.06159533658573591,0.1612521549094149,-0.10616396429714652,-0.30494505153007995,-0.27310635120031423,-0.3506822967564116,0.47364702080339294,-0.06159533658573591,0.6349591911935658,0.12968960926848205,0.19998589279217088,0.04576954480306694,0.6134602618213278,0.0445507626989695,-0.3831111483668355,0.04576954480306694,-0.04491587285455187,0.19954085308065106,0.263010280273567,0.263010280273567,-0.16340877034600448,-0.28983824082485554,-0.14752721190885007,-0.4313265719645412,0.48374877522580634,0.10508363662477546,0.25860168597223687,0.3512099942747469,Case
MICH-01556,-0.151361125511407,-0.13167030040936784,-0.015610817679953955,-0.015610817679953955,-0.015610817679953955,-0.5934333113976434,-0.3990375605364724,-0.18125111426440502,0.37512453278498314,-0.634727736676154,0.6361464969334362,-0.5469464033765342,-0.5196167209771205,-0.5731373946726006,0.33370761174666297,-0.5656564378149141,-0.011707447437212547,-0.020026710540419435,0.47074500601049035,-0.38635891633812736,-0.020026710540419435,0.47695035899510957,0.45997578482515156,0.4800830585664493,-0.303143574209521,-0.3737888435016446,0.006486879395355296,0.5309183322073783,-0.19747037200787965,-0.591679181682003,-0.39485034652913453,0.43841227210476996,-0.38635891633812736,-0.148315358496367,0.6353721066267097,-0.18611911153015873,-0.3737888435016446,-0.18611911153015873,0.6557992415832267,-0.18611911153015873,-0.3921707603348738,0.07606938469216483,0.20596046283379482,-0.40160740440215387,0.07606938469216483,-0.19220136464782514,0.40163239417632757,0.419233712181935,0.4407750316657834,-0.6027528814815145,-0.19438714782555366,-0.5395403423697523,0.6589371515756008,-0.4853488844622804,-0.38635891633812736,-0.4853488844622804,-0.0529972072606542,-0.4908286878315989,-0.5314165373024857,-0.4305263613663423,0.4155527138234997,-0.24516796704880006,-0.24516796704880006,-0.5314165373024857,-0.3999107425215052,-0.5314165373024857,-0.1595236095781813,0.539182059995492,-0.2648043688804597,-0.5606128049835634,0.31785138930411005,-0.2492826073584277,0.01187832578099719,-0.34625327612493484,-0.15930641329331505,0.48822621934958804,0.021013834217048735,-0.3119512625361145,-0.5362859324004431,-0.5362859324004431,-0.28401288613115255,0.441366779426847,0.006486879395355296,-0.15930641329331505,-0.16285897974878288,-0.2290876739560859,0.45453141153577337,0.44354523333669676,0.006486879395355296,0.44463818423854545,0.3395565388536001,-0.03668163782627493,0.4728016679370454,-0.2520721282216308,-0.5882440044004519,-0.2520721282216308,-0.20761720544670134,-0.3299331085498044,0.006486879395355296,0.014642130863684726,-0.09105186252724838,-0.20761720544670134,-0.20965363617909988,-0.5314165373024857,-0.5314165373024857,-0.4898868106324513,0.46488445228383185,0.3783921461381833,-0.30183178282389184,-0.48414758711530176,-0.3299331085498044,-0.18611911153015873,0.012721853332218657,0.4483749629694843,-0.009575926293565863,0.43070450088834566,-0.4908286878315989,-0.148315358496367,-0.148315358496367,-0.2605542762123778,-0.31623906892510795,-0.5471690661729737,0.5216821042575893,-0.40463754076599967,-0.5196167209771205,-0.15843903213949273,-0.4182392844787166,0.499927777801053,-0.5972398318710355,-0.3632999342308183,0.27186514430065284,0.5849920407768805,0.6703454687509606,-0.13762443470058192,0.490512019141798,-0.4988406448807938,0.6589371515756008,-0.14620385573745634,-0.14620385573745634,-0.13167030040936784,-0.30894606936905017,0.6589371515756008,-0.2629512919506147,-0.4747132945809667,-0.009575926293565863,-0.46437747599228824,0.05251018675252508,0.22062459011954827,0.22062459011954827,-0.3665288376201328,-0.13762443470058192,0.4155527138234997,-0.45116856361479624,-0.48019844617893914,0.43033808733923645,0.41585335815945257,-0.3665288376201328,0.6353231634742494,-0.26107456357809283,-0.3737888435016446,-0.5314165373024857,-0.19796004382634344,0.6589371515756008,-0.3402346308722951,-0.5314165373024857,-0.19747037200787965,0.27448362848538094,0.2327881772556597,0.2327881772556597,-0.13167030040936784,-0.2629512919506147,-0.11386836589759484,-0.17360921562999593,0.1991007743219608,-0.4305263613663423,-0.591679181682003,0.6703454687509606,Case
MICH-01557,0.26224682268472055,-0.3211463402535056,-0.3530456857732998,-0.3530456857732998,-0.3530456857732998,-0.535099526826641,0.22863307121490856,-0.37743071233857256,0.05581512973007627,0.38118696603370456,-0.24999416816013106,0.048120535940193776,0.2403484883289484,-0.07357823358442431,0.4585728992036807,-0.40298272938682383,-0.3568250753213732,-0.43976449230336506,0.14914412362574594,-0.14773042020705102,-0.43976449230336506,-0.038573851565545464,-0.022607891271012225,0.14081009812583878,-0.029576244049586628,0.36725615122525346,0.567498485027297,0.23692829344233346,0.3993701945056797,-0.2599022607459112,-0.12605180450984244,-0.060270534208180356,-0.14773042020705102,-0.5569137498551594,0.5943190132049712,-0.5563642921120916,0.36725615122525346,-0.5563642921120916,-0.5788508529012114,-0.5563642921120916,0.5265209068153802,-0.02883923492403968,-0.4881115830946475,0.3953471666800304,-0.02883923492403968,-0.24363487356099578,0.34301998939175987,0.07980269963886319,0.11283659761058998,-0.49644114646051235,0.6779240658863237,-0.4931718234320073,-0.2843244058399513,0.6416543517395518,-0.14773042020705102,0.6416543517395518,-0.504961503633091,-0.5430427249988552,0.16747789452857811,0.2425361759896144,-0.41902632194825173,0.5044335243899499,0.5044335243899499,0.16747789452857811,0.10492213306224168,0.16747789452857811,0.13485699508204282,0.6275176874507846,0.49278071700186643,-0.3928166601520924,0.3241442056803424,-0.03164581443045559,-0.2580908402373792,-0.16627731914366894,0.1254740876641971,0.18673967523844345,-0.5112947013036544,-0.011305270994325536,-0.552893128189548,-0.552893128189548,-0.024568777950011517,-0.37586776811558475,0.567498485027297,0.1254740876641971,0.18149743169533178,0.07823106648018405,0.1638364560102931,0.5620561475781731,0.567498485027297,0.06920208817847696,0.4069670851299526,-0.03728361207225322,0.16960237599708666,-0.5447464297287025,-0.3051226494249708,-0.5447464297287025,-0.48882083146241617,-0.3096282996396886,0.567498485027297,0.29132182500166015,0.2808909081295645,-0.48882083146241617,0.055856950694024125,0.16747789452857811,0.16747789452857811,0.41693221130676056,0.243329010810257,-0.02029989943950561,-0.5781000030357484,-0.3357345102066052,-0.3096282996396886,-0.5563642921120916,-0.09362759690262645,0.2917586056149658,0.06669059824557595,0.29778771846321994,-0.5430427249988552,-0.5569137498551594,-0.5569137498551594,-0.3888800513220496,-0.3730113642595648,-0.54387647235784,0.055271720978867955,0.4035345733709296,0.2403484883289484,-0.5426545203777285,-0.1637123431028249,0.3878978575033274,-0.515066296554055,-0.5598767025217722,0.16331146360457185,0.6006637448759804,0.20033399181856346,-0.26269470992516386,-0.4165719191877818,0.4789359491832803,-0.2843244058399513,-0.3196915136047155,-0.3196915136047155,-0.3211463402535056,-0.25957862945032933,-0.2843244058399513,-0.40021769751563974,-0.43055596169615423,0.06669059824557595,-0.03501409062595087,-0.25403312300498015,0.6685373208652645,0.6685373208652645,0.37565258639621396,-0.26269470992516386,-0.41902632194825173,0.040756911427526334,-0.08750988314639238,-0.38159483262969335,-0.5066027445704153,0.37565258639621396,0.09964992341588028,-0.23648983572179305,0.36725615122525346,0.16747789452857811,-0.2500853011526397,-0.2843244058399513,0.4056770282653748,0.16747789452857811,0.3993701945056797,-0.010998978031587473,0.4261069398731259,0.4261069398731259,-0.3211463402535056,-0.40021769751563974,0.5819254675404709,0.7239773747675772,-0.03854732526545481,0.2425361759896144,-0.2599022607459112,0.20033399181856346,Case
MICH-01559,0.34140633288952504,-0.39356696885394327,-0.25571065850831404,-0.25571065850831404,-0.25571065850831404,-0.2733100887442598,0.1727456279892971,0.28969012881412415,0.1546328638861768,-0.557945738950382,0.42890414758505324,0.049756607819841495,-0.03667655478692826,-0.06120030081870144,0.3953273587317012,-0.6047943186066811,-0.03710916869575243,-0.37719643967493316,0.2993103821539344,0.3676681146105383,-0.37719643967493316,0.22202658906373665,-0.0885824513386198,-0.12338555361250188,-0.09925350210590682,-0.10759382918310362,0.22041762659464237,0.13667702954550875,0.48785852205595126,-0.18511921841103834,0.10944694125618368,-0.11003697561209992,0.3676681146105383,-0.2632377526320926,0.4050618705028353,-0.31976982104425616,-0.10759382918310362,-0.31976982104425616,-0.474712412795091,-0.31976982104425616,0.13550591408604393,-0.3351652409373383,-0.18715110865797535,0.006854984693789765,-0.3351652409373383,0.0291639404549068,0.08880384158824117,0.00727706925901094,-0.06439215025172038,-0.6302299448873157,0.3031567561537034,-0.6294855096226321,0.09719046429134892,0.21645731850098354,0.3676681146105383,0.21645731850098354,0.03131416123478769,-0.12498757813851087,-0.04359180373057333,-0.20049797662374486,-0.2134321362607125,-0.12228273118198063,-0.12228273118198063,-0.04359180373057333,-0.3599756594373572,-0.04359180373057333,0.04105377070447333,0.6465903576447617,-0.5194026604570638,-0.38065801480315015,-0.16434311819897884,-0.07234287689279778,0.042720395065293224,-0.3165323225058738,0.0560105410650363,-0.057512907962712675,0.010339071875082843,-0.08700112058084829,0.020330419253098725,0.020330419253098725,0.0050296686605299165,-0.5711301142634565,0.22041762659464237,0.0560105410650363,0.23410075254767693,0.10685746678963737,0.42458510537977545,0.4762112708847917,0.22041762659464237,-0.09912433892003886,-0.18842434422769805,0.28786285997830885,-0.039269720983977595,0.2071709864972575,-0.22824996227245065,0.2071709864972575,0.6974013028888191,0.3493741922099468,0.22041762659464237,-0.040431206497725386,0.06766614088054819,0.6974013028888191,-0.1265272150644452,-0.04359180373057333,-0.04359180373057333,0.06101456207037024,-0.0023301884645732045,-0.20582226927771607,0.0252587757331307,-0.3496859046505858,0.3493741922099468,-0.31976982104425616,0.13003428061721797,0.038305550038735224,0.36146956227214927,0.09271017963372832,-0.12498757813851087,-0.2632377526320926,-0.2632377526320926,-0.13077510273364826,0.11805242103380566,-0.4575209230960362,0.06168032615159297,-0.2535771813764935,-0.03667655478692826,0.23191341357803155,-0.1957030272789876,0.5053520233749268,0.008806023739894996,0.32430532316894356,0.0875509582474431,0.14034059446451352,0.40946313816186414,-0.176442006048683,-0.021014079971703032,0.010931336978282698,0.09719046429134892,-0.4336743143742203,-0.4336743143742203,-0.39356696885394327,-0.4718183093091398,0.09719046429134892,-0.4364834359754238,-0.43501648653303404,0.36146956227214927,-0.2031316326500247,0.49182515363375373,0.014374623246349399,0.014374623246349399,-0.08107582377085075,-0.176442006048683,-0.2134321362607125,-0.288059717717036,-0.19801270293814793,-0.12983644372829395,0.09337573529540058,-0.08107582377085075,0.5168435215104714,-0.22816287241152206,-0.10759382918310362,-0.04359180373057333,0.08940488428691619,0.09719046429134892,-0.42232964767639536,-0.04359180373057333,0.48785852205595126,-0.10079162573667937,0.49026113188334514,0.49026113188334514,-0.39356696885394327,-0.4364834359754238,-0.11945233452578967,-0.4289513158074592,-0.11720934467787238,-0.20049797662374486,-0.18511921841103834,0.40946313816186414,Case
MICH-01560,0.31782063846493064,-0.4727616362807579,0.0401601699301885,0.0401601699301885,0.0401601699301885,-0.626641158586927,0.31313313137482546,0.29845371392642583,0.1421060240919398,-0.009046620407527224,-0.028780342204625744,-0.3795400009231631,-0.1526703210175848,-0.18875503106116884,0.2302535270336916,0.0181370898666368,-0.2337063616918544,-0.2904052425305454,0.3264201441182449,-0.03893267308038321,-0.2904052425305454,0.16222023109870826,0.33071668733376447,0.29917264944515526,-0.11453242187954037,0.5272970931900249,-0.26554421023987096,0.13137878796716984,0.16750772244110693,0.6122273766173354,-0.3089490052325618,0.13850392175558787,-0.03893267308038321,0.40457673209257694,0.5558599060207728,-0.34392070311532197,0.5272970931900249,-0.34392070311532197,-0.361782956012696,-0.34392070311532197,0.5487952128732553,-0.43994525518812716,-0.41778090319730804,0.31179392675531425,-0.43994525518812716,0.007706306811617794,-0.07158509138513736,-0.19447537035608206,-0.19900931581534848,0.44862728848620387,0.39463468980270844,0.32990628731657085,-0.22220598340195963,0.39985386406340606,-0.03893267308038321,0.39985386406340606,0.05461869272685671,-0.0062139292816232585,0.8236857277518026,0.6117228714181554,-0.38228551933930066,-0.2830648348773453,-0.2830648348773453,0.8236857277518026,0.7044274049548116,0.8236857277518026,-0.3141216303956056,0.6110119672114033,-0.6071652347792144,-0.5428348486243963,0.17208614390368537,-0.35057213087572836,0.2673621526489512,0.3142883007858788,-0.26639189272742725,0.19325627205395032,-0.4341117549793586,-0.3508830286322914,0.3293689272135257,0.3293689272135257,-0.20309662170491447,-0.16615349089410936,-0.26554421023987096,-0.26639189272742725,-0.31536330864612067,-0.3090825681778177,0.23153519308983095,-0.2464537679416382,-0.26554421023987096,0.1753603975757886,0.09312670480266697,-0.14943347711587615,0.3274132907084897,-0.05491308650472857,0.20873919431148957,-0.05491308650472857,-0.10654628079609899,0.018535953105721967,-0.26554421023987096,0.10162489828381366,-0.23261233607661405,-0.10654628079609899,-0.34416009198641395,0.8236857277518026,0.8236857277518026,-0.15251347343239674,0.10685118522168985,-0.08726804204878881,-0.31128830432094057,-0.40753095366396025,0.018535953105721967,-0.34392070311532197,0.10003508822221471,0.18157505855532902,-0.2398329411161282,0.19470547530243748,-0.0062139292816232585,0.40457673209257694,0.40457673209257694,0.05292111790275038,-0.33221743921548025,-0.2369781187231297,0.15471223650340596,0.4130976615663541,-0.1526703210175848,-0.04578605098289523,-0.5733623277809806,0.30482512055854777,0.33767678834240455,-0.558598138946061,0.23449249555784404,-0.21592277338183835,0.3019782957941008,-0.6230781598712702,0.343782932313593,-0.6042615608172571,-0.22220598340195963,-0.4265558481638515,-0.4265558481638515,-0.4727616362807579,-0.539129260401434,-0.22220598340195963,-0.4329769983793706,-0.34221202237852216,-0.2398329411161282,-0.5188586805474921,0.10941287749811256,0.10057386483234143,0.10057386483234143,0.16489013767243904,-0.6230781598712702,-0.38228551933930066,-0.4919736766223085,-0.2894234351400723,-0.527166480368902,-0.2047161625339202,0.16489013767243904,0.7088971691146837,-0.11909300094510604,0.5272970931900249,0.8236857277518026,0.04561773515952819,-0.22220598340195963,-0.3959561056923532,0.8236857277518026,0.16750772244110693,0.24440064246820836,0.13850231466261587,0.13850231466261587,-0.4727616362807579,-0.4329769983793706,-0.08728976359221852,-0.48384341245791074,-0.5094606050117945,0.6117228714181554,0.6122273766173354,0.3019782957941008,Case
MICH-01562,0.37148646293850335,-0.3022323641979751,-0.022329118448116556,-0.022329118448116556,-0.022329118448116556,-0.512090397399707,0.46602339496593637,0.35143442741294434,0.1781341222302027,0.5896763016493657,-0.246591497545583,0.37883386416351444,0.42080594484042366,0.14018935419903952,-0.07463130957538634,0.5739093665669549,0.09152950456379363,-0.09327142870768154,0.44398908501133566,0.206478876377921,-0.09327142870768154,0.5620302502638821,0.02791795075984232,0.29403762771596326,0.14243828613468706,0.504442891927409,0.05321416877501104,0.12100960316510707,0.42829622173991416,-0.5985256535702448,0.13151605578625772,-0.2652392171637361,0.206478876377921,0.3960431304956894,0.47223381945432974,-0.29882006734961203,0.504442891927409,-0.29882006734961203,-0.3092664197044585,-0.29882006734961203,0.38766435045223624,-0.4262744088219107,-0.36643392231646404,0.46388955864298465,-0.4262744088219107,-0.4409440201995819,-0.186646217725567,-0.4116839828627561,-0.33167365796376247,0.6406205598302511,0.403737969033593,0.5422485427665863,-0.2275997407913464,0.5325481545643954,0.206478876377921,0.5325481545643954,-0.07558813682026225,-0.12337342287014666,0.8253384779794941,0.6378286618165333,-0.45894890231025753,0.3635108888616274,0.3635108888616274,0.8253384779794941,0.7073698790425766,0.8253384779794941,0.1571271033065256,0.2151127211367731,-0.3078942020485041,-0.2607897948988374,0.5498227359408998,0.05910791227665213,-0.03559173086883456,-0.13639852738437672,0.20389293386045965,0.13369366265258664,-0.3867155837444386,0.08752883979527967,-0.2663863001307482,-0.2663863001307482,-0.0007598071690354503,-0.14328243915771596,0.05321416877501104,0.20389293386045965,0.08258464355872995,0.26165024092958705,0.008641865732887928,-0.2472092260018849,0.05321416877501104,-0.042303164621559336,0.2863443926251246,0.05566726407205138,0.26896761066919705,0.44669434643879147,-0.6000530234198219,0.44669434643879147,0.4394158283440716,0.5128273160100447,0.05321416877501104,0.5092482788693272,0.1830166021485264,0.4394158283440716,-0.07745415669038194,0.8253384779794941,0.8253384779794941,0.6371769208929536,-0.20526068166572084,-0.27445228184771353,0.3016302981987293,-0.34151920652814677,0.5128273160100447,-0.29882006734961203,-0.4553832092787736,0.28987646604889716,0.09006723405554762,0.2773651762446239,-0.12337342287014666,0.3960431304956894,0.3960431304956894,0.09701635616632825,-0.43924494084254395,-0.6058465885426367,-0.3968873142461324,0.5959181113715766,0.42080594484042366,0.49877989312249665,0.30873899111209996,-0.13174557905812723,-0.14745357420272429,0.27765452521383505,0.17618161652849804,0.14622545756054767,0.26617135123974306,-0.5927259917885799,0.43824647267392614,-0.46137744450448775,-0.2275997407913464,-0.4517625402305282,-0.4517625402305282,-0.3022323641979751,-0.46272448813406286,-0.2275997407913464,-0.3105446886407755,-0.31253393511141536,0.09006723405554762,-0.5250158350575176,0.1694066222521406,0.41702900795482073,0.41702900795482073,0.4017208004486172,-0.5927259917885799,-0.45894890231025753,-0.4149093658755144,-0.5351316622214466,-0.37158113006428595,-0.3691743059053113,0.4017208004486172,0.46352929215730515,-0.26351541848217563,0.504442891927409,0.8253384779794941,0.12422883388419396,-0.2275997407913464,-0.45323825656216166,0.8253384779794941,0.42829622173991416,-0.10166288928326624,0.201456630173069,0.201456630173069,-0.3022323641979751,-0.3105446886407755,-0.23586230516557136,-0.49374476594593864,-0.40316668649019904,0.6378286618165333,-0.5985256535702448,0.26617135123974306,Case
MICH-01563,0.6500052338736455,-0.4720745008618963,-0.0017074623866075922,-0.0017074623866075922,-0.0017074623866075922,-0.2912704321824198,0.4427288249834889,-0.5286072674966966,0.09954662517116314,0.6359884404067815,-0.4758562183241182,0.6118901764155678,0.6922524523232405,0.5287420673067603,-0.10343988272370416,0.5681283234612521,-0.19345119841592354,0.515322482503135,-0.07026441050310861,-0.04686932849195115,0.515322482503135,0.4147592880496346,-0.37560185210413943,0.12148103407293855,0.10124694995381181,0.6633356058384847,0.45365556459918577,0.22252498787912672,0.4115387629950964,0.3147887975217413,0.23728061065677777,-0.31379478557448787,-0.04686932849195115,-0.5980386176264768,0.556182404788542,-0.6410696345150065,0.6633356058384847,-0.6410696345150065,-0.5530709939611167,-0.6410696345150065,0.5107325459768075,-0.16366461906628174,-0.07452121914128251,0.280234828309895,-0.16366461906628174,-0.58176154471016,-0.18043503962444782,-0.3249783337582665,-0.2820471266337342,0.32136784452200096,0.6337770638415242,0.2261054743440517,-0.46498389367259957,0.7213694053936999,-0.04686932849195115,0.7213694053936999,-0.6574565437258236,-0.5581718859492362,0.6067881466846229,0.5871582118833653,-0.4825260498838772,0.47904907731298857,0.47904907731298857,0.6067881466846229,0.5866568669532476,0.6067881466846229,0.1184907767804804,0.5240921753318646,-0.2926866810296253,0.181586406917965,0.5210067800811548,-0.013180497219526124,-0.12554217475758922,-0.4795415907878562,0.09096688552233939,0.18311046889954763,-0.6469039650121944,0.006193885277862077,-0.442574884099515,-0.442574884099515,-0.000556983364591409,-0.06208174260409568,0.45365556459918577,0.09096688552233939,0.18207714560723343,0.23424340395226906,0.4525777630627855,0.4671553414464738,0.45365556459918577,0.06585896971861546,0.5676716232707525,0.03145974200566275,0.2087622932730423,-0.5092402188337751,0.2409727273654752,-0.5092402188337751,0.4019236789198873,-0.5230269627749009,0.45365556459918577,0.10689132402327185,0.2329971873107273,0.4019236789198873,-0.0704192804357137,0.6067881466846229,0.6067881466846229,0.5070464549983631,0.08063810820109196,-0.23778335777126486,-0.5669987779196828,-0.3366960255677405,-0.5230269627749009,-0.6410696345150065,-0.4185563735006457,0.41924206684583326,0.21367210942811424,0.42217309930236974,-0.5581718859492362,-0.5980386176264768,-0.5980386176264768,-0.19190132636310203,0.6768886294230487,-0.39403709270792736,-0.6067260266507657,0.5729631372479865,0.6922524523232405,-0.4915669733140698,0.5987281789339032,0.1455187335173305,-0.32448596430683907,0.23166334877612077,0.11036374678587577,0.20370767626626374,-0.3903584743513276,-0.3175096434890191,-0.6220725714392807,0.6564967820053254,-0.46498389367259957,-0.026100713324056585,-0.026100713324056585,-0.4720745008618963,0.051109385694940404,-0.46498389367259957,-0.44777900068381976,-0.30850570242646214,0.21367210942811424,0.1714704337542585,0.6716568943837998,-0.22620624232688102,-0.22620624232688102,0.6901697201879018,-0.3175096434890191,-0.4825260498838772,0.2202594578886985,0.1495404145537924,-0.43293341899139137,-0.4950886863644771,0.6901697201879018,-0.586553967522597,-0.2249031417952625,0.6633356058384847,0.6067881466846229,0.469434954907346,-0.46498389367259957,-0.4193709735210536,0.6067881466846229,0.4115387629950964,-0.17574409673313568,0.29381095849291383,0.29381095849291383,-0.4720745008618963,-0.44777900068381976,0.25000520850277197,-0.11814216426509104,-0.318070893255804,0.5871582118833653,0.3147887975217413,-0.3903584743513276,Case
MICH-01569,-0.337164765460947,-0.10629222949352063,0.4505691840023071,0.4505691840023071,0.4505691840023071,-0.29800147345810857,-0.6078523984357664,-0.3039430481827407,0.1276117221272357,-0.4927574141149798,0.45141495130447884,-0.44671145541868285,-0.43897282359031775,-0.4004826769363589,0.4129460870544163,-0.6005457196132201,-0.0001385474363225229,-0.32815241073865115,-0.2763871480773828,-0.5226939807396832,-0.32815241073865115,0.43830140614576013,0.2817009995075638,0.35742125506155104,-0.23197628932233505,-0.3437949910239083,-0.5693017172858279,0.06817412556392101,-0.6413112846413004,-0.37265854236950596,-0.13028536972917215,0.36936257881013274,-0.5226939807396832,0.47604174875449434,0.12921745945667773,0.6044457409901675,-0.3437949910239083,0.6044457409901675,-0.004041179284405091,0.6044457409901675,-0.10207261558207026,0.2662023018320762,0.3535169497379538,-0.3710152511178977,0.2662023018320762,0.5854338132854038,0.40411035669500983,0.41422404099027493,0.4317070509486249,-0.6272639123564508,-0.47739686172008705,-0.6201677937645901,0.7178671405611972,-0.5284600956046029,-0.5226939807396832,-0.5284600956046029,0.6923170305065778,-0.19170923600663084,-0.5309290928089307,-0.4894331303446496,0.6131255452205507,-0.28531213297499597,-0.28531213297499597,-0.5309290928089307,-0.2834716513724855,-0.5309290928089307,-0.5159750281932822,0.16135385585242235,0.506684055434031,-0.43484454450229587,-0.17927195706428797,-0.19104987979788365,0.3103192238560036,0.0095973357659377,-0.5501077776059248,0.05254295312183166,0.6810542266749771,-0.14164723687820865,0.024596652675888946,0.024596652675888946,-0.2569769717185368,0.6852284256080342,-0.5693017172858279,-0.5501077776059248,-0.5872504412937966,-0.3775993949701813,-0.22781343029460582,-0.3597950202267689,-0.5693017172858279,0.04186351174052547,0.041937372694548426,-0.40859062517980477,-0.007692130663072429,-0.33447685002623906,-0.4609695610994886,-0.33447685002623906,-0.48918542184201613,-0.45222833638240956,-0.5693017172858279,-0.11128045476254514,-0.5146724706889498,-0.48918542184201613,-0.18453376201158406,-0.5309290928089307,-0.5309290928089307,-0.20718448178366358,-0.003085313981238003,0.27983102416140543,-0.024434790675173613,0.08111581845046574,-0.45222833638240956,0.6044457409901675,-0.2785571300687464,-0.06756791110914492,-0.5002502824999778,-0.10832320414889311,-0.19170923600663084,0.47604174875449434,0.47604174875449434,0.1762704049325352,-0.4305015163625253,-0.3596957325058435,0.18398799902678856,-0.41391685865488004,-0.43897282359031775,-0.30343544057904365,-0.43503266577391686,0.24644368669940203,0.6798032831201216,0.5567856529573728,0.27297991922514653,0.4063784594487126,0.581641591108538,-0.4091920812427302,-0.4623304869488895,0.5618572291310653,0.7178671405611972,0.31451395654280007,0.31451395654280007,-0.10629222949352063,0.44077198468017176,0.7178671405611972,-0.0924253301352134,0.2664973477218039,-0.5002502824999778,0.46078413491360726,0.4441630906602172,-0.4207350709331579,-0.4207350709331579,-0.10907552808436752,-0.4091920812427302,0.6131255452205507,0.44640088356670615,0.27436957656220395,0.177557376413383,-0.2018978179361694,-0.10907552808436752,0.18332809720492835,0.26200355575403084,-0.3437949910239083,-0.5309290928089307,-0.22987254898608242,0.7178671405611972,-0.47272623376505785,-0.5309290928089307,-0.6413112846413004,0.2133621408743853,-0.16337109100047698,-0.16337109100047698,-0.10629222949352063,-0.0924253301352134,0.5284017637196259,0.42567754369462524,-0.19750280912670226,-0.4894331303446496,-0.37265854236950596,0.581641591108538,Case
MICH-01571,0.6248636664120854,0.0318776728023804,-0.4272304457319947,-0.4272304457319947,-0.4272304457319947,0.028040567829976618,0.32527790183813704,-0.3085828714341924,0.39474025841309135,-0.0473245325356019,-0.13327752162029285,-0.010227511725046348,-0.2774897361172816,-0.024476746097150042,0.06906549427131203,0.5940615320104311,-0.31600681424457877,-0.45058103186623494,0.48715076509839034,0.208006051145461,-0.45058103186623494,0.5833368568779042,0.50011357633974,0.3975432717390327,0.256509353074674,0.08182874942829446,0.6058257512645459,0.31950113977594247,0.6521059723195833,-0.045085877375892036,0.2603740600790074,-0.33438847670884464,0.208006051145461,-0.5488995641773787,0.630473452106269,-0.5428675480901103,0.08182874942829446,-0.5428675480901103,-0.2625529108693713,-0.5428675480901103,0.29713136000532153,0.3659590726687437,0.44475326952752614,-0.22340561980277018,0.3659590726687437,-0.48784773590109065,-0.05046585618688702,-0.4880979052821188,-0.3986528607127922,0.7053569165854943,0.6244601457552054,0.6468792123784145,0.030780394825410676,-0.4345051873832397,0.208006051145461,-0.4345051873832397,-0.6369586407505957,-0.6293788561495198,-0.03649096545330966,-0.14012864977135947,-0.3830253237003654,-0.5590188567665518,-0.5590188567665518,-0.03649096545330966,-0.3810268098554252,-0.03649096545330966,0.5143299950602938,0.6243788472213877,-0.5686166123094545,-0.42520908325398027,0.15547578041340368,0.2325972271098923,-0.36528101793762013,-0.39465550699936786,0.5537957927097642,-0.13682986690640409,-0.07901319321910837,0.2412826227994022,-0.3472508782562911,-0.3472508782562911,0.2780125548637948,-0.5062088760357015,0.6058257512645459,0.5537957927097642,0.5752581704616666,0.5722945189144063,-0.39483361713118786,-0.2579325890924347,0.6058257512645459,-0.18579660420607286,0.19420325556378837,0.3622768720467441,-0.12764256064202117,-0.37096680496812395,-0.18367406106084583,-0.37096680496812395,0.6782540338205238,-0.22387210627108467,0.6058257512645459,0.016759318255906222,0.562092767677271,0.6782540338205238,0.2276602685342687,-0.03649096545330966,-0.03649096545330966,0.2076238195877602,-0.13331891469198423,0.13671418528608936,-0.4880253202510971,-0.014164092935847507,-0.22387210627108467,-0.5428675480901103,0.11092902494680353,0.34214214716799957,0.5610471073414743,0.38041060446351693,-0.6293788561495198,-0.5488995641773787,-0.5488995641773787,0.08632522384503412,-0.5128876474727531,-0.553713180258631,-0.2512766023679843,-0.15702404410299511,-0.2774897361172816,-0.36698932256882305,-0.49574306472813867,-0.02312548353271281,0.08487303617309123,-0.16987816795541355,0.34738664812835696,0.2531174977795403,0.2943905037589,-0.4643977885820033,0.5631269836982425,-0.5768354524841254,0.030780394825410676,-0.2307673339288935,-0.2307673339288935,0.0318776728023804,-0.19972591091752107,0.030780394825410676,-0.006642383529403209,-0.49570592037865213,0.5610471073414743,-0.44860031754847834,0.5435542421511508,0.03505575414733554,0.03505575414733554,0.1302201977906427,-0.4643977885820033,-0.3830253237003654,-0.5480057954805314,-0.4863745750464447,-0.2731965799426465,-0.057435146823545925,0.1302201977906427,0.47568859069520225,-0.22409709999858077,0.08182874942829446,-0.03649096545330966,0.3273488422769095,0.030780394825410676,-0.34575594467251686,-0.03649096545330966,0.6521059723195833,-0.3284391329540266,-0.42286001014763946,-0.42286001014763946,0.0318776728023804,-0.006642383529403209,0.08384125293293995,-0.33659074356258406,-0.359435117124493,-0.14012864977135947,-0.045085877375892036,0.2943905037589,Case
MICH-01573,0.1759795731974206,-0.4967656352238285,0.32523037906910274,0.32523037906910274,0.32523037906910274,-0.6009693951647178,0.021598010866094055,-0.2453191125271041,0.4250231201758402,-0.38928744984499075,0.39593681678021064,-0.566624794854801,-0.5348713957306799,-0.544184994236577,0.35358335079459946,-0.21111574001599281,-0.37501274008182334,-0.22133055708885183,0.13596706870212788,-0.4085831880753316,-0.22133055708885183,0.2827360872890146,0.45961595860811255,0.5146506672525208,-0.23858086022177677,-0.15627932939531008,-0.038840425702861316,0.3553718749002266,0.07945399036747386,-0.45329049859866327,0.3329218186023351,-0.3179618702419757,-0.4085831880753316,0.054286922419196935,0.5612790456778133,-0.4994205857662747,-0.15627932939531008,-0.4994205857662747,0.2707136637434887,-0.4994205857662747,-0.10324730414587423,0.2113975725241282,0.30964330001026225,-0.294772549091292,0.2113975725241282,0.28662017184727057,0.3451546316642939,0.04594378015588716,0.1179132609559399,0.008043371722788021,0.17004653323497035,-0.07229712343264537,0.18145242798411787,0.19752811379950036,-0.4085831880753316,0.19752811379950036,-0.47763017073201286,-0.6004363869350926,-0.5076127727079912,-0.26914663687750245,0.020767266266424205,-0.19408595870188747,-0.19408595870188747,-0.5076127727079912,-0.34041459849567113,-0.5076127727079912,0.045723418409426494,0.6377943912502181,-0.5746076041194329,-0.5729695849118026,-0.22966508579202138,-0.20349164332993977,-0.02466562174372403,-0.1762645632916718,0.10999819206207045,0.3399408386985987,-0.3747204636902986,-0.22954087665838793,0.09507913584625002,0.09507913584625002,-0.09215897832922147,0.4616151952593331,-0.038840425702861316,0.10999819206207045,-0.0734575478939009,-0.04883073005365036,0.44992204692579285,0.11922638712061134,-0.038840425702861316,0.34760636739887435,0.006965178411602188,-0.21377684423955545,0.28859556927081514,-0.25368679587648163,-0.48004274199526364,-0.25368679587648163,-0.01911809110079721,-0.0910293762923581,-0.038840425702861316,-0.5398260504720485,0.11403948262894929,-0.01911809110079721,-0.14592774359321728,-0.5076127727079912,-0.5076127727079912,-0.11368702697195117,0.31489000170737685,0.5262487133561544,-0.35405909436555405,-0.3443567297691135,-0.0910293762923581,-0.4994205857662747,0.5180363056622665,0.2643734754532147,-0.24787916578844651,0.24396421585419506,-0.6004363869350926,0.054286922419196935,0.054286922419196935,-0.46073281837681457,-0.5574790618579871,-0.5531286717423599,0.06479835341892183,-0.0659874980430168,-0.5348713957306799,-0.2414801281096341,-0.5663748603800612,0.5276385208719137,0.12806299614412736,0.16846649082646456,0.4991226415458713,0.634355517939334,-0.009755672678618682,0.32892622908927643,-0.39468660640299297,0.508696147957475,0.18145242798411787,-0.2707470245137595,-0.2707470245137595,-0.4967656352238285,-0.19313943550956789,0.18145242798411787,-0.465807144681074,-0.3216562843400058,-0.24787916578844651,0.03987617831168478,0.6364599335658141,-0.31905926712285654,-0.31905926712285654,-0.15755371980817584,0.32892622908927643,0.020767266266424205,0.09686096622908358,-0.08062032489531219,0.15312573800372564,0.6173476278862849,-0.15755371980817584,0.4970601310067647,0.2838866937230273,-0.15627932939531008,-0.5076127727079912,0.6178765904608836,0.18145242798411787,-0.4156980567463526,-0.5076127727079912,0.07945399036747386,0.27905986011421896,0.33142850295617404,0.33142850295617404,-0.4967656352238285,-0.465807144681074,-0.023663314172091696,-0.36185878927020537,0.48291516386961975,-0.26914663687750245,-0.45329049859866327,-0.009755672678618682,Case
MICH-01574,0.4428666522698994,-0.05756115393038067,0.25155815885212723,0.25155815885212723,0.25155815885212723,-0.580386634660646,0.5862596190643978,-0.0545069055144038,0.04401922316894449,0.43657273054115486,-0.44924521343673124,0.31359448411281277,0.5967527820326903,0.28792754909581175,0.1558287999148148,-0.5912364845103606,0.15979698024999092,0.1544484606744831,0.20784744401366553,0.47743631282854604,0.1544484606744831,0.2876940987790936,0.4433552592759043,0.37749855975752444,0.024254577893325458,0.5972747112166369,-0.05366330368552558,0.04154513550003232,0.5571008780383185,0.1770772754682133,0.2265046953201234,-0.3156767699374531,0.47743631282854604,-0.23029400737771244,-0.02660859806544707,-0.5157557204962558,0.5972747112166369,-0.5157557204962558,-0.5055444110365399,-0.5157557204962558,0.4498063640483503,0.20772210104315425,0.2533744222856958,0.34901077113520096,0.20772210104315425,-0.04992266320453899,0.16419260414116474,0.01945457366889262,0.05996343573904751,-0.6285251105053428,0.5970815548763674,-0.6134007285501237,-0.5081845803850878,-0.37853470368815145,0.47743631282854604,-0.37853470368815145,-0.5244328241441722,-0.3906666511531746,0.7946357081199343,0.6561386447449533,-0.5545949488870214,-0.15660525618759602,-0.15660525618759602,0.7946357081199343,0.6776010659790582,0.7946357081199343,-0.10782147961097417,0.3228308041097635,-0.4120290449974629,-0.5776759294361237,-0.2787775759520031,-0.27364518502273943,0.12109164618913201,-0.1668538191791215,-0.06986935095687564,0.14776519005898547,-0.41088759543135456,-0.2751750121677596,0.13528192376708373,0.13528192376708373,-0.19215094096374002,-0.47404954472055455,-0.05366330368552558,-0.06986935095687564,-0.16984958485588791,-0.14866426799899682,0.45303418033165854,0.43929499108928083,-0.05366330368552558,-0.23596472027614973,-0.06940601744486981,-0.03418798226343253,0.16324450936078028,-0.07581270297249676,-0.020914303713495386,-0.07581270297249676,-0.10751051916200452,0.08791101402988917,-0.05366330368552558,-0.38537071540142226,-0.04014724009303875,-0.10751051916200452,-0.23828181775797172,0.7946357081199343,0.7946357081199343,0.1967254646704905,-0.3136418719689301,-0.037487323583687934,0.22874865928539112,-0.5288301111645531,0.08791101402988917,-0.5157557204962558,0.6230537211302386,0.15099676421204233,-0.06302834958067696,0.15265457682922678,-0.3906666511531746,-0.23029400737771244,-0.23029400737771244,-0.3838719314158071,-0.058905274591578786,-0.4768456796071116,-0.36265264896970345,0.5968290376669904,0.5967527820326903,0.12371609543072919,-0.42808423213338553,0.15417694604213922,0.08905666391159596,0.1625039739622751,0.18488399853666118,0.5102779359861271,-0.518243334990896,0.3093761906389752,0.2456803770998714,-0.3854403919117117,-0.5081845803850878,-0.10510705733978531,-0.10510705733978531,-0.05756115393038067,-0.2641425455552053,-0.5081845803850878,-0.20210724759002321,-0.1229530707182075,-0.06302834958067696,-0.42208601412241764,0.5773736352609204,-0.41780550677997297,-0.41780550677997297,0.5421521531005923,0.3093761906389752,-0.5545949488870214,-0.23854819166475713,-0.3426684903789163,-0.4178183031547175,0.4462454948539999,0.5421521531005923,0.7125137632970185,0.10542267267059684,0.5972747112166369,0.7946357081199343,0.47994646356511744,-0.5081845803850878,-0.09331530019024964,0.7946357081199343,0.5571008780383185,0.04155563120076696,0.4921248754697854,0.4921248754697854,-0.05756115393038067,-0.20210724759002321,-0.18431726261278786,-0.495652303931395,0.5146053087785727,0.6561386447449533,0.1770772754682133,-0.518243334990896,Case
MICH-01575,-0.075074473729266,-0.2122716759996065,0.09389919513658367,0.09389919513658367,0.09389919513658367,-0.335033517478142,0.1259345977248588,-0.5249104275416027,0.3830172672133898,-0.5997330581176386,0.6878064049169281,-0.49886511800740974,-0.31576517958358497,-0.2544463668297592,0.5226750047886056,-0.6047943186066811,-0.4442644831773394,-0.34475651752086095,0.5410079983717943,0.15544439698205564,-0.34475651752086095,0.4150970751720779,0.3080345804831335,0.2954435397299511,-0.3054272433827827,-0.12134015251309986,0.19915987352050657,0.54796845990106,0.22649258776274947,0.3150529014249298,-0.28541237027624616,0.32519734456216126,0.15544439698205564,-0.43829815125413796,0.3836867818678084,-0.295958923307836,-0.12134015251309986,-0.295958923307836,0.14450999318227295,-0.295958923307836,-0.159638681510148,0.5516432199020791,0.3859850144413705,-0.34637074549929237,0.5516432199020791,-0.5530922987820142,0.4633718590163806,0.3962111795968729,0.4306417051043411,-0.632763654190644,-0.20964082447915294,-0.6275312142531985,0.38336533305660353,-0.32122125212942726,0.15544439698205564,-0.32122125212942726,-0.16702340808617774,-0.15124560089754704,-0.33771649803357595,-0.25808008731996257,0.09476215146934418,-0.5059862925053489,-0.5059862925053489,-0.33771649803357595,-0.3376069137825738,-0.33771649803357595,-0.18472597855624456,0.13569389666057022,-0.3159908317256095,-0.4794869991373118,0.41758693329463364,-0.33345088297709824,0.09353555371058728,-0.4932650698560951,-0.128456335127137,0.4673122761799363,-0.03390343108887519,-0.3314364888669729,-0.6005627260305032,-0.6005627260305032,-0.2669252283264806,0.22061939417325793,0.19915987352050657,-0.128456335127137,-0.004758032072048475,-0.20740629368308588,0.5215921157971608,0.5407680915761321,0.19915987352050657,0.5259480382462497,0.44397095627189265,0.10494659830815016,0.4732417829381736,-0.5434255779218209,0.13698286291262218,-0.5434255779218209,-0.3220262918070912,-0.39932852547910797,0.19915987352050657,0.5797770379047305,-0.061750568746894094,-0.3220262918070912,-0.2817733026039002,-0.33771649803357595,-0.33771649803357595,-0.4399708827654751,0.5948362790254216,0.40863400152646484,-0.5118450309436738,-0.21239507370984245,-0.39932852547910797,-0.295958923307836,-0.4087180609094554,0.509254081108315,0.2078633476453685,0.5071493836907749,-0.15124560089754704,-0.43829815125413796,-0.43829815125413796,0.14872609454191751,-0.38855977925979923,-0.16078268293134532,0.723085342210291,-0.21534520151220454,-0.31576517958358497,-0.5515975084913183,-0.5427438957565358,0.03788761115950012,-0.26912081223070616,-0.09039763878519456,0.26407335018499317,0.2123808483728627,-0.10409401968893466,-0.6007394280903554,0.448106169224511,-0.4750988800073216,0.38336533305660353,-0.3725195074528376,-0.3725195074528376,-0.2122716759996065,-0.3354204072965897,0.38336533305660353,-0.23245423147956537,-0.6212000312969067,0.2078633476453685,-0.4773018879715111,0.5658777790615817,0.49678407102800015,0.49678407102800015,-0.09741812790923893,-0.6007394280903554,0.09476215146934418,-0.5573993309376778,-0.4949745163518517,0.15636363998056943,-0.41506976759325576,-0.09741812790923893,-0.5640694335347325,-0.33451893458730736,-0.12134015251309986,-0.33771649803357595,0.1541891515587368,0.38336533305660353,-0.45481763820584353,-0.33771649803357595,0.22649258776274947,0.25457392293847575,0.5172964400520991,0.5172964400520991,-0.2122716759996065,-0.23245423147956537,0.07580448854984027,-0.31725778608985966,-0.5430448289750187,-0.25808008731996257,0.3150529014249298,-0.10409401968893466,Case
MICH-01576,-0.4682434006829732,-0.4691395621887423,0.28996136110417237,0.28996136110417237,0.28996136110417237,-0.514067522096459,-0.4969255078234569,-0.3194985891653938,0.4301100211054013,-0.42679215207967036,0.4251846734298408,-0.5939975446142877,-0.49013798036692985,-0.48920607173012853,0.38635075767640603,-0.513302643560733,-0.20105893008012649,-0.13751681622195153,0.5076155729200138,-0.5633341930131816,-0.13751681622195153,0.437912452750336,0.5579689997392453,0.5173107388064841,-0.45983403318024124,-0.4478373371933629,-0.41441778002371943,0.27014981121615084,-0.4390928129160472,-0.10268136779840713,0.05852030365691625,0.15947379232071643,-0.5633341930131816,-0.1274652690350672,0.6938079194804045,0.5868131793578527,-0.4478373371933629,0.5868131793578527,-0.14244369225922077,0.5868131793578527,-0.22415951736128514,0.375754479584051,0.42692448610957956,-0.3912386771082399,0.375754479584051,-0.5199243956683192,0.4907914146802845,0.5782163521590051,0.5453615527786301,-0.6261965992996882,-0.600398377806708,-0.6115051108681593,0.4949361755413917,-0.4889895724230877,-0.5633341930131816,-0.4889895724230877,0.6671119483165983,-0.16286630411007824,-0.4220468425959886,-0.2564446123011109,0.5297911992191823,-0.5219003087223404,-0.5219003087223404,-0.4220468425959886,-0.028569499158496346,-0.4220468425959886,-0.3999032202946145,0.14816665627863973,-0.5741967670000568,-0.5845730203900392,0.09379691781165587,-0.44926279468254565,0.4299495201419683,0.23474830091829654,-0.3808925497653834,0.4485042763213103,0.6699135359268561,-0.5079822463537695,-0.23007517279253464,-0.23007517279253464,-0.1668060736416393,0.5565295267477669,-0.41441778002371943,-0.3808925497653834,-0.18889982068270278,-0.45800268550284623,0.5419588525108977,0.4436338809382794,-0.41441778002371943,0.4126492263825082,0.31950149144708606,-0.44890334758097383,0.4453074761366972,-0.4246995178173184,-0.3294587852098131,-0.4246995178173184,-0.4269547228517568,-0.2999728481977708,-0.41441778002371943,-0.4751726665778557,-0.5360996144239073,-0.4269547228517568,-0.4512760724348402,-0.4220468425959886,-0.4220468425959886,-0.469635044125925,0.41187969924862855,0.488394027958763,-0.5335388314279041,-0.485626308148418,-0.2999728481977708,0.5868131793578527,0.37744680255280116,0.09749711316615933,-0.406026869965305,0.01284135200379745,-0.16286630411007824,-0.1274652690350672,-0.1274652690350672,-0.4699111488507661,-0.22033995659749628,-0.5619842470591255,0.05115027943043688,-0.2633418831537128,-0.49013798036692985,-0.38394012819747214,-0.512690069233002,0.6142305524484012,0.08019942340527154,0.327535997912421,0.45893588167715493,0.583211786710485,0.328018421446313,0.025397270903749717,0.4563323300456695,-0.5373273177388022,0.4949361755413917,-0.47337492397000785,-0.47337492397000785,-0.4691395621887423,-0.5488034849013895,0.4949361755413917,-0.47732607522513293,-0.5169280720712772,-0.406026869965305,-0.5225583643722693,0.669749442080429,-0.40648064162856934,-0.40648064162856934,-0.4776829474654099,0.025397270903749717,0.5297911992191823,-0.5468329860200888,-0.4796266611678657,0.21550942768251638,0.4494763112892184,-0.4776829474654099,-0.21701535698448832,0.11289924437885085,-0.4478373371933629,-0.4220468425959886,0.03760151739446046,0.4949361755413917,-0.3237354473618459,-0.4220468425959886,-0.4390928129160472,0.4683144700166915,0.5226359069125266,0.5226359069125266,-0.4691395621887423,-0.47732607522513293,0.022485200084169085,-0.35833347925602715,0.30757235881768735,-0.2564446123011109,-0.10268136779840713,0.328018421446313,Case
MICH-01620,0.416501635845179,-0.26187854502442637,-0.3401468264026024,-0.3401468264026024,-0.3401468264026024,-0.46103789090521013,0.6373659106179083,0.5145483364376571,0.06716183203719446,0.15081851837395807,-0.0881213743438242,0.2109233570830671,-0.27909035669943355,0.09394867900842377,-0.03563875724329378,0.2848269388272614,0.2942690201418077,-0.0952323378552442,0.4443821344417036,0.6675373126323924,-0.0952323378552442,0.4386124883434134,0.38723737344978637,0.023981822897769893,0.4667545114898981,0.4720797928221743,0.7222567393488227,0.09671931157481813,0.6392618039827987,-0.32111541792080794,-0.21203371494932055,0.02179840884207371,0.6675373126323924,0.4468521463895615,0.4761212502022748,-0.263689272136096,0.4720797928221743,-0.263689272136096,-0.01363242357615554,-0.263689272136096,0.20743487500708457,-0.4271231909495174,-0.3761093090306397,0.5108405154082903,-0.4271231909495174,-0.4716045166320336,-0.2038347447380983,-0.28604158915491446,-0.3123106174738,0.576266908817983,0.181677430269677,0.33701688592894785,0.0206211326409374,0.5146164639846355,0.6675373126323924,0.5146164639846355,-0.6207863043141126,-0.41566505123476677,0.7554775101742112,0.5194916558258142,-0.22947668687480474,0.3245669963082498,0.3245669963082498,0.7554775101742112,0.3624849614588228,0.7554775101742112,0.6204026099922451,0.38637171109830676,0.09650239351704205,-0.5274786386368002,-0.06751375489092593,0.5393267344117617,-0.49299638598019213,-0.041068154244691575,0.5994942221034187,-0.10492621690482244,-0.47777323337693806,0.5577089894299219,-0.5466167411579995,-0.5466167411579995,0.5049339653747529,-0.036755810921660255,0.7222567393488227,0.5994942221034187,0.6814532012453142,0.6486465423825786,-0.11310842983991971,-0.18321521470808866,0.7222567393488227,0.091843005884903,-0.1147210382890504,0.3271259239363188,-0.04014586789034417,0.6533467115824065,-0.30556948274826895,0.6533467115824065,0.5181531771903832,0.7468853803936077,0.7222567393488227,0.29756375519264255,0.6031178167336327,0.5181531771903832,0.49491935702807627,0.7554775101742112,0.7554775101742112,0.5158791260437399,-0.04998629181929509,-0.33527654253875616,0.25177486597151727,-0.2024511538172466,0.7468853803936077,-0.263689272136096,-0.5805241838723317,0.2884108854551036,0.6355192133013733,0.30191315583005673,-0.41566505123476677,0.4468521463895615,0.4468521463895615,0.197512749804305,0.0761803278021223,-0.052837155674633214,0.15729530924149301,0.5414008395050258,-0.27909035669943355,0.5604940443321766,-0.5026091703777827,0.6605141761959166,-0.5920562927618094,-0.558598138946061,0.1179484358027353,-0.08666826638003416,-0.45034314653890073,-0.6010060873588043,0.42689833344930733,-0.41216172623345376,0.0206211326409374,-0.19208270818688147,-0.19208270818688147,-0.26187854502442637,-0.3596227798476613,0.0206211326409374,-0.2188563770396258,-0.4807057257749014,0.6355192133013733,-0.36604520386011385,-0.1627920033772652,0.3201299360189852,0.3201299360189852,0.3569317614539058,-0.6010060873588043,-0.22947668687480474,-0.4406938123713709,-0.3704574719096273,-0.22345268888486716,-0.0351297864002795,0.3569317614539058,-0.2339882463111928,-0.354488345122528,0.4720797928221743,0.7554775101742112,-0.1839341440013464,0.0206211326409374,-0.04325680070723113,0.7554775101742112,0.6392618039827987,-0.34880797486027876,-0.14036461443943463,-0.14036461443943463,-0.26187854502442637,-0.2188563770396258,-0.3560203270154431,-0.19067536756137504,0.05854436327445691,0.5194916558258142,-0.32111541792080794,-0.45034314653890073,Case
MICH-01621,-0.4725473851276979,-0.39953234760654,-0.1484365866100205,-0.1484365866100205,-0.1484365866100205,-0.6087586629517502,-0.21855193043109994,-0.32684465022156634,0.4795694931351987,-0.5775732628875461,0.4477939097025656,-0.27146594804858554,-0.31654687208291027,-0.20809281225813267,-0.34419578772477205,0.6488608120384587,-0.35673890945073855,0.47917608193626365,0.4512502088649049,0.2803612579949283,0.47917608193626365,0.17854510628799006,0.3561002073805202,0.41253910042244224,0.020178664621668025,-0.48610021610164883,0.5529243133552545,0.46910716610830056,-0.15178070942504254,0.3848637987331352,-0.03126632632498542,0.24720899245558028,0.2803612579949283,-0.03507092134249,0.39650465376441135,0.37050058716017853,-0.48610021610164883,0.37050058716017853,0.5151157255193677,0.37050058716017853,-0.5384314827657768,0.2668698415046382,0.3486609101948402,-0.3419887761791479,0.2668698415046382,-0.6231827717609932,-0.20065983270878088,-0.17231432367527552,-0.09601499470170444,0.5648605820862022,-0.5914885042842942,0.4792562074479421,0.6133984019717394,-0.005634948169046311,0.2803612579949283,-0.005634948169046311,0.45168555270183247,-0.2464779451354651,-0.5148642644447652,-0.35871474317964264,0.3546981612131694,-0.3305515136122261,-0.3305515136122261,-0.5148642644447652,-0.4307932571073784,-0.5148642644447652,0.44686896913761265,0.27466000376048993,0.29493571684012576,-0.6418319877409054,0.4141759734979292,0.17051375100826582,-0.3902047748201783,-0.33243730971094737,0.4772858390331559,0.3972007294950013,0.5977835015750433,0.19539099603419055,-0.6157632393009302,-0.6157632393009302,0.24693541170033395,0.05790633711435409,0.5529243133552545,0.4772858390331559,0.5199749694985938,0.41182333507858326,0.18604788262640878,0.11628640603911689,0.5529243133552545,0.4965724217772156,0.42612159658021964,0.365616736930934,0.4365467018640691,-0.47026707673176377,-0.010206372410972175,-0.47026707673176377,0.4286611428677247,-0.544445745091739,0.5529243133552545,-0.13211660850032075,0.4857898791141101,0.4286611428677247,0.18919151546034899,-0.5148642644447652,-0.5148642644447652,-0.41679225126511954,0.5581851418309294,0.2588172101727437,-0.21208886843306732,-0.36021159518182366,-0.544445745091739,0.37050058716017853,0.017651036074351364,0.5033280389972158,0.6531234347971087,0.46506427422140956,-0.2464779451354651,-0.03507092134249,-0.03507092134249,-0.3952551587536707,-0.48146850452058965,-0.43270073094635675,0.3896989306785479,-0.4377083116771214,-0.31654687208291027,-0.5318953377733865,-0.31182746268663775,0.6155921943083243,-0.6012695149738077,0.5616592247278918,0.4714081998890357,0.318661554476943,0.4017935300166029,-0.17428922968933602,0.6340942216929514,-0.6120067293331444,0.6133984019717394,-0.3545117214861752,-0.3545117214861752,-0.39953234760654,-0.38419951522027473,0.6133984019717394,-0.4015331735670178,-0.41945582708547885,0.6531234347971087,-0.4835083373153768,0.5508221533016522,-0.03783166463143803,-0.03783166463143803,-0.41916010785295094,-0.17428922968933602,0.3546981612131694,-0.4614586424161155,-0.466481209172856,0.4336747990722195,-0.2918428539815137,-0.41916010785295094,0.5575271816194158,-0.4849683237049487,-0.48610021610164883,-0.5148642644447652,0.03939145030828521,0.6133984019717394,-0.4024536350331337,-0.5148642644447652,-0.15178070942504254,-0.15603169490216565,0.2528085853377061,0.2528085853377061,-0.39953234760654,-0.4015331735670178,0.10352311762665437,-0.1605968736094802,0.05066073706056763,-0.35871474317964264,0.3848637987331352,0.4017935300166029,Case
MICH-01623,-0.052382349329120406,-0.3790165627258297,-0.11378391171708067,-0.11378391171708067,-0.11378391171708067,-0.3569316487229104,0.4474105708590997,0.28449534115661124,0.30657457836519697,-0.32684421879831355,0.38988864590518146,-0.5070269920315525,-0.42398869045870335,-0.5577751098405968,0.3703552638290156,-0.17159109548161164,-0.366915035673632,-0.3798862098828126,0.4088165216097918,0.5743224559774937,-0.3798862098828126,0.3612251444775595,0.19966957995825926,0.25817647322982884,-0.053638007751287665,-0.3385969166308225,0.5291661674108035,0.3561886590996706,0.3754034901960253,-0.4813969639804726,-0.3418620123068786,0.3408809134328203,0.5743224559774937,0.2018590475229586,0.5781136339034006,-0.28481481508680506,-0.3385969166308225,-0.28481481508680506,-0.6018437375363628,-0.28481481508680506,0.34326771625604074,-0.42256167777937637,-0.422291798766205,0.1124512556172533,-0.42256167777937637,-0.482334779775825,-0.00791327564702414,0.03508634245373729,-0.11074548510021275,-0.5523343155364135,0.30490597145664855,-0.5418357718812711,-0.5748980943353197,0.38477304140265495,0.5743224559774937,0.38477304140265495,0.06191337001952255,-0.006043904468916447,-0.04885741368906877,-0.29467160565369777,-0.43198497911902767,-0.3078274521636596,-0.3078274521636596,-0.04885741368906877,-0.4201725551090214,-0.04885741368906877,0.2027099478333022,0.5968212444522479,0.14238893980918524,-0.45833830057831865,0.55258282850485,-0.01883969935675701,-0.21728231091355207,0.08437965860332178,0.2287865309465476,0.22375111079796825,0.016615333727129405,-0.0150154248352577,-0.30926929622232063,-0.30926929622232063,0.12938663200350084,-0.5583653770006293,0.5291661674108035,0.2287865309465476,0.41075410940851065,0.20106790395009264,0.347456003220556,0.2702642523305178,0.5291661674108035,0.48698225144801804,0.5235869579827629,0.2539024228046661,0.37356027227573047,-0.2508558386844392,-0.5114347288694113,-0.2508558386844392,-0.23725149474621526,-0.41362035846314504,0.5291661674108035,0.565103298163674,0.2871455972696991,-0.23725149474621526,0.03366210397758512,-0.04885741368906877,-0.04885741368906877,-0.43536252116136304,0.4820334396833251,0.02029995855490486,-0.375866566681672,-0.28883071745567673,-0.41362035846314504,-0.28481481508680506,-0.5914111231243848,0.45919197145615914,0.4230597057057752,0.4718403405396958,-0.006043904468916447,0.2018590475229586,0.2018590475229586,0.09431728896933511,0.16515767552280733,-0.46280981183853104,0.32541660881657797,-0.3449622813433362,-0.42398869045870335,-0.2719944549655333,-0.5838832359098658,0.44196803457326506,0.13401693505916715,0.2877237200080757,0.3467510861157192,-0.05516257403340526,0.3002400689869429,-0.3142881662073164,0.635814751925109,-0.6114323158136167,-0.5748980943353197,-0.3088408377426562,-0.3088408377426562,-0.3790165627258297,-0.3893969776330448,-0.5748980943353197,-0.3883992326950413,-0.2999357946412071,0.4230597057057752,-0.464237910897377,0.289805949263313,0.11429672391204605,0.11429672391204605,-0.4256189479815429,-0.3142881662073164,-0.43198497911902767,-0.4286640216072532,-0.44591726689723266,-0.26476539638034496,-0.582555144789357,-0.4256189479815429,-0.29277448792100014,-0.2933539731072247,-0.3385969166308225,-0.04885741368906877,0.04868814979769625,-0.5748980943353197,-0.4159571235852509,-0.04885741368906877,0.3754034901960253,-0.3236127234501605,0.4191712473674272,0.4191712473674272,-0.3790165627258297,-0.3883992326950413,0.30619656690658154,0.15091863223650367,-0.5585749764990581,-0.29467160565369777,-0.4813969639804726,0.3002400689869429,Case
MICH-01624,-0.49096656701132546,0.10556273556571077,0.27773598011434886,0.27773598011434886,0.27773598011434886,0.1180309468233125,-0.4465715693383199,-0.08370673536313755,0.13861588294157895,0.5271524386029707,-0.3235135343602471,-0.40118652326724186,-0.32499046459145886,-0.5280853521211969,0.38035152273193856,-0.36377928063037884,-0.4342218417148489,0.3080856035186816,0.3406932425608521,-0.2181973952441362,0.3080856035186816,0.17853204837902403,-0.03550014831577839,-0.06477027804710053,-0.0673975454658016,0.178634853382022,-0.15226650771424785,0.04416861379554183,-0.3200981437717364,-0.638556262759894,0.08562113845414009,-0.12567888942766803,-0.2181973952441362,0.5231818790230619,0.2857863960196438,0.19029617329303913,0.178634853382022,0.19029617329303913,-0.21332266656863225,0.19029617329303913,0.21196897137881252,-0.29602273716917854,-0.2575988210196539,0.2705917420372148,-0.29602273716917854,-0.24363487356099578,0.19946459787961948,0.2106471778471707,0.18039986244027284,-0.5948417707723552,0.10951971633378496,-0.5906419780506109,0.09927125921181906,0.6913182336697038,-0.2181973952441362,0.6913182336697038,0.29531466992465755,-0.07276160799402545,0.824601699415946,0.46685512909362636,-0.021013472860294792,0.38749555040999145,0.38749555040999145,0.824601699415946,0.6675802764599427,0.824601699415946,-0.24856410218378927,0.11662843170361627,0.673324029797084,-0.0009368659791334248,0.09960821186093377,-0.178990897502214,0.024058939853999907,0.11652888498933574,-0.19261978789237094,0.039117324533328696,0.06421049869543709,-0.1610994062267488,-0.34080297749040334,-0.34080297749040334,-0.1781343090538358,-0.17372274359038636,-0.15226650771424785,-0.19261978789237094,-0.07399069110267874,-0.3382246492917452,-0.09997273717563594,-0.09484768781235901,-0.15226650771424785,0.0821375998847612,0.22392522420887476,-0.09618775956955547,0.054548073023554446,-0.4779795297833199,-0.6213540299553255,-0.4779795297833199,-0.5325626117048151,-0.17019240379895537,-0.15226650771424785,0.5881850630949883,-0.24233141924258345,-0.5325626117048151,-0.12514204091873654,0.824601699415946,0.824601699415946,0.6068200619910067,0.07034848935296582,-0.08871066542871986,-0.48907027689655685,0.053222135340775356,-0.17019240379895537,0.19029617329303913,-0.5660842024075771,0.06710406666976497,-0.30094521148059994,0.07236089211962005,-0.07276160799402545,0.5231818790230619,0.5231818790230619,0.3104220759581391,-0.4254942814266189,-0.09352078391998363,0.026938545283026832,0.375590643639401,-0.32499046459145886,-0.21152154914111418,-0.2546276825087236,0.40612669070393503,-0.42462648899571975,-0.2259173912969337,0.13334836482440923,0.5361047727760083,0.7052673432474598,-0.5139681558131257,0.44653241069020994,-0.4665198796272249,0.09927125921181906,0.04016406461681879,0.04016406461681879,0.10556273556571077,-0.0017334403841703335,0.09927125921181906,0.09267490745085731,-0.23566101998348413,-0.30094521148059994,-0.30497172986715776,-0.15764993144538816,0.6535475221232482,0.6535475221232482,-0.08334089006129707,-0.5139681558131257,-0.021013472860294792,-0.3754893206748056,-0.36084779077634466,-0.20507212585269247,-0.042807236653051556,-0.08334089006129707,-0.5335700697688435,-0.20824459782458735,0.178634853382022,0.824601699415946,-0.42117290896662873,0.09927125921181906,0.35874131693988537,0.824601699415946,-0.3200981437717364,0.2677091968172013,0.1925790837772326,0.1925790837772326,0.10556273556571077,0.09267490745085731,0.5515554309358082,0.7667745420829994,-0.45514717432269847,0.46685512909362636,-0.638556262759894,0.7052673432474598,Case
MICH-01627,-0.3546705474783905,-0.4375276449742179,-0.24024840110124684,-0.24024840110124684,-0.24024840110124684,-0.5938004991027179,0.05913353312378662,-0.49636499306752674,0.3612735488473585,-0.2102133980552943,0.08712549037213209,-0.16475590402968715,-0.21845261817115694,0.1195470382438676,0.18636793662366144,0.2821043520117074,-0.41853578642065264,-0.4012627508328716,0.42857286202015804,0.3020722835156775,-0.4012627508328716,0.45377604606776883,0.5820526887567876,0.5204115986022355,0.10012344236635413,-0.37713628451419373,0.5814115201790815,0.051252000318277265,-0.24802617738114457,0.5461494739756818,-0.22119765132040325,0.20034691727029497,0.3020722835156775,0.23248367270831383,0.48954407755692125,0.208487250596012,-0.37713628451419373,0.208487250596012,-0.15301031016316494,0.208487250596012,-0.1258541182727608,0.5140200407669067,0.5156923695660101,-0.418610226356555,0.5140200407669067,-0.6222093066611462,0.11330900763408523,0.05947809024646654,0.11349356746968324,-0.2777318770534603,-0.4347496996744418,-0.31217935821932563,-0.21158608686297786,-0.5157871581093558,0.3020722835156775,-0.5157871581093558,0.33309577591472195,-0.38273087227055047,-0.1930181853801554,-0.4712853694209766,0.05002565704558468,-0.43593999383224824,-0.43593999383224824,-0.1930181853801554,-0.5059851771036213,-0.1930181853801554,0.30637630648407055,0.4254828834963237,-0.24098677802266658,-0.5853772352405766,0.18952081052281106,0.1408078632471844,-0.30448879190662304,-0.056377428055588735,0.31482438948569413,0.2895647723606546,0.3023368060015986,0.15219485031368732,-0.01547958992603544,-0.01547958992603544,0.2340579325530309,0.10265147462704087,0.5814115201790815,0.31482438948569413,0.32204287785143004,0.3102018820018013,-0.29018116614382383,-0.30210905398496646,0.5814115201790815,0.45941524452317684,0.31517051751008696,0.21070493147830754,0.30490672751359105,-0.5650439225744358,0.6342545735957935,-0.5650439225744358,0.28009321165326434,-0.5553335841235769,0.5814115201790815,-0.3429321727073327,0.4294349856168441,0.28009321165326434,0.15724691572382576,-0.1930181853801554,-0.1930181853801554,-0.46325573600304654,0.5154086227741459,0.049158180150053514,-0.2422628617648722,-0.45487846332451953,-0.5553335841235769,0.208487250596012,0.05051610097542788,0.52705821578118,0.4954797609319803,0.2595067502530805,-0.38273087227055047,0.23248367270831383,0.23248367270831383,0.11163242323532313,-0.22040915550877113,-0.580992321169207,-0.22556498423274615,-0.5084155471920634,-0.21845261817115694,-0.4095955004893627,-0.6376385859971296,0.44682914775105387,0.19283191325093274,0.5811592639245543,0.479088216997479,0.40857074575706187,-0.5532339357423754,-0.23891998628025338,0.09892209709860476,0.0289106994862454,-0.21158608686297786,-0.4058248722434643,-0.4058248722434643,-0.4375276449742179,-0.4791133772354775,-0.21158608686297786,-0.4418827325158753,-0.5416952764361064,0.4954797609319803,-0.3223609384159527,-0.10930214657918562,-0.6555483948786837,-0.6555483948786837,0.0765814240465331,-0.23891998628025338,0.05002565704558468,-0.3485858201061875,-0.38278018381431433,-0.0531429692112726,-0.5869492707842948,0.0765814240465331,-0.36144413969404976,-0.019767390850484432,-0.37713628451419373,-0.1930181853801554,-0.3321820354494519,-0.21158608686297786,-0.41162775487919734,-0.1930181853801554,-0.24802617738114457,-0.2901784549852126,-0.38086940887281723,-0.38086940887281723,-0.4375276449742179,-0.4418827325158753,0.25811468858119124,-0.08723144516951256,-0.06747385847006383,-0.4712853694209766,0.5461494739756818,-0.5532339357423754,Case
MICH-01631,-0.19935616431526967,-0.4251805493891832,0.39779057979041704,0.39779057979041704,0.39779057979041704,-0.5254300074845063,-0.38220334456499805,0.49545395133596404,0.4218830352845774,-0.5305149391272408,0.5290498866876603,-0.5800469570931952,-0.5450992639740657,-0.5694584372219089,0.339687528312804,-0.10596080107242484,-0.3623285226932204,-0.351186554443888,0.44731929404902043,-0.33692054196707627,-0.351186554443888,0.5653179347243619,0.6117392539702664,0.6033453356189772,-0.3044485787533042,-0.33812463671108656,-0.41538546915077385,0.30368153630488876,-0.18232726778422922,-0.34680414068984483,-0.5068419275932999,0.5642784963356605,-0.33692054196707627,0.36993788150582263,0.601939028109925,0.17233156334326816,-0.33812463671108656,0.17233156334326816,0.4702115129449261,0.17233156334326816,-0.4236636933835991,-0.3933601078185554,-0.18070219077433874,-0.09606486397931986,-0.3933601078185554,-0.5825854390331635,0.33285919710444817,0.2612238397072927,0.3020987326440704,-0.048841270724559134,-0.36393589258045095,-0.12185318437352997,0.6990500960743669,0.6567286686155296,-0.33692054196707627,0.6567286686155296,0.071898618553975,-0.5098744951338551,-0.33196398417511824,-0.2712532022584639,0.4868872463152246,0.25827614144423394,0.25827614144423394,-0.33196398417511824,-0.21689990893542357,-0.33196398417511824,-0.34953576935885816,0.5675099573690878,-0.35619987121597585,-0.492081017684,0.1515525338079711,-0.28148480860555575,0.24065709062294643,0.1936011933303696,-0.30990000297380793,0.2798029918722995,0.06038312622971933,-0.33255418346003524,-0.5273661976311985,-0.5273661976311985,-0.33531688863913744,0.5482536039168302,-0.41538546915077385,-0.30990000297380793,-0.3801203510599324,-0.3659965280452156,0.06408432633590494,-0.039493713996792676,-0.41538546915077385,0.3012029573904022,0.02839053647600553,-0.17966982237632687,0.2956740812136567,0.6076233699931342,-0.45410173056613745,0.6076233699931342,0.12957471543693985,0.6888026132033688,-0.41538546915077385,-0.16106497922702068,-0.3147900809973945,0.12957471543693985,-0.2830062944195123,-0.33196398417511824,-0.33196398417511824,0.1579738430736955,0.0980288623164779,0.3370895828807623,0.16787568442331127,-0.49512752587561876,0.6888026132033688,0.17233156334326816,-0.06829471035497435,0.24314482492430614,-0.43429124773741296,0.19927969640537557,-0.5098744951338551,0.36993788150582263,0.36993788150582263,-0.1574917919649787,-0.5225177244349393,-0.2942673132686501,0.13346624416650052,-0.21292647003746062,-0.5450992639740657,0.5254251634583248,-0.5747570863920615,0.5645612693346311,-0.24055888920329593,0.10857916914149558,0.4105326183136332,0.6337492450826325,0.4976425963019858,-0.10650212340232568,0.3427874113279637,-0.3171052562180994,0.6990500960743669,-0.3158115794578197,-0.3158115794578197,-0.4251805493891832,-0.4554575188907619,0.6990500960743669,-0.39439479593681853,-0.43007955143446447,-0.43429124773741296,-0.36228945743449575,-0.6113474713654311,-0.20891170352159597,-0.20891170352159597,-0.4093468314086201,-0.10650212340232568,0.4868872463152246,-0.38419287048389006,-0.38681859093627435,0.3868767886665779,0.15068818304100837,-0.4093468314086201,-0.5990388117643761,-0.2808020371753565,-0.33812463671108656,-0.33196398417511824,-0.4454965325905255,0.6990500960743669,-0.10174402004391156,-0.33196398417511824,-0.18232726778422922,0.27761840935397736,0.2690747904214258,0.2690747904214258,-0.4251805493891832,-0.39439479593681853,-0.2558907100924951,-0.4200899906814447,-0.01883786446149846,-0.2712532022584639,-0.34680414068984483,0.4976425963019858,Case
MICH-01640,-0.08813388321251531,-0.47087826912728903,0.2543972899685,0.2543972899685,0.2543972899685,-0.5729334253636494,-0.14175935033023015,-0.5348156018470402,-0.02302999258084939,-0.3176869458586679,0.3009705821249931,-0.34000267434055503,-0.2169143329227584,-0.036514202672364104,-0.18328228842120747,0.4525094943122541,-0.04993025470878329,0.22760137398602617,-0.016704555352792787,-0.2761007347510807,0.22760137398602617,-0.31437304086684975,-0.14895261259944173,-0.08780064650569952,-0.2199517123968626,-0.10155943791308573,-0.10842365301555565,-0.12962933130749538,-0.15131002536095675,0.686389247776684,0.23404733931689975,-0.1312946003850987,-0.2761007347510807,-0.24115446275646715,0.39622302021295397,-0.15794573683169,-0.10155943791308573,-0.15794573683169,-0.38589102497680916,-0.15794573683169,0.3130324893771632,0.5178982305481856,0.12279951398103452,-0.06719140937863877,0.5178982305481856,0.35021771468604734,-0.17647121620460715,-0.3972043184637656,-0.3717026051328678,0.5807418664564701,0.03523459673827686,0.6602959476954654,-0.2779931786042313,-0.24250663320764115,-0.2761007347510807,-0.24250663320764115,-0.19738313025420717,-0.5589774732259221,-0.17942601071806033,0.016183141269955004,0.13433692724451748,-0.38506515626945387,-0.38506515626945387,-0.17942601071806033,0.09370609913427662,-0.17942601071806033,-0.3583194273868096,0.6102487163919762,-0.3596820489456305,0.17997433192607576,-0.4143887752540345,-0.17958119222483582,0.4194458687156096,0.21321664606321086,-0.35104084944861613,0.07244010979795239,-0.19307683665106676,-0.1382056559273712,0.5763122503534048,0.5763122503534048,-0.11093244523482401,0.3510480032277975,-0.10842365301555565,-0.35104084944861613,-0.22204701927917278,-0.14896469351453356,0.027497208234408516,-0.3451869988744893,-0.10842365301555565,-0.2217069412853486,-0.16966000301972314,-0.3865074987029588,-0.014816676472180499,-0.46384672904944546,0.675917441939921,-0.46384672904944546,-0.3401362965285647,-0.527103484918858,-0.10842365301555565,-0.467984466459163,-0.2914949950166325,-0.3401362965285647,-0.2114400517791433,-0.17942601071806033,-0.17942601071806033,0.1361669750317896,-0.016162652361092995,0.3141911888015091,-0.40980566284056613,-0.0844618437671603,-0.527103484918858,-0.15794573683169,0.5519048864953637,-0.2680545528348967,-0.045820985480479845,-0.2938213968346415,-0.5589774732259221,-0.24115446275646715,-0.24115446275646715,-0.46208918276069294,-0.514536636341195,-0.6049204217987494,-0.1197006143284478,0.008015307887454446,-0.2169143329227584,-0.4692641315382273,0.24132936589597506,0.08247353273585215,0.519167549244806,0.36844975004201697,-0.004253934072827652,0.34663236820367843,-0.4524713861077612,0.3699676586259624,-0.289479956703708,0.29678136361924967,-0.2779931786042313,-0.43957220318082035,-0.43957220318082035,-0.47087826912728903,-0.4856838297794015,-0.2779931786042313,-0.4201532009303785,-0.051541209922691886,-0.045820985480479845,0.07030694726127056,-0.34797712540712067,-0.6347307337232622,-0.6347307337232622,-0.2333867471963842,0.3699676586259624,0.13433692724451748,0.1827020438193952,0.015903842368344228,-0.1634300103541825,0.26015013993051966,-0.2333867471963842,0.0817385844142649,0.5090527901572586,-0.10155943791308573,-0.17942601071806033,0.5773823690395832,-0.2779931786042313,-0.06730698343123605,-0.17942601071806033,-0.15131002536095675,0.06353926638421799,-0.0017376696679363844,-0.0017376696679363844,-0.47087826912728903,-0.4201532009303785,0.006543431050059856,-0.08089025807665493,0.744995812199309,0.016183141269955004,0.686389247776684,-0.4524713861077612,Case
MICH-01642,-0.07971761030948366,-0.28116314380407176,-0.3190464419714283,-0.3190464419714283,-0.3190464419714283,-0.3890852983997869,0.057503849818913634,-0.5611697097918367,0.059853675053751935,-0.4169739300058397,0.22590656901515963,0.022372836731205544,-0.2054563259108607,-0.023785069551598852,-0.22208746972165497,0.4541783015086158,-0.13764987690621514,0.043399482409589255,0.5898698648974954,0.5947694002781213,0.043399482409589255,0.1454853842581607,-0.0735817384086739,0.0073364756326027075,0.405292279870208,-0.08413644482725506,0.3458091412792621,0.02335133291995039,0.03307268859467448,-0.4755384233126317,-0.17158948206774402,0.3121171055912242,0.5947694002781213,0.48474150186225806,0.6663437949350072,0.6532675017759071,-0.08413644482725506,0.6532675017759071,-0.5871365093019231,0.6532675017759071,0.002852007037106914,0.5538938174779415,-0.42638284051759406,0.17528978511402857,0.5538938174779415,0.0002005721725022437,-0.3063771997070594,-0.21306552569751436,-0.2602216963527835,0.1866263207420667,-0.35750253337632665,0.26219452365379914,-0.45101303296944106,-0.24471978848739329,0.5947694002781213,-0.24471978848739329,0.6916620245796539,-0.16569499420820213,-0.5124345704029294,-0.10454746009529922,-0.03758513979851436,-0.07329759475653452,-0.07329759475653452,-0.5124345704029294,-0.3081843614198682,-0.5124345704029294,0.43425865809188074,0.14816665627863973,0.5506422814747977,-0.5563792422336844,0.3798820952322023,0.43370277013310266,-0.4128438473869441,-0.19233375259580632,0.4030031142999914,-0.05498938452096286,0.6142453836838934,0.4071821440758292,0.094991932481181,0.094991932481181,0.5029306934385561,-0.45233459613876414,0.3458091412792621,0.4030031142999914,0.31831799377797365,0.5213946921377802,-0.4475936174455285,-0.38711608365792965,0.3458091412792621,0.0886038753282864,0.357724274338664,0.36208243229600584,-0.003099521266056953,-0.21919181675681568,-0.2737404999024539,-0.21919181675681568,0.6788373602799804,-0.24485390502454862,0.3458091412792621,0.6043476419415313,0.4509065786598411,0.6788373602799804,0.4242868813707355,-0.5124345704029294,-0.5124345704029294,0.07189852832766856,0.12325655489066295,-0.22088827005511688,-0.48599030618927314,-0.2264414518069599,-0.24485390502454862,0.6532675017759071,-0.556713172773817,-0.003261850698213971,0.3116546081185369,0.023392057345801368,-0.16569499420820213,0.48474150186225806,0.48474150186225806,0.23903675737064353,-0.02216896041665082,-0.5984894039176344,0.43902604971624426,-0.2247723418912442,-0.2054563259108607,-0.5478625558789736,-0.5042788446732982,-0.2779738457159923,0.052062780897764095,0.640315154657714,0.027876991051497782,0.08285737031259521,-0.27075791817527695,-0.5604214494758983,0.5891221055629009,-0.6351243944151493,-0.45101303296944106,-0.4442873535842607,-0.4442873535842607,-0.28116314380407176,-0.44598599061219896,-0.45101303296944106,-0.29199358017063687,-0.6177694478887855,0.3116546081185369,-0.5671645320584372,-0.5595727337503467,0.6513814500404569,0.6513814500404569,-0.016901178661662467,-0.5604214494758983,-0.03758513979851436,-0.6033378098166603,-0.5729427248590413,-0.04288680712323532,-0.0934498048556678,-0.016901178661662467,-0.27165219884118436,-0.3734849731862497,-0.08413644482725506,-0.5124345704029294,-0.5994744441186153,-0.45101303296944106,0.5879858737685262,-0.5124345704029294,0.03307268859467448,-0.321430593481018,-0.4250863209895264,-0.4250863209895264,-0.28116314380407176,-0.29199358017063687,0.5060011637801224,0.7635887128817318,-0.5603440393272111,-0.10454746009529922,-0.4755384233126317,-0.27075791817527695,Case
MICH-01643,-0.214609877026798,-0.5040149309190889,0.27889362713345844,0.27889362713345844,0.27889362713345844,-0.5505667767572001,-0.25793205201446695,0.13820703652562477,0.3960196398249307,0.1891587846307592,-0.3160637038457723,-0.33287220718638405,-0.4547051884348889,-0.4994139601735284,-0.3321843693397106,0.6952099618421519,-0.39001500285536284,-0.2203856136802146,0.4042893494144579,0.013241239794648873,-0.2203856136802146,0.35431546573353334,0.5480102247936094,0.45489127122444817,-0.14722348721718512,-0.028111233430033244,0.13847303711442133,0.42970684806011344,-0.13176902508784377,-0.5483050823992804,0.23326821696316033,-0.13924295240527465,0.013241239794648873,0.6283193362052837,0.60239338821766,0.11651063800146122,-0.028111233430033244,0.11651063800146122,-0.6352491425602346,0.11651063800146122,0.23336782289209038,-0.27822908993531914,-0.17129657101238657,0.02911503064628474,-0.27822908993531914,-0.639811710580127,-0.3117733011813835,-0.4582090974510503,-0.3262371612537593,0.7122635448017299,-0.002948721787381138,0.7058070109683059,-0.04241246697749476,0.4492752796213699,0.013241239794648873,0.4492752796213699,0.09451139103902378,-0.03354070773925904,0.3592473176691836,0.10126958171707505,0.01906206717833165,-0.13083368164244233,-0.13083368164244233,0.3592473176691836,0.27146970833109846,0.3592473176691836,-0.015464382512820675,0.33500061681987986,-0.17567401498434443,-0.49868345238494866,0.4099597114163317,-0.10463040082289946,-0.038257446706744816,-0.3792825591519959,0.043814761673959195,0.33786179566576935,0.18832919715266194,-0.10231031982597781,-0.5697356774178252,-0.5697356774178252,-0.17878835509411475,-0.5046994568951461,0.13847303711442133,0.043814761673959195,0.09606003108952803,-0.012714447392330588,-0.029110998299039466,-0.5295458786111529,0.13847303711442133,0.4762581181868045,0.4929873545657523,-0.016172041032519582,0.4292027086415341,-0.5671774508283113,-0.6153372179663037,-0.5671774508283113,0.4785099531460244,-0.5696390859555893,0.13847303711442133,-0.10135490011998065,0.04299123721052898,0.4785099531460244,-0.12138189489118303,0.3592473176691836,0.3592473176691836,0.16995724489831315,0.41293761955553737,0.06219835408196851,-0.44305747434002696,-0.49656609942127694,-0.5696390859555893,0.11651063800146122,-0.40513009199630545,0.5337271786776304,0.033945655281364964,0.4780090468793865,-0.03354070773925904,0.6283193362052837,0.6283193362052837,0.06947954458577617,-0.26726657821520194,-0.49270790761817074,-0.42310740502673594,-0.085363880864616,-0.4547051884348889,-0.5116149295226584,-0.6243615973802121,0.4135131807601625,0.14314043667394674,-0.24757809158678884,0.36506200792775145,0.4265330434253983,0.39688213448234416,-0.45404086897303453,0.0050005305495399895,0.011472294857188143,-0.04241246697749476,-0.45316160797806504,-0.45316160797806504,-0.5040149309190889,-0.48206302661743466,-0.04241246697749476,-0.4796920148779203,-0.531803345129737,0.033945655281364964,-0.30136161917849147,-0.43348319690348674,-0.536187632757748,-0.536187632757748,-0.21639570179660483,-0.45404086897303453,0.01906206717833165,-0.3162505225975884,-0.32712387697579803,-0.1729430292882974,0.044931330889043,-0.21639570179660483,-0.28297642886062574,-0.37643978556879615,-0.028111233430033244,0.3592473176691836,0.020751401277255055,-0.04241246697749476,-0.3844155680026486,0.3592473176691836,-0.13176902508784377,0.18538531585575788,-0.03867732481261696,-0.03867732481261696,-0.5040149309190889,-0.4796920148779203,0.2815411573743316,-0.015361014549159476,-0.30374371406107226,0.10126958171707505,-0.5483050823992804,0.39688213448234416,Case
MICH-01644,0.6044108766705566,-0.40217946253283454,-0.29407864644910314,-0.29407864644910314,-0.29407864644910314,-0.49909767157836904,0.503615224254486,-0.47023704279699463,0.16718530666826703,0.44675970485261834,-0.35426776100199747,0.6124344845738208,0.6619829629480816,0.5664558276329344,-0.4707670296524329,0.539789403768042,0.3639878968756462,-0.4060581275988742,-0.14105089410043326,0.4891613423208465,-0.4060581275988742,0.2407871727611527,0.5113257625736674,0.39850507907786975,0.4602904632498227,0.4653490151738264,0.5261639591217786,0.25490796661455856,0.6675691764081977,0.5723872807121705,-0.031176955995579063,-0.13652722440321907,0.4891613423208465,-0.3109567986176029,0.6280641758398434,-0.6092447455093074,0.4653490151738264,-0.6092447455093074,0.09397005297013895,-0.6092447455093074,0.19784963911202458,0.5368671392304281,0.5388714678099408,-0.0946594905847252,0.5368671392304281,-0.1732715193363551,-0.4150747064714284,-0.5322382008478508,-0.4686936386338086,0.5873351625688477,0.6919755187155971,0.6377493637534004,-0.30366679008497743,-0.4314604065482469,0.4891613423208465,-0.4314604065482469,-0.600082932921008,-0.5585452081699624,-0.12421529047071919,0.20101002190465064,-0.5306900181665233,-0.5014814685034782,-0.5014814685034782,-0.12421529047071919,-0.15841728253532247,-0.12421529047071919,0.5896484108663038,0.5464250108094327,0.21645151219160685,-0.4984711773381652,0.05297813911220511,0.5484877230027755,-0.5757640557665243,-0.5442284619173057,0.5867902747373154,0.001411052421272548,-0.5624266454415935,0.5649429809763934,-0.473444374262402,-0.473444374262402,0.5477008998998905,-0.5992137341065071,0.5261639591217786,0.5867902747373154,0.5729729697611808,0.646254234499757,0.2112630123691059,0.043325476101982854,0.5261639591217786,0.003424355577442111,0.20977815848417616,0.4149969287184418,0.03504380316322057,-0.47359187484243975,0.4898883625080314,-0.47359187484243975,0.6894937534857013,-0.4897424866983087,0.5261639591217786,-0.04419346282180661,0.5818401447787424,0.6894937534857013,0.5390192053053503,-0.12421529047071919,-0.12421529047071919,-0.009459836465706655,0.13850964024076248,-0.18002639778309093,-0.5627734261308542,-0.3211628315879987,-0.4897424866983087,-0.6092447455093074,0.19875876876279183,0.3457455364214828,0.6333862797617084,0.3779125409662074,-0.5585452081699624,-0.3109567986176029,-0.3109567986176029,-0.3781659942915813,-0.4459039324185764,-0.5821510298251188,-0.22142616565739118,0.27992974621327144,0.6619829629480816,-0.49867892388080837,-0.6006698973929562,0.5433393894984271,-0.4952840973719986,0.7065124357419051,0.411716022862378,0.1384371833129589,-0.12608668648895274,-0.014556039931203588,-0.5417574888919315,0.6024405982248473,-0.30366679008497743,0.2663954284030196,0.2663954284030196,-0.40217946253283454,0.3723926597108852,-0.30366679008497743,-0.3496823490910137,-0.11945871072890686,0.6333862797617084,0.35021806059590893,0.6011836352809342,0.34092846222354073,0.34092846222354073,0.488991942483044,-0.014556039931203588,-0.5306900181665233,0.3521867057399065,0.2124960747996217,-0.1578384689680908,0.6544468431317306,0.488991942483044,0.3478231809703242,-0.26161716054632406,0.4653490151738264,-0.12421529047071919,0.06071732962611907,-0.30366679008497743,-0.4548348489660777,-0.12421529047071919,0.6675691764081977,-0.18031333276164355,0.22335644147588854,0.22335644147588854,-0.40217946253283454,-0.3496823490910137,0.33511758895123267,0.126347917966475,0.11126233256136596,0.20101002190465064,0.5723872807121705,-0.12608668648895274,Case
MICH-01646,0.32313840901652285,0.12720132505859666,0.499636645596234,0.499636645596234,0.499636645596234,-0.11604867752640007,0.06830063085987963,-0.24682602181289037,0.140041295486363,0.020162317835999814,-0.5348601791818207,0.23019522662970304,0.1660640885894944,0.2567407162480755,-0.2761978527169321,-0.26846462538269517,0.5899003773864704,0.3991810566563132,0.4702850559548496,-0.22883229036493258,0.3991810566563132,0.5132708764068575,0.42594378319715925,0.3380756669070069,-0.3308688967226207,-0.18027902441787516,-0.5105951250867093,0.18286534896420173,-0.13557451319994668,-0.12898621758913664,0.37455083550081764,-0.38165550860953207,-0.22883229036493258,-0.18205834066677096,0.6723066080729861,-0.302560096959633,-0.18027902441787516,-0.302560096959633,0.6112697974691125,-0.302560096959633,-0.3783654534468117,0.3848687154271774,0.40422194435329123,-0.4074234014473702,0.3848687154271774,-0.643807244505091,-0.18496167840986527,-0.07275902218552015,-0.03698714293494409,-0.2298096048359931,-0.047981793764154734,0.15808804577375282,-0.11158277261078535,0.30885164814556637,-0.22883229036493258,0.30885164814556637,-0.26421332978863443,-0.5969039233151192,-0.46970638463384645,-0.3923887304590683,0.02600921103450006,-0.370361034109276,-0.370361034109276,-0.46970638463384645,-0.34527438603980853,-0.46970638463384645,-0.5225968559185592,0.6540854232620313,-0.5946380269966878,-0.6432241127783169,0.4309385012065264,-0.34028627870786354,0.47751582681762333,0.011860015802159004,-0.5126341320166954,0.3849128378959611,-0.10136997566843102,-0.3408884835059919,-0.5949375807710369,-0.5949375807710369,-0.3884652455193061,0.595759549406219,-0.5105951250867093,-0.5126341320166954,-0.5445691175662785,-0.3519267211298885,0.345874457993412,0.2578622220086408,-0.5105951250867093,0.3990934931557174,0.4010571488639819,-0.3586289587534281,0.38727494180572564,-0.23140591697801213,0.27725520855361313,-0.23140591697801213,0.5353800592632467,-0.03293195672049013,-0.5105951250867093,0.4373802950089147,-0.4972922429339676,0.5353800592632467,-0.40695731597751694,-0.46970638463384645,-0.46970638463384645,-0.18788516041385403,0.20932386428652763,-0.10215890988567015,-0.39158688457976426,0.04311877014722205,-0.03293195672049013,-0.302560096959633,-0.5249119691365116,0.0632723453272883,-0.37676077891095644,0.05779737179838054,-0.5969039233151192,-0.18205834066677096,-0.18205834066677096,0.13669275607655298,-0.2786119910972625,-0.5704004985100875,-0.36075347332331026,-0.35876948338938713,0.1660640885894944,-0.11946947014081201,-0.21254822381618374,0.5231684656892888,-0.5589737602976618,0.31800420977684846,0.3685402987660901,0.4691696136851179,-0.535945676122608,-0.5597881611497105,0.5625411008349278,-0.5840691852161346,-0.11158277261078535,-0.1381509990701103,-0.1381509990701103,0.12720132505859666,-0.13314757773502756,-0.11158277261078535,0.09561709861010374,-0.5102925493226461,-0.37676077891095644,-0.4064142392941297,0.5212406628349958,0.13883277719721385,0.13883277719721385,0.06542868089565353,-0.5597881611497105,0.02600921103450006,-0.5624343374891247,-0.4366490287784091,0.37369434885376646,0.3602613583997023,0.06542868089565353,-0.4696439246245038,-0.18000285412971542,-0.18027902441787516,-0.46970638463384645,0.42455932985115385,-0.11158277261078535,-0.4286413941559185,-0.46970638463384645,-0.13557451319994668,-0.05303518154378499,-0.46668538177866353,-0.46668538177866353,0.12720132505859666,0.09561709861010374,-0.33334782006384417,0.10431562622288001,0.25218009102450323,-0.3923887304590683,-0.12898621758913664,-0.535945676122608,Case
MICH-01648,0.5281821999401578,0.09923400814629237,-0.27589252589841834,-0.27589252589841834,-0.27589252589841834,-0.2126419005263857,0.5458316760677379,-0.37909479808212676,0.29356760807020665,-0.0777032511209723,-0.05519199903498769,0.1176746718785071,0.022893668966115513,0.11890826926446978,-0.4551072984798283,0.5774105131735376,-0.08917665518589069,-0.10088530032090468,0.5243634436042022,0.33320965920214796,-0.10088530032090468,0.0829233130331227,-0.27256475725617274,0.026934105472927145,0.31383074437935377,0.15637186095459876,0.391698639637143,0.34121155511580165,0.4439943610936903,0.12654162679752773,0.2787843618991439,-0.28844535781825226,0.33320965920214796,-0.5005697536418967,0.6252163030085055,-0.603367311433135,0.15637186095459876,-0.603367311433135,-0.5504652736375246,-0.603367311433135,0.6289702277303431,0.2411160129476631,0.28081310601716764,-0.0984689525363349,0.2411160129476631,-0.5345854968468526,-0.43328261295782644,-0.32505553454462266,-0.36865748756617184,0.33535536305170505,0.6689569494462467,0.4624194265560981,-0.5377158238507705,0.24613458070750482,0.33320965920214796,0.24613458070750482,-0.5508596809678242,-0.618719547409267,-0.3031486784106726,0.008117973938410985,-0.5535258565536203,0.2999857685770127,0.2999857685770127,-0.3031486784106726,-0.22497237204353004,-0.3031486784106726,0.4151873011153245,0.6077531194009045,-0.3561057844456103,-0.396991126729233,0.5522230018119275,0.31684633334186146,-0.3805740396114644,-0.2633112857604432,0.4145418691956263,0.3092703494272038,-0.5185020986058334,0.3296918629112093,-0.5056478110989349,-0.5056478110989349,0.38565830984874966,-0.43448604561174703,0.391698639637143,0.4145418691956263,0.39408167761455987,0.4390762540857791,-0.10150349103247339,-0.4231681485418113,0.391698639637143,0.19377363745845838,0.4785032401667699,0.3023147393375292,0.3220550665247264,-0.473511309678241,0.12780300522361235,-0.473511309678241,0.19333285465929576,-0.5510146233753735,0.391698639637143,0.2863788191993552,0.42869791181611594,0.19333285465929576,0.33996249780956833,-0.3031486784106726,-0.3031486784106726,0.08846500483108147,0.1831503589233241,0.06681353548495608,-0.5896792815772033,-0.1341579872475319,-0.5510146233753735,-0.603367311433135,-0.3160699199001171,0.4526044137011421,0.4007435692865448,0.48435776198327896,-0.618719547409267,-0.5005697536418967,-0.5005697536418967,-0.05679962644450508,-0.3334839390186763,-0.5336841672672038,0.13903557018611082,0.09038638028552458,0.022893668966115513,-0.22709828520405337,-0.4619774087667234,0.37627126846241016,-0.5390369814014947,0.5184260283916841,0.260228014267059,0.3951863602409574,-0.574287030877178,-0.39762163904040565,0.5895711135467153,-0.6028912513865234,-0.5377158238507705,-0.06428828950216786,-0.06428828950216786,0.09923400814629237,-0.1545361522031774,-0.5377158238507705,-0.013440283624476398,-0.5220216602651562,0.4007435692865448,-0.4510358590140478,0.5126706283678715,0.2815428219856471,0.2815428219856471,0.20946028672130573,-0.39762163904040565,-0.5535258565536203,-0.5364669651954564,-0.4981755981765034,-0.549821003155145,0.3701198402876254,0.20946028672130573,-0.5823654476280297,-0.21239354607961317,0.15637186095459876,-0.3031486784106726,0.6860100633538887,-0.5377158238507705,-0.34847757580609934,-0.3031486784106726,0.4439943610936903,-0.27133918883165964,-0.155705284598186,-0.155705284598186,0.09923400814629237,-0.013440283624476398,0.27112132641766284,-0.08845444168786842,-0.22876611866340985,0.008117973938410985,0.12654162679752773,-0.574287030877178,Case
MICH-01649,0.3058722942635895,0.27042311786794637,-0.3400635345787018,-0.3400635345787018,-0.3400635345787018,0.5166955467379742,0.2835867232814103,-0.49482980567364143,0.08732437558117236,-0.03962982690974869,-0.08488131696671572,-0.17668829675161593,-0.15942259084432273,-0.25973562511970316,-0.31543541295578853,0.7000328501084975,0.607649509622726,0.3303892401803495,0.20561005829238596,0.39562962335825436,0.3303892401803495,-0.010269470559348955,-0.08350874447688007,-0.048426851220146484,-0.002991470199304865,-0.21342427240879341,0.5648422586054853,0.22172109387930186,0.5819686967902311,-0.4831653998818185,0.23327820139464067,-0.2235913418160545,0.39562962335825436,0.6391623996369673,0.41888938749923627,-0.47531965953527205,-0.21342427240879341,-0.47531965953527205,0.6070145395531029,-0.47531965953527205,-0.3604597636873956,0.20322189351352546,-0.0443253656260609,-0.06085855100169512,0.20322189351352546,-0.004774264787243517,-0.2858864219531708,-0.24956855423912874,-0.2709352525208246,0.5931399506185423,-0.07650518025105998,0.17548229720255865,0.5790930646038805,0.33144390739219626,0.39562962335825436,0.33144390739219626,-0.4305521096074817,-0.6479619782442522,-0.4879211134135138,-0.2047245838625888,-0.04543779153712083,0.3935810387625398,0.3935810387625398,-0.4879211134135138,-0.4777428197259327,-0.4879211134135138,0.35399326229597816,0.6750289466461967,0.47676626831667246,0.48872666219091376,-0.0616957439360449,0.09303505138276558,-0.26153644784159213,-0.5536907939263644,0.3894720639542834,0.21095882485597917,-0.30174069494320743,0.12151777302268182,-0.3722992378323554,-0.3722992378323554,0.08687507248190171,-0.06243522940554067,0.5648422586054853,0.3894720639542834,0.5964998189892573,0.20227551214800496,-0.21544839190145695,-0.5490069539458852,0.5648422586054853,0.0891268807635175,0.11313925398976075,0.23286872595796326,0.18691810046568508,-0.5528061521134363,-0.5140711570181306,-0.5528061521134363,-0.21639674388388755,-0.4805985183501239,0.5648422586054853,-0.167709059887514,0.3439282000042166,-0.21639674388388755,0.13283311227862823,-0.4879211134135138,-0.4879211134135138,0.22759152081266673,0.1636524043251656,-0.04279264889244285,-0.4034361120686856,0.2506414472065794,-0.4805985183501239,-0.47531965953527205,-0.3327425817380339,0.1761775761820038,0.44687117826491923,0.2171563174522962,-0.6479619782442522,0.6391623996369673,0.6391623996369673,0.3285291513794194,0.3189472989784492,-0.22924249444065775,-0.28313134432756626,-0.13928882707721396,-0.15942259084432273,-0.5409969564309398,0.5045656891928546,-0.22175674431923062,0.36209768363414646,0.5775165002991586,0.04122752449459391,0.5261049436998487,0.2247290707296762,-0.17668683971788088,0.24425489575604978,-0.22404454395374787,0.5790930646038805,-0.07945048258053389,-0.07945048258053389,0.27042311786794637,-0.04517909430468295,0.5790930646038805,0.20742824375195462,-0.1945197859273833,0.44687117826491923,-0.2109697039351632,0.5885781931332743,-0.5860839215575311,-0.5860839215575311,-0.3397953982069799,-0.17668683971788088,-0.04543779153712083,-0.2554397809042785,-0.2541679814702146,0.23858118518616916,-0.586666259051225,-0.3397953982069799,-0.1862493229843093,-0.23166265338794673,-0.21342427240879341,-0.4879211134135138,0.5136823231732445,0.5790930646038805,0.6621157296559259,-0.4879211134135138,0.5819686967902311,-0.17832448177585397,-0.38305208076870073,-0.38305208076870073,0.27042311786794637,0.20742824375195462,-0.32974914742592587,0.1391740865347216,0.24291271090812314,-0.2047245838625888,-0.4831653998818185,0.2247290707296762,Case
MICH-01650,-0.15132044707085696,-0.40317196449305365,-0.0013336708121176393,-0.0013336708121176393,-0.0013336708121176393,-0.6009693951647178,0.4130989277914103,-0.2838003627088425,-0.056581747755120884,0.20748240230209644,-0.3218285281629208,0.5328898980302503,0.6345454628123639,0.5805649013190488,-0.3781576567134263,0.36060399818398714,-0.3747455049543803,-0.44218791628168047,0.2155121730202193,0.6296242750477998,-0.44218791628168047,-0.24285692402556647,0.06314702569018103,0.20581755190488701,0.2864679861280861,-0.010360211781059678,0.6889163083025676,-0.08351330471806127,0.2775184265641438,0.6395871781665383,0.1671750371741372,-0.11746711036029052,0.6296242750477998,-0.6028914267706136,0.016232557261273997,0.23068335026427186,-0.010360211781059678,0.23068335026427186,-0.42453629733373704,0.23068335026427186,0.09466166171345479,-0.11351835892470599,-0.417649433943341,0.35033340230657645,-0.11351835892470599,0.4157768115344138,-0.3702322971288475,-0.45227689044884856,-0.46590490209273394,0.2647028564473786,0.014359971675175384,0.38265199134970695,-0.5165956104181889,0.6632926428392784,0.6296242750477998,0.6632926428392784,0.13907315931119388,-0.28091959895896207,0.08019157485085174,0.06078681870874723,-0.3392268604118878,0.543891955346229,0.543891955346229,0.08019157485085174,-0.021998072897758757,0.08019157485085174,0.42840802806417083,0.3191573801139639,0.6170976662307901,-0.46647533361191673,-0.3425103367538738,0.30477837678752934,-0.4346124340692564,-0.3521318859349824,0.4395445696948939,-0.038959170203182285,0.1226884894525009,0.33320836252401653,-0.2665898828991047,-0.2665898828991047,0.2361292645372104,-0.5736860070195249,0.6889163083025676,0.4395445696948939,0.5209696084074924,0.40497499791256714,-0.36007227252770435,-0.2268377308935574,0.6889163083025676,-0.29749799779366776,-0.21862806639315935,0.40950380932411634,-0.03793792706754475,-0.46278212564973914,0.6911525175984389,-0.46278212564973914,0.16004887052867728,-0.36898692877987904,0.6889163083025676,-0.4892412967499128,0.515932050786092,0.16004887052867728,0.3478633199857071,0.08019157485085174,0.08019157485085174,0.5060312522801613,-0.17848462334915083,-0.23851951544480762,-0.06606215776945713,-0.09046726677231744,-0.36898692877987904,0.23068335026427186,0.6443828336734437,-0.026425046698819028,0.6655586301567515,-0.0053636376356689984,-0.28091959895896207,-0.6028914267706136,-0.6028914267706136,-0.529438322516073,0.10326233216993189,-0.49857862248008483,-0.24492514617051037,0.19317063893939745,0.6345454628123639,-0.1223259195088766,0.014099552277930864,0.4163882720884008,0.6140089704456647,0.49181774030603587,0.14217730109363794,0.3224628125758586,-0.5372473883752049,0.31083183925409996,0.441023900489849,-0.46232569975561555,-0.5165956104181889,-0.2717257536441738,-0.2717257536441738,-0.40317196449305365,-0.5259745154002821,-0.5165956104181889,-0.4311985064604643,-0.03289563620415213,0.6655586301567515,-0.42293010346607224,-0.1520222097378862,-0.24303115237289913,-0.24303115237289913,0.10700936772914994,0.31083183925409996,-0.3392268604118878,-0.2702865781330057,-0.3613540816190658,-0.13136976558010383,0.6423245952039883,0.10700936772914994,0.2958892983895214,-0.19575554228013362,-0.010360211781059678,0.08019157485085174,0.08360579000782727,-0.5165956104181889,0.3427060222497621,0.08019157485085174,0.2775184265641438,-0.20012556484876268,0.0521625676288913,0.0521625676288913,-0.40317196449305365,-0.4311985064604643,0.43111479126957736,0.5901858023446335,0.46119120126119373,0.06078681870874723,0.6395871781665383,-0.5372473883752049,Case
MICH-01651,0.38786610514585584,-0.268457842608002,0.3462989321769623,0.3462989321769623,0.3462989321769623,-0.2964128055525893,0.32659188736672434,-0.4064888445213495,0.18128228822903958,-0.3470255972906421,0.3435831927708148,0.13010742227567063,0.08069977455754662,0.04292737317594648,0.18482710626717927,0.08234598848031251,-0.340912719008516,-0.29576068726326077,0.13877245402101007,0.11342137462550803,-0.29576068726326077,0.16053904957682874,0.2343957932261195,0.31123582222507246,-0.185856546083471,0.10049155779129534,0.011947512192580884,0.35446058343711656,0.5257667709770463,-0.5586209919067131,-0.3361332228510593,0.22839243110449803,0.11342137462550803,-0.30518609054228785,0.5789989698762965,-0.5811622994915325,0.10049155779129534,-0.5811622994915325,0.13566632849186203,-0.5811622994915325,0.055448450569957286,0.49251920088241846,0.3805140344205437,-0.305244311207934,0.49251920088241846,-0.26094131476248694,0.23365081977823726,-0.09947123929897743,0.014354719923731787,0.31527684263211225,0.5299029818138736,0.20505347265253374,-0.10527404541702341,-0.45495704744320103,0.11342137462550803,-0.45495704744320103,-0.5239973521748443,-0.5334080568536805,-0.1803639339167665,0.059459577427362256,-0.3656789896353597,-0.5467133153408169,-0.5467133153408169,-0.1803639339167665,-0.10762304372251288,-0.1803639339167665,0.08691238063960807,0.5743907635080756,-0.23586568793569357,0.276855585848681,0.09705674113890586,-0.18242361416439,-0.013516280016446591,0.11524916767108045,0.06683596786910942,0.23870978749649538,-0.5518472166670926,-0.17718596649320065,-0.5153652908521265,-0.5153652908521265,-0.08639541003259346,-0.3225485442945321,0.011947512192580884,0.06683596786910942,-0.013130184956538005,-0.05209985175263933,0.4431844610817371,0.2612955704518585,0.011947512192580884,0.15482119091500665,0.24357312239975798,-0.09987017950855527,0.2176497872571122,-0.4272738213013073,-0.30608433522817396,-0.4272738213013073,-0.41004581866943324,-0.3586606058820018,0.011947512192580884,-0.37185500180358105,0.06422761922978373,-0.41004581866943324,-0.13326289038882522,-0.1803639339167665,-0.1803639339167665,-0.3483631064811427,0.5038479202594174,0.2061567348755356,-0.39568750460665947,-0.18558515502600653,-0.3586606058820018,-0.5811622994915325,0.552463669184053,0.3228606330838176,-0.20093160955959904,0.30797729286954434,-0.5334080568536805,-0.30518609054228785,-0.30518609054228785,-0.4304914347064963,0.014980416428625439,-0.4594665233660568,0.45548453521266047,0.05945480644350509,0.08069977455754662,-0.4351018330894391,0.5728998767756693,-0.20475188382016327,-0.6273781670768046,0.7068658852345742,0.010827032026349584,0.5768004833470918,-0.05426270335411525,0.5405784196754262,-0.03144574419182138,-0.12059700752400358,-0.10527404541702341,-0.272101862325643,-0.272101862325643,-0.268457842608002,-0.21583054304000657,-0.10527404541702341,-0.16532728848786826,-0.38061134214077963,-0.20093160955959904,-0.12825427219091548,-0.6006698405329212,0.4397998718274813,0.4397998718274813,0.11291516760864284,0.5405784196754262,-0.3656789896353597,-0.23859853528510636,0.0326348806796398,-0.05140860860429335,0.5926958638416823,0.11291516760864284,0.6921117641947392,-0.20850754038526984,0.10049155779129534,-0.1803639339167665,-0.03279773143714351,-0.10527404541702341,-0.29018761491247885,-0.1803639339167665,0.5257667709770463,-0.374153282607647,0.35552859904407796,0.35552859904407796,-0.268457842608002,-0.16532728848786826,0.0013377086874222124,-0.26683749374909144,0.6120620098373222,0.059459577427362256,-0.5586209919067131,-0.05426270335411525,Case
MICH-01653,-0.337892600346932,-0.48637574976119263,0.06660016820826835,0.06660016820826835,0.06660016820826835,-0.34844987390564675,-0.4768434199961445,-0.19479536851036633,0.4238951032934836,0.15081851837395807,-0.013872622949474497,-0.31434157581372935,-0.3370214560296895,-0.4190265135656332,-0.15372008844429308,0.6072049592123616,-0.4447311868328359,-0.3228243901382556,0.4081557957775625,-0.3949733597316347,-0.3228243901382556,0.1375254401737028,-0.07484877169198433,0.12162558721485923,-0.29825452018714604,-0.45792598569450826,0.11988295469478917,0.39377778370162747,-0.3802753343651251,-0.49230616124872045,0.5881935906466124,-0.3870396895467684,-0.3949733597316347,0.6296534083166205,0.6466197302849875,0.31945713145752586,-0.45792598569450826,0.31945713145752586,0.044185172102057906,0.31945713145752586,-0.20430242528739806,-0.08881283877113492,-0.018774477299385372,-0.23357954614175047,-0.08881283877113492,-0.5064921253776073,-0.20945376574627683,-0.2739246714080975,-0.19258580983577428,0.5567763997416842,-0.3831539979701161,0.4411965129560964,0.6833530230483097,0.5715685960977027,-0.3949733597316347,0.5715685960977027,0.1691013718223711,-0.4998345444103099,-0.49014487976360016,-0.5282365191540151,0.5124519637214525,0.18280147500374624,0.18280147500374624,-0.49014487976360016,-0.43103612581955913,-0.49014487976360016,-0.2980694982895335,0.5273234683686702,-0.2740039603033573,-0.10757444178658261,0.44343285644257785,-0.27542033732177695,0.1435449457845458,-0.5255620904377942,-0.23420876001608285,0.48189430691587115,0.21073479359805192,-0.2762846108933003,-0.54725747763567,-0.54725747763567,-0.3131359603635509,0.5521546853865746,0.11988295469478917,-0.23420876001608285,-0.053944512621025835,-0.26450014390152526,0.07495443302235039,-0.4317651809308947,0.11988295469478917,0.43703404684434055,0.4480424405425934,-0.10524557148533206,0.48294070445104,-0.5360448901972329,-0.3420105608952532,-0.5360448901972329,-0.46127195939919935,-0.4869231510592279,0.11988295469478917,0.25127713167505633,-0.1744359021187591,-0.46127195939919935,-0.23891631602437569,-0.49014487976360016,-0.49014487976360016,0.3207951944580028,0.3497886367293272,0.2425608302630641,-0.5370845769768154,-0.4734007017125376,-0.4869231510592279,0.31945713145752586,-0.4018278413681683,0.45554650861997403,-0.1448256061775398,0.37656021848494214,-0.4998345444103099,0.6296534083166205,0.6296534083166205,0.16574826084777047,-0.30381418247062536,-0.44690322606065014,-0.33215548803709266,-0.390754471521457,-0.3370214560296895,-0.2015779764748028,-0.49341323973525497,0.6281767399052913,-0.34252406053217377,0.39494112323953795,0.37504323658678135,0.6301953172111745,0.6391371599065501,-0.477358834750848,0.3704751607400109,-0.5088924620215701,0.6833530230483097,-0.246656259643379,-0.246656259643379,-0.48637574976119263,-0.5374645762741976,0.6833530230483097,-0.44157398604003945,-0.35550389674563804,-0.1448256061775398,-0.5179439599451681,0.05661027651235256,-0.041546816190735046,-0.041546816190735046,-0.42024165363519667,-0.477358834750848,0.5124519637214525,-0.4829931256510223,-0.3886775706645214,0.1230825713817261,-0.5737133365002691,-0.42024165363519667,0.01705566992428476,-0.32113036515321214,-0.45792598569450826,-0.49014487976360016,0.6937707125309326,0.6833530230483097,-0.09321601175444605,-0.49014487976360016,-0.3802753343651251,0.22290390606863836,0.055807283276170856,0.055807283276170856,-0.48637574976119263,-0.44157398604003945,0.18364978625135825,-0.1720145493964031,-0.4653459319474131,-0.5282365191540151,-0.49230616124872045,0.6391371599065501,Case
MICH-01654,-0.1067633074871318,-0.12192204747299766,0.46230403932299924,0.46230403932299924,0.46230403932299924,0.16625398765560995,-0.32097362249719863,0.7129362315907766,0.2762018505913038,-0.42679215207967036,0.37413105021672693,-0.5009965401250415,-0.5155969535540064,-0.44994525612090963,0.4485435821993226,-0.6005457196132201,-0.3002006666371142,-0.02785938562810853,0.28589592093704297,-0.620626707954405,-0.02785938562810853,0.38554719064441656,0.5983246832672322,0.40418673546042844,-0.3376788234711257,-0.17365558187550972,-0.5112291542695363,0.1236949026020684,-0.27424334099290587,-0.24242783431691986,-0.5550069643629325,0.5058190844691262,-0.620626707954405,-0.588196831625073,0.6069957539300519,-0.12605098643317952,-0.17365558187550972,-0.12605098643317952,-0.267575598009419,-0.12605098643317952,0.458411299393116,-0.4852685518974254,-0.004365168201287754,-0.2508226029430685,-0.4852685518974254,-0.43384343144381204,0.46945184727800243,0.42808207449465197,0.4240286521869239,-0.6302299448873157,0.4142152919102488,-0.6294855096226321,-0.21555194563875393,-0.5220128202861242,-0.620626707954405,-0.5220128202861242,-0.19824272053463915,-0.6001123496519242,-0.34788680612365214,-0.2945580021888345,-0.008544105705936297,-0.5228156504324291,-0.5228156504324291,-0.34788680612365214,-0.20303496621764458,-0.34788680612365214,-0.5669053235443315,0.6385328315169461,-0.13737762656438568,-0.03550165297553793,0.2531488350508914,-0.32261151351712813,0.4769721859658533,0.3430540141297336,-0.5718120066746538,0.2818139734192386,0.009195566385323354,-0.3114725827651954,-0.4802497368393961,-0.4802497368393961,-0.345912612807279,0.09681267679729726,-0.5112291542695363,-0.5718120066746538,-0.5336433185552568,-0.4022994785430649,0.08247773240065105,0.5856777523696733,-0.5112291542695363,0.17567376977582627,-0.09003439872253532,-0.40566455961048403,0.27342402473743804,0.7442595279033811,-0.33604735924553847,0.7442595279033811,-0.28020492413533504,0.625762021688936,-0.5112291542695363,-0.20783167607359992,-0.5506708621157596,-0.28020492413533504,-0.3486138633899311,-0.34788680612365214,-0.34788680612365214,-0.5423299456175419,-0.15939990559069706,0.26552467371184535,0.5029036558753014,-0.17342852498284853,0.625762021688936,-0.12605098643317952,-0.10177728920225285,-0.08225194822899332,-0.2322571345813304,-0.09870157994677037,-0.6001123496519242,-0.588196831625073,-0.588196831625073,-0.23554387201595292,0.09107794623510365,-0.30331911072299317,-0.00826724656811784,-0.2721507567474794,-0.5155969535540064,0.7225052928772774,-0.5160442387787597,0.5286767146908214,0.007423503513670502,0.3592148457126889,0.3333403918660796,0.4478609931709616,0.18909447335765958,0.18978937365847973,-0.19753299778676808,0.22069300844369352,-0.21555194563875393,-0.3051426747431337,-0.3051426747431337,-0.12192204747299766,-0.269824148077418,-0.21555194563875393,-0.19770637239244146,-0.5104500262961684,-0.2322571345813304,-0.18182206877706655,0.135314333098394,-0.3703166634577199,-0.3703166634577199,-0.1179309960914508,0.18978937365847973,-0.008544105705936297,-0.23082820021467415,-0.22212208359943908,-0.39559652250635874,-0.5604654926122385,-0.1179309960914508,0.01218839704357669,0.058725990323592436,-0.17365558187550972,-0.34788680612365214,-0.593754331460632,-0.21555194563875393,-0.4143735502430233,-0.34788680612365214,-0.27424334099290587,0.13137652266367975,0.2123902577835959,0.2123902577835959,-0.12192204747299766,-0.19770637239244146,-0.3691901180844862,-0.32082296579416175,-0.051712734473964427,-0.2945580021888345,-0.24242783431691986,0.18909447335765958,Case
MICH-01655,0.15478991940412806,-0.369884780542118,-0.19202045262856512,-0.19202045262856512,-0.19202045262856512,-0.5811145602114268,0.30770705924933506,-0.45603870880517383,-0.08757124192279221,0.4374016740384462,-0.1320928640655214,-0.21079570108697074,0.1424317941659409,0.13579231603372227,-0.2698412229419898,0.4522383714825445,0.4912204214807432,0.48958758391941853,0.41669721013545896,-0.2351971352266407,0.48958758391941853,-0.06740296414369758,0.2941688329494428,0.18624325121025276,0.020676922788278495,0.2707194874305043,-0.5659804173870465,0.043742496553016805,0.21064809420674632,0.6822914948689559,0.10628736192259473,-0.16830149699540023,-0.2351971352266407,0.13730065592447913,0.13847058093544284,-0.19197969313531904,0.2707194874305043,-0.19197969313531904,0.41259173315916176,-0.19197969313531904,0.18819286783121913,0.5402687489156413,0.021703467286073252,0.2552739636058202,0.5402687489156413,0.4465191219273205,-0.22196942237020642,-0.1367867292525662,-0.156077687982592,0.681280034086947,0.21610096021262618,0.14817460761732593,-0.029355170377169778,0.29780823377574556,-0.2351971352266407,0.29780823377574556,-0.2858360627990518,-0.18923528990051958,0.2934730491132062,0.3601212945945276,-0.2635586783738044,-0.301096219042618,-0.301096219042618,0.2934730491132062,0.2885101606441737,0.2934730491132062,-0.23515669363072841,0.0971953459897932,0.2009818586077488,-0.2791257011696342,-0.17852364014266167,-0.11858687364165658,0.2769139977739073,-0.16912899163334658,-0.2542801744964213,0.18146744318407718,-0.36065627212464546,-0.07728947169994341,-0.5525945555231158,-0.5525945555231158,-0.2916774866554859,0.593443514828331,-0.5659804173870465,-0.2542801744964213,-0.3014599473149061,-0.3996134268295055,-0.1841259430174009,-0.1285769711803021,-0.5659804173870465,0.13797448681954413,-0.07214259670603172,-0.4051598525174667,0.18570544863782446,-0.36910327823820277,0.656021095205988,-0.36910327823820277,-0.6040274947267363,-0.41955411944133103,-0.5659804173870465,-0.1977052264210103,-0.38864060232568026,-0.6040274947267363,-0.08675918657643826,0.2934730491132062,0.2934730491132062,-0.08478134016265437,0.13964548608171928,-0.2379541742788268,-0.4902302792789589,-0.45676220060977596,-0.41955411944133103,-0.19197969313531904,-0.3312520845129641,0.15392538318491145,-0.5730254067818012,0.11126339582158565,-0.18923528990051958,0.13730065592447913,0.13730065592447913,-0.044309212469710126,0.10139421007077508,-0.28971587696882306,-0.3684804072273264,0.43229441831042886,0.1424317941659409,-0.3941268650871243,0.6241100340516125,0.3413876727149624,-0.19379191097460183,0.49734611038364157,0.14794895245814046,0.24283708556726605,-0.48223839484461434,-0.49332932629138293,0.1501470471999835,-0.041777046478335786,-0.029355170377169778,-0.3938628731264892,-0.3938628731264892,-0.369884780542118,-0.4033297235649444,-0.029355170377169778,-0.40152334185102007,-0.4226205707642976,-0.5730254067818012,-0.3631474223463686,-0.26941353720813616,-0.5559673613066533,-0.5559673613066533,0.21226925180982809,-0.49332932629138293,-0.2635586783738044,-0.2946802115316917,-0.4242872038668281,-0.16723291252524589,-0.28572296366075217,0.21226925180982809,-0.2578685620512416,-0.15686751573576244,0.2707194874305043,0.2934730491132062,0.23503279788218498,-0.029355170377169778,0.8489074146417454,0.2934730491132062,0.21064809420674632,-0.3227133448529822,-0.46110217801922015,-0.46110217801922015,-0.369884780542118,-0.40152334185102007,-0.2891278078442424,0.10610712961266985,0.22969702115683224,0.3601212945945276,0.6822914948689559,-0.48223839484461434,Case
