database_identifier,Hemostasis,Neurotransmitter release cycle,Transmission across Chemical Synapses,Neuronal System,Metabolism,Synthesis of PC,Glycerophospholipid biosynthesis,Phospholipid metabolism,Phase II - Conjugation of compounds,Signal Transduction,Triglyceride catabolism,Integration of energy metabolism,Disease,Immune System,Cholesterol biosynthesis,Digestion of dietary lipid,Metabolism of vitamins and cofactors,Biological oxidations,Cytochrome P450 - arranged by substrate type,Phase I - Functionalization of compounds,Visual phototransduction,Peptide hormone metabolism,Hydroxycarboxylic acid-binding receptors,Signaling by GPCR,Class A/1 (Rhodopsin-like receptors),Olfactory Signaling Pathway,"Synthesis, secretion, and inactivation of Glucagon-like Peptide-1 (GLP-1)",Transport of small molecules,GPCR downstream signalling,Metabolism of proteins,Free fatty acids regulate insulin secretion,"Incretin synthesis, secretion, and inactivation","Synthesis, secretion, and inactivation of Glucose-dependent Insulinotropic Polypeptide (GIP)",G alpha (q) signalling events,G alpha (i) signalling events,Regulation of insulin secretion,"Transport of bile salts and organic acids, metal ions and amine compounds","Transport of vitamins, nucleosides, and related molecules",SLC-mediated transmembrane transport,Passive transport by Aquaporins,Fatty Acids bound to GPR40 (FFAR1) regulate insulin secretion,Free fatty acid receptors,Aquaporin-mediated transport,GPCR ligand binding,Organic cation/anion/zwitterion transport,Metabolism of lipids,SLC transporter disorders,Defective SLC27A4 causes ichthyosis prematurity syndrome (IPS),Disorders of transmembrane transporters,Metabolism of fat-soluble vitamins,Metabolism of amino acids and derivatives,Metabolism of carbohydrates,Transport of fatty acids,Digestion,Metabolism of steroids,Digestion and absorption,Triglyceride metabolism,Sensory Perception,Sensory perception of taste,"Sensory perception of sweet, bitter, and umami (glutamate) taste",Retinoid metabolism and transport,group_type
4,0.36965116098267065,0.18688012051877406,0.18688012051877406,0.18688012051877406,0.17707283500302062,-0.5553251872413314,-0.024651028474087493,-0.024651028474087493,0.0946446490859202,0.22954068236865238,0.36965116098267065,-0.6366397562040179,0.24715890927933326,-0.24154585683394686,-0.24154585683394686,0.36965116098267065,0.12654078567954563,-0.18190704439150437,-0.3351375315163386,-0.3351375315163386,0.6371087936641984,-0.5320749259209117,0.29901949698866986,0.20644467473312442,0.23971421680102278,-0.5952075935309714,0.5693618692631541,0.1440817377878243,0.20644467473312442,-0.5320749259209117,-0.6366397562040179,0.5693618692631541,-0.6366397562040179,-0.5246301105340232,0.21134616934634864,-0.6366397562040179,-0.5037110586984433,0.6231932171527063,0.12364028419445898,-0.3782996484605749,-0.6366397562040179,0.5693618692631541,-0.3782996484605749,0.2238029549051943,0.695929338178976,-0.12344934587532413,0.3332291745136491,0.6780287324367045,0.33437849418199117,0.6371087936641984,-0.4281893076832886,-0.297341090057801,0.6780287324367045,0.36965116098267065,-0.24154585683394686,0.36965116098267065,0.36965116098267065,0.1498785540777228,-0.30519330436346687,-0.30519330436346687,0.6371087936641984,Case
9,-0.3959867983040444,-0.5575515395779654,-0.5575515395779654,-0.5575515395779654,-0.22665648185072104,-0.11998989084449879,-0.3519348978769529,-0.3519348978769529,-0.1435838160777182,-0.4807900689586146,-0.3959867983040444,0.5828909135008444,0.09764535877541174,-0.5164414172414331,-0.5164414172414331,-0.3959867983040444,-0.515132166652087,-0.052327843358854716,0.09924342761662591,0.09924342761662591,-0.6017036038353146,0.43704988388923044,0.6143654748780221,-0.4947640364307395,-0.44806470086154754,-0.46997281829389853,-0.47864449615751975,0.1725159516828552,-0.4947640364307395,0.43704988388923044,0.5828909135008444,-0.47864449615751975,0.5828909135008444,0.4643752527577836,0.6673366971648904,0.5828909135008444,-0.36526549892394133,0.17115344761992207,0.19935733815181456,-0.37742982614394616,0.5828909135008444,-0.47864449615751975,-0.37742982614394616,-0.47894019395481857,0.6404816041425317,-0.37466636774470075,-0.4066402199814885,-0.49349608758703745,-0.41050730466704705,-0.6017036038353146,-0.3415011889431713,0.06703712700162168,-0.49349608758703745,-0.3959867983040444,-0.5164414172414331,-0.3959867983040444,-0.3959867983040444,0.596736648135965,-0.3797031468736338,-0.3797031468736338,-0.6017036038353146,Case
12,0.6615650582316417,-0.07102217430557108,-0.07102217430557108,-0.07102217430557108,-0.30317785042967427,0.09678703630897081,0.2149258773885417,0.2149258773885417,0.08924590960447397,0.05733019542291572,0.6615650582316417,-0.018178298472492204,0.008836248153616595,-0.048722763927743495,-0.048722763927743495,0.6615650582316417,0.31519597319395537,0.12906893115274115,0.35454939407377595,0.35454939407377595,0.6023999306048535,0.08378311229385958,0.3759935145623458,0.022015947795987333,-0.046096725331196034,-0.36859659116655635,0.0027740926135326285,-0.014699926220578747,0.022015947795987333,0.08378311229385958,-0.018178298472492204,0.0027740926135326285,-0.018178298472492204,-0.02251163693587047,0.3198481109154838,-0.018178298472492204,-0.5577095540679421,0.0736177066853808,-0.17859759060794442,-0.04986744297255509,-0.018178298472492204,0.0027740926135326285,-0.04986744297255509,-0.07406421114377024,0.4959260210103188,0.27703150038535407,-0.00018838300569206192,0.11972132714917263,0.06263912759603958,0.6023999306048535,-0.4891344895046948,-0.4737761399615911,0.11972132714917263,0.6615650582316417,-0.048722763927743495,0.6615650582316417,0.6615650582316417,0.07157747941291487,-0.6243104465021377,-0.6243104465021377,0.6023999306048535,Case
14,0.3961755920840747,0.03798168443309222,0.03798168443309222,0.03798168443309222,-0.33283223145700064,-0.4018313800953239,0.012345269227600772,0.012345269227600772,0.359151462035961,0.15030843659324442,0.3961755920840747,6.74996462500657e-05,-0.0020890590680011784,-0.22978451960714,-0.22978451960714,0.3961755920840747,-0.5930773287186656,0.21189171751431005,0.053574867328186324,0.053574867328186324,-0.6385611590305775,-0.04773739037108263,0.40354887482195784,0.16991507993495436,0.09249940545406449,0.08486874757173729,0.11446829201842906,0.08331421876886268,0.16991507993495436,-0.04773739037108263,6.74996462500657e-05,0.11446829201842906,6.74996462500657e-05,-0.09679567623818479,-0.06165302338546118,6.74996462500657e-05,-0.15264165895575854,0.11365807063310958,0.11159133783855554,0.28049883185463964,6.74996462500657e-05,0.11446829201842906,0.28049883185463964,0.1622942300191689,0.5476456397377504,0.09126059495629496,0.12025040296364846,0.17108718386773467,0.08984809757972165,-0.6385611590305775,-0.011025284087806436,0.00680165991123404,0.17108718386773467,0.3961755920840747,-0.22978451960714,0.3961755920840747,0.3961755920840747,-0.028792225422375986,0.02008546825612623,0.02008546825612623,-0.6385611590305775,Case
20,-0.3045443663457151,-0.579947194310255,-0.579947194310255,-0.579947194310255,-0.09255048912181692,-0.46751183579232936,-0.20770572026021003,-0.20770572026021003,-0.37433312304616173,-0.19128730953709921,-0.3045443663457151,0.6619239119718151,-0.15296151368663302,-0.49414725199331777,-0.49414725199331777,-0.3045443663457151,-0.5161158877137113,0.03360946962261707,0.39412307772823174,0.39412307772823174,-0.5901672998989708,0.6158392519251236,-0.46393845320297605,-0.1606415073818806,-0.17277304440944027,-0.23869804716169007,-0.5860807928674548,0.017138108881413434,-0.1606415073818806,0.6158392519251236,0.6619239119718151,-0.5860807928674548,0.6619239119718151,0.582168318976349,-0.4734399527420514,0.6619239119718151,0.5018102066636044,0.022429615378126797,0.07199644046436077,0.3889566679700733,0.6619239119718151,-0.5860807928674548,0.3889566679700733,-0.18353643074874662,-0.2289309028459092,-0.2820649493173103,-0.4499093286289579,-0.4620519364285182,-0.4484001541550681,-0.5901672998989708,0.5708026826115122,-0.19925048753305036,-0.4620519364285182,-0.3045443663457151,-0.49414725199331777,-0.3045443663457151,-0.3045443663457151,0.46401484329868803,-0.44091478851669236,-0.44091478851669236,-0.5901672998989708,Case
24,-0.07439225607606112,-0.6088711516009087,-0.6088711516009087,-0.6088711516009087,-0.07265089353032055,-0.6176526995572226,-0.1641358876906931,-0.1641358876906931,-0.21237076350915102,-0.11808050041772973,-0.07439225607606112,0.6130269912006806,-0.17921785378901414,-0.41560854967134325,-0.41560854967134325,-0.07439225607606112,-0.36641098879675654,0.016133706575785625,0.333994811750023,0.333994811750023,-0.6424814898083546,0.5751438190910516,-0.5254810798359294,-0.08805728538136402,-0.09712293357761545,-0.12604509585338727,-0.5414056320423807,-0.07615116853634363,-0.08805728538136402,0.5751438190910516,0.6130269912006806,-0.5414056320423807,0.6130269912006806,0.5513242355505694,-0.5582528063686074,0.6130269912006806,0.10863735568622288,-0.047064103368264165,-0.019945357902309335,-0.07133746287988975,0.6130269912006806,-0.5414056320423807,-0.07133746287988975,-0.11093407417976345,-0.271760642897474,-0.1036993951553286,-0.40271785232007434,-0.5467690287661244,-0.41297165621670634,-0.6424814898083546,-0.08698296369763474,-0.3969028894392669,-0.5467690287661244,-0.07439225607606112,-0.41560854967134325,-0.07439225607606112,-0.07439225607606112,0.3707315944472735,-0.5623353477943951,-0.5623353477943951,-0.6424814898083546,Case
26,0.7215117690937192,-0.5942915273333704,-0.5942915273333704,-0.5942915273333704,-0.23937757393628303,0.21314028466445212,0.4026194545923538,0.4026194545923538,-0.37936945133229744,-0.29148407594026,0.7215117690937192,0.6374291998936863,-0.4747247842899824,-0.3133884431116122,-0.3133884431116122,0.7215117690937192,-0.47363195336324293,-0.06169777319629749,0.4328244091274806,0.4328244091274806,-0.5824875134015931,0.5681992750769095,0.2536277611265295,-0.2879018003375012,-0.4222053580263299,0.03856580170597906,-0.5117668556311017,-0.005983852910704026,-0.2879018003375012,0.5681992750769095,0.6374291998936863,-0.5117668556311017,0.6374291998936863,0.4023808359090958,0.22337460731038625,0.6374291998936863,0.6119079504026034,-0.44036210256794717,-0.06994654479206577,0.7716757513825587,0.6374291998936863,-0.5117668556311017,0.7716757513825587,-0.44298146368126873,-0.2269075483234149,0.5166211191519581,-0.5011860165605811,-0.4926034879644898,-0.4924116127315143,-0.5824875134015931,0.7065672241754904,-0.38523081462652387,-0.4926034879644898,0.7215117690937192,-0.3133884431116122,0.7215117690937192,0.7215117690937192,0.35029057901184396,-0.3628478208326102,-0.3628478208326102,-0.5824875134015931,Case
27,0.6922928878585681,-0.32986214460027613,-0.32986214460027613,-0.32986214460027613,-0.4064341884938799,0.34521186843692114,0.598584227078221,0.598584227078221,-0.2706958456659864,-0.04797604269278615,0.6922928878585681,0.32656487052421274,-0.3307738619536128,-0.45008813905826733,-0.45008813905826733,0.6922928878585681,-0.509760042791482,0.39920213384518893,0.6434147352665932,0.6434147352665932,-0.6181478443816468,0.35705963186377815,-0.36177031464814285,-0.024685538177698932,-0.07684295931795833,0.3772379674285699,-0.24966606234016972,0.1456759781194118,-0.024685538177698932,0.35705963186377815,0.32656487052421274,-0.24966606234016972,0.32656487052421274,0.20007189359523544,-0.34930907274693124,0.32656487052421274,0.4919587020144282,-0.2500006967969121,0.11736940535565317,0.7715818709908007,0.32656487052421274,-0.24966606234016972,0.7715818709908007,-0.11140796913968232,-0.2172852248939997,0.1846140188939715,-0.28760205564061686,-0.23671725870202148,-0.3091635587039619,-0.6181478443816468,0.5721407672109468,-0.40307519627650984,-0.23671725870202148,0.6922928878585681,-0.45008813905826733,0.6922928878585681,0.6922928878585681,-0.08396580417322742,-0.4660332083402835,-0.4660332083402835,-0.6181478443816468,Case
31,0.31950017553318955,-0.5084991224090288,-0.5084991224090288,-0.5084991224090288,-0.3362188925236914,0.3913232631314142,0.5387683905088421,0.5387683905088421,-0.15791732219156718,-0.13085371325354797,0.31950017553318955,0.4291330438927682,-0.20320252675875322,-0.39515407391398044,-0.39515407391398044,0.31950017553318955,-0.5288351366178038,0.24504045221773485,0.42440707628308416,0.42440707628308416,-0.44585916732530234,0.42478996053166396,0.44982785392979974,-0.13341325295721687,-0.2780586746224507,-0.17140263902352734,-0.32321862803978263,0.07386102006361107,-0.13341325295721687,0.42478996053166396,0.4291330438927682,-0.32321862803978263,0.4291330438927682,0.18284689435279294,0.4142212759023417,0.4291330438927682,0.4120219320419787,-0.19943643511736803,0.01566654133519785,0.6825945419446238,0.4291330438927682,-0.32321862803978263,0.6825945419446238,-0.31942943987862427,0.09498862284393661,0.454457687785218,-0.38584912217059414,-0.3555079280581578,-0.34526975435267515,-0.44585916732530234,0.7210571843372591,-0.290214924376122,-0.3555079280581578,0.31950017553318955,-0.39515407391398044,0.31950017553318955,0.31950017553318955,0.4558775390793318,-0.6079454273353904,-0.6079454273353904,-0.44585916732530234,Case
34,0.6130954896356279,-0.4612704585111493,-0.4612704585111493,-0.4612704585111493,-0.2411172611061651,0.10727919014244099,0.25217496273946427,0.25217496273946427,-0.5530766225761259,-0.1621182877827932,0.6130954896356279,0.13362923499355286,-0.3343152588757051,-0.41663615548005856,-0.41663615548005856,0.6130954896356279,-0.14481174093458934,-0.16395102036340609,0.41044466962229115,0.41044466962229115,0.003949223727457439,0.30727136960133006,0.5122955286351197,-0.15630650309037625,-0.33228150250297106,0.5493372364326996,-0.30858239980611485,-0.06085823522412288,-0.15630650309037625,0.30727136960133006,0.13362923499355286,-0.30858239980611485,0.13362923499355286,0.18541653168463706,0.47570130000634236,0.13362923499355286,0.02202157217929496,-0.3450360372543652,-0.2424898916046339,0.2091363124177556,0.13362923499355286,-0.30858239980611485,0.2091363124177556,-0.346031205165026,-0.08640471298234902,0.3691710425198055,-0.3732311331513022,-0.3421909605422945,-0.3658463249875106,0.003949223727457439,0.11485864793637386,-0.38302438708736997,-0.3421909605422945,0.6130954896356279,-0.41663615548005856,0.6130954896356279,0.6130954896356279,-0.2815415351292298,0.3786612934138323,0.3786612934138323,0.003949223727457439,Case
36,-0.3745863397085626,-0.5546898473316995,-0.5546898473316995,-0.5546898473316995,0.46093762062633675,0.3524282126306793,-0.03249229402034986,-0.03249229402034986,-0.5370107047807041,-0.38847776119338034,-0.3745863397085626,0.3619534286439364,-0.5037322451251831,-0.5135229812768073,-0.5135229812768073,-0.3745863397085626,-0.5306916613767926,-0.4857650304963342,-0.2141176426811614,-0.2141176426811614,-0.6477003533121769,0.354107875916086,-0.29688509234736077,-0.36931824125426926,-0.3512557397468505,-0.3970411684949927,-0.4280502245037822,-0.5187742807434752,-0.36931824125426926,0.354107875916086,0.3619534286439364,-0.4280502245037822,0.3619534286439364,0.4441798182791075,-0.27352568221568746,0.3619534286439364,-0.4457034498715954,-0.49813362147818,-0.49542675188812435,-0.5194191719306162,0.3619534286439364,-0.4280502245037822,-0.5194191719306162,-0.35492360636657516,0.19210216075892583,-0.026811102190643275,-0.4794743662790814,-0.4740465287133371,-0.4977603624373372,-0.6477003533121769,-0.4910510315714391,0.1789772084011947,-0.4740465287133371,-0.3745863397085626,-0.5135229812768073,-0.3745863397085626,-0.3745863397085626,0.37386859272544615,0.5141938089245086,0.5141938089245086,-0.6477003533121769,Case
38,0.38531218053417615,-0.5599464791564196,-0.5599464791564196,-0.5599464791564196,-0.216460121372363,0.4648073107481202,0.5897940696054983,0.5897940696054983,-0.3602996148628689,-0.04168754114547707,0.38531218053417615,0.33757026369312015,-0.037463973067396655,-0.41509446104306524,-0.41509446104306524,0.38531218053417615,-0.3457346548164495,-0.16754997568932237,0.06563644492170154,0.06563644492170154,-0.18941161578104174,0.39843777256254953,-0.2691529926438781,-0.020746579489807487,-0.19337927046649023,-0.5214248820018107,-0.4190537490359505,0.10930857928386564,-0.020746579489807487,0.39843777256254953,0.33757026369312015,-0.4190537490359505,0.33757026369312015,0.2077177746393784,-0.25068482258371794,0.33757026369312015,-0.25616222258215904,0.12059259488728542,0.09946586646159554,0.19235605517875903,0.33757026369312015,-0.4190537490359505,0.19235605517875903,-0.19021359341735924,0.1973282010611303,0.5370379762308228,-0.46770644783823295,-0.4264057559459033,-0.43269536787903107,-0.18941161578104174,-0.13275387389470128,-0.23647626951102946,-0.4264057559459033,0.38531218053417615,-0.41509446104306524,0.38531218053417615,0.38531218053417615,0.3682821705658723,0.1594647093042932,0.1594647093042932,-0.18941161578104174,Case
39,-0.24318064701322584,-0.3741267001591165,-0.3741267001591165,-0.3741267001591165,0.3665694926968443,-0.2584301732332854,-0.13915813770482643,-0.13915813770482643,-0.35421761548625974,-0.24529078381585465,-0.24318064701322584,-0.27977865274494684,-0.31511296312236103,-0.5040057415523322,-0.5040057415523322,-0.24318064701322584,0.04076828716173405,-0.15646884513794979,0.020978468470284697,0.020978468470284697,0.20134449885586947,0.1877201909965108,0.1772463349049592,-0.23339537165043633,-0.25745741725386345,0.529280815588176,-0.18416386003913043,-0.37206213575452624,-0.23339537165043633,0.1877201909965108,-0.27977865274494684,-0.18416386003913043,-0.27977865274494684,0.2218414902016113,0.08106272793441777,-0.27977865274494684,-0.41998127166731697,-0.30099546642196356,-0.36872892611654273,-0.5292475380882231,-0.27977865274494684,-0.18416386003913043,-0.5292475380882231,-0.21185029192570454,0.13608499657316608,-0.2065097232204677,-0.29278262612742384,-0.24130287171761358,-0.31094212265240867,0.20134449885586947,-0.4329212191415421,0.0392999877524863,-0.24130287171761358,-0.24318064701322584,-0.5040057415523322,-0.24318064701322584,-0.24318064701322584,-0.33380598792041105,0.05605764969398413,0.05605764969398413,0.20134449885586947,Case
40,-0.05990938804004097,-0.24523628005381937,-0.24523628005381937,-0.24523628005381937,0.11142702793689349,0.6406065120989778,0.5100739299858696,0.5100739299858696,-0.34353447332170906,-0.24227859184601316,-0.05990938804004097,0.10852933280896403,-0.32632204510442747,-0.21299469886742017,-0.21299469886742017,-0.05990938804004097,-0.5172300977192557,-0.37487763582854955,-0.4603571088918791,-0.4603571088918791,-0.47068152778978956,0.10283881752134642,-0.12310032097357983,-0.23710178485222788,-0.20622901815451464,-0.4783374084550984,-0.148837144820873,-0.2947057125684719,-0.23710178485222788,0.10283881752134642,0.10852933280896403,-0.148837144820873,0.10852933280896403,0.19886692152729607,-0.1161163844865615,0.10852933280896403,-0.19489465276476428,-0.30184267496490386,-0.32158442143256294,-0.47892699935617244,0.10852933280896403,-0.148837144820873,-0.47892699935617244,-0.2214007606714398,-0.15378175845753686,0.48119454893809105,-0.21139669225459493,-0.14754827571167106,-0.21569447105024558,-0.47068152778978956,-0.15800475460998928,-0.47036203892120654,-0.14754827571167106,-0.05990938804004097,-0.21299469886742017,-0.05990938804004097,-0.05990938804004097,0.34626679083593104,0.2958666293970862,0.2958666293970862,-0.47068152778978956,Case
41,0.42214361769556247,-0.6147477985131053,-0.6147477985131053,-0.6147477985131053,0.20263060532850685,0.5576716464385072,0.6159560132886082,0.6159560132886082,-0.5036718103472351,-0.354259366187917,0.42214361769556247,0.3577528067619833,-0.5169517149794387,-0.4894140591857279,-0.4894140591857279,0.42214361769556247,-0.46582273435242677,-0.35150796535071094,0.017355135406675992,0.017355135406675992,-0.4612309616672197,0.43792285783035034,0.03681837486445932,-0.34903598930281393,-0.4360582123683722,0.4711963289429868,-0.49764003574716736,-0.3993108492558297,-0.34903598930281393,0.43792285783035034,0.3577528067619833,-0.49764003574716736,0.3577528067619833,0.4656872563508758,0.031109687780093122,0.3577528067619833,-0.3424802056761234,-0.5290770341466531,-0.5104593247972516,-0.22309394307898456,0.3577528067619833,-0.49764003574716736,-0.22309394307898456,-0.43583337663042604,0.24603725101451449,0.5214849849720109,-0.5310585671012775,-0.504459023670021,-0.5303231063331966,-0.4612309616672197,-0.2434216764101574,-0.263260134867044,-0.504459023670021,0.42214361769556247,-0.4894140591857279,0.42214361769556247,0.42214361769556247,-0.069899544766566,0.07271290500026484,0.07271290500026484,-0.4612309616672197,Case
43,0.01673307506322854,-0.30567191108918335,-0.30567191108918335,-0.30567191108918335,0.0307781789859392,0.29472582511563994,0.18527001569295465,0.18527001569295465,-0.5434801602502606,-0.01778370167042421,0.01673307506322854,-0.09084603194849725,-0.3552057488555238,0.5959690999839438,0.5959690999839438,0.01673307506322854,-0.2962415941334678,0.10309538599902937,-0.028672968377097964,-0.028672968377097964,-0.09735330000438892,0.08677604399174273,0.6567801618732827,0.004235010708158223,-0.35158703062142427,0.17935760546619625,-0.1748475642709105,-0.35779939105898506,0.004235010708158223,0.08677604399174273,-0.09084603194849725,-0.1748475642709105,-0.09084603194849725,0.218757517713728,-0.04737533453823299,-0.09084603194849725,-0.31606691476932475,-0.3286599511627537,-0.38870114480989865,-0.23861476722243757,-0.09084603194849725,-0.1748475642709105,-0.23861476722243757,0.02817529647815891,0.4977825448574891,0.19553730869009395,-0.2911160145803192,-0.21052720855581727,-0.30662762222768186,-0.09735330000438892,-0.1668180574118134,-0.18075297473201676,-0.21052720855581727,0.01673307506322854,0.5959690999839438,0.01673307506322854,0.01673307506322854,-0.13409201897905512,0.0560722731056837,0.0560722731056837,-0.09735330000438892,Case
42,0.1218500415689684,-0.5862400148036191,-0.5862400148036191,-0.5862400148036191,0.03159357155890196,0.5153453713905164,0.32784105863710983,0.32784105863710983,0.13055886808956083,-0.4704581113777849,0.1218500415689684,0.5625903485886109,-0.2912024644850193,-0.509137835122552,-0.509137835122552,0.1218500415689684,-0.5849237157349645,0.3236958794684707,0.5010103557854412,0.5010103557854412,-0.6466624260990536,0.5518127945209814,0.5145918916489766,-0.46539546659407527,-0.48325588329260244,-0.3138587451404821,-0.533757137147854,-0.19643959194916485,-0.46539546659407527,0.5518127945209814,0.5625903485886109,-0.533757137147854,0.5625903485886109,0.5467231518820888,0.46798520786521186,0.5625903485886109,-0.41665562159165914,-0.10162936800812855,-0.15664750342955708,-0.3774635233382672,0.5625903485886109,-0.533757137147854,-0.3774635233382672,-0.5000527544623867,0.31064576200981553,0.3895481367685949,-0.5253742892074942,-0.5033194593287669,-0.5357952590689881,-0.6466624260990536,-0.3568339667087448,0.07578113196800261,-0.5033194593287669,0.1218500415689684,-0.509137835122552,0.1218500415689684,0.1218500415689684,0.4895549090742822,0.16387492352675584,0.16387492352675584,-0.6466624260990536,Case
44,0.20840138852187856,-0.3463824968326886,-0.3463824968326886,-0.3463824968326886,-0.07812590883935153,0.6683891040750345,0.43035508033898007,0.43035508033898007,-0.014811885444799203,-0.1661532249574182,0.20840138852187856,-0.37364853330453096,-0.09521945361972808,-0.24000168055283613,-0.24000168055283613,0.20840138852187856,0.23682652754248407,0.05602477919952406,0.3094898429923929,0.3094898429923929,0.49164472193059516,0.10941937840374953,0.3397921510087964,-0.192888644339465,-0.1759321232502456,0.6018361408398945,-0.073805626120244,0.060186370010319325,-0.192888644339465,0.10941937840374953,-0.37364853330453096,-0.073805626120244,-0.37364853330453096,0.10954285626853967,0.29637551739641166,-0.37364853330453096,0.12659667069994335,0.03929153629900503,0.08487660020717556,-0.4858884863945818,-0.37364853330453096,-0.073805626120244,-0.4858884863945818,-0.18704548378180466,-0.2707714777457397,0.4388151523207501,-0.2339948813166295,-0.18164180111796596,-0.19954028315138356,0.49164472193059516,0.19531433303812912,-0.0867082483961012,-0.18164180111796596,0.20840138852187856,-0.24000168055283613,0.20840138852187856,0.20840138852187856,-0.2851165388444519,-0.49810145386304544,-0.49810145386304544,0.49164472193059516,Case
46,-0.4184941812365198,-0.5923915766463824,-0.5923915766463824,-0.5923915766463824,0.38298968570801756,0.18088696819633868,-0.06068507804682244,-0.06068507804682244,0.516379746412163,-0.4897425849469641,-0.4184941812365198,0.4111940481532166,-0.42969560129702117,-0.3900705864887296,-0.3900705864887296,-0.4184941812365198,-0.4147348321964373,0.29317977848118004,-0.0696000223675052,-0.0696000223675052,-0.39836845798250664,0.505298620618634,0.38664147940976723,-0.4945907307347684,-0.5023957878518406,0.5625958645089949,-0.5036837567382285,-0.5095262510046552,-0.4945907307347684,0.505298620618634,0.4111940481532166,-0.5036837567382285,0.4111940481532166,0.4907743457351386,0.32712959880531967,0.4111940481532166,-0.5043974402469008,-0.49863590920575407,-0.5152238019851937,-0.5081467348521853,0.4111940481532166,-0.5036837567382285,-0.5081467348521853,-0.49649743435209615,0.4250685548139437,-0.22974888111918831,-0.4916436925657039,-0.473596831362593,-0.4813917181736278,-0.39836845798250664,-0.4495106810344606,0.13595417575801003,-0.473596831362593,-0.4184941812365198,-0.3900705864887296,-0.4184941812365198,-0.4184941812365198,-0.10929964141383659,-0.41474224405567794,-0.41474224405567794,-0.39836845798250664,Case
47,0.023903708804805694,-0.47017258419006375,-0.47017258419006375,-0.47017258419006375,0.2633383683248945,0.6639408486643514,0.42183596402439355,0.42183596402439355,-0.018424658393817055,-0.16338591632835342,0.023903708804805694,-0.1752542636597213,0.12754011401383897,-0.18122580474831523,-0.18122580474831523,0.023903708804805694,0.12203185899030937,-0.23808273854202497,-0.2678642720894595,-0.2678642720894595,-0.04051093239331797,0.16995334445760954,-0.34597391395154764,-0.180231829972467,-0.15081075174845487,0.551763019531977,-0.1928294127126796,-0.2304939198042878,-0.180231829972467,0.16995334445760954,-0.1752542636597213,-0.1928294127126796,-0.1752542636597213,0.23158468339319585,-0.3134741769238229,-0.1752542636597213,0.05117581955443685,-0.41210917560622773,-0.25426491537008905,-0.5228996957433959,-0.1752542636597213,-0.1928294127126796,-0.5228996957433959,-0.15027905976585204,-0.5463095951016596,0.42627668084007564,-0.21830270836130633,-0.34663889015771265,-0.19849977231242608,-0.04051093239331797,-0.12575775273919396,0.0823502092059772,-0.34663889015771265,0.023903708804805694,-0.18122580474831523,0.023903708804805694,0.023903708804805694,-0.3200254451255526,-0.448539375064902,-0.448539375064902,-0.04051093239331797,Case
48,0.5706568710651678,0.039395178363898255,0.039395178363898255,0.039395178363898255,-0.3818699537831354,0.41909789252241636,0.5091491926455596,0.5091491926455596,0.02075478497169582,0.3617834666299449,0.5706568710651678,-0.48294508222855453,0.2357284115137329,0.6316217091502079,0.6316217091502079,0.5706568710651678,0.5945521962649776,-0.1559550011341809,-0.09219420437316916,-0.09219420437316916,0.6960598225544691,-0.18553192749796232,-0.42224230940587343,0.3537969229056303,0.3143836795726682,0.43703704062998794,0.23277640058133392,0.42579319762683104,0.3537969229056303,-0.18553192749796232,-0.48294508222855453,0.23277640058133392,-0.48294508222855453,-0.23195996447182643,-0.44981983519914964,-0.48294508222855453,0.37715336990630977,0.3509847307105043,0.40812429546095935,0.580418516700785,-0.48294508222855453,0.23277640058133392,0.580418516700785,0.30261130087224286,-0.13654901789510396,0.3213034426702667,0.4779903954003064,0.40880740055649123,0.4848313862382941,0.6960598225544691,0.45201758595274705,-0.205292018588341,0.40880740055649123,0.5706568710651678,0.6316217091502079,0.5706568710651678,0.5706568710651678,-0.4757798128720647,-0.5732408040545228,-0.5732408040545228,0.6960598225544691,Case
56,0.7401618481145329,0.10232087184984023,0.10232087184984023,0.10232087184984023,-0.387584909558136,0.29491605479405436,0.3684059640136604,0.3684059640136604,0.1689716016298806,0.2512606775035477,0.7401618481145329,0.08980867393046334,0.23876124277735258,0.19736052129562215,0.19736052129562215,0.7401618481145329,0.42396600566341014,0.5020855484090884,0.5554045213181563,0.5554045213181563,0.538472136720196,-0.14504977930294513,0.09003710480314478,0.24997667295180764,0.22254822352988635,0.3227850830231505,0.19601452681688705,0.38784514919349716,0.24997667295180764,-0.14504977930294513,0.08980867393046334,0.19601452681688705,0.08980867393046334,-0.20704481393497517,0.10181849690358757,0.08980867393046334,0.6783602359938987,0.25772294275893454,0.3655644686441984,0.7410328686757883,0.08980867393046334,0.19601452681688705,0.7410328686757883,0.2116593872317231,-0.43806267119037795,0.2676275393384092,0.28438627687944196,0.28462497017586214,0.29351287380360086,0.538472136720196,0.6051712223158404,-0.5568104289523798,0.28462497017586214,0.7401618481145329,0.19736052129562215,0.7401618481145329,0.7401618481145329,-0.15047440878172463,-0.6060814271284546,-0.6060814271284546,0.538472136720196,Case
61,-0.07728551187610104,-0.5932892006018382,-0.5932892006018382,-0.5932892006018382,0.3961444306137866,-0.34788269719698645,-0.08021178452761803,-0.08021178452761803,-0.030494699653997554,-0.3700903411597756,-0.07728551187610104,0.3426116556559386,0.03664845532517661,-0.4883959996790534,-0.4883959996790534,-0.07728551187610104,-0.31496498393488137,0.14404629294314125,0.36774167781431505,0.36774167781431505,-0.3320700437212276,0.4651109286537867,-0.03928717918133763,-0.3668908688925791,-0.39097989885670165,0.5122365651488217,-0.45762359986591755,-0.45684799533347176,-0.3668908688925791,0.4651109286537867,0.3426116556559386,-0.45762359986591755,0.3426116556559386,0.4735511540248632,-0.04577638827670247,0.3426116556559386,-0.5190966625814613,-0.45075481798508604,-0.47490673213690676,-0.4857955772915804,0.3426116556559386,-0.45762359986591755,-0.4857955772915804,-0.3865601528623703,0.34978855678599574,-0.01662584624625256,-0.4622154291663956,-0.4552498546576742,-0.4577744195856211,-0.3320700437212276,-0.49940969080291797,-0.02223309775160898,-0.4552498546576742,-0.07728551187610104,-0.4883959996790534,-0.07728551187610104,-0.07728551187610104,-0.016404289452630155,-0.4527333094454279,-0.4527333094454279,-0.3320700437212276,Case
63,-0.2743850803309587,-0.6142987569067923,-0.6142987569067923,-0.6142987569067923,0.11491790768220879,0.32220286766200845,0.3212199076438127,0.3212199076438127,0.7280026551383751,-0.4746318470467179,-0.2743850803309587,0.49387878703102595,-0.19690459036910554,-0.36771659831167797,-0.36771659831167797,-0.2743850803309587,-0.46748906113810396,0.5686276298010511,0.31744335335027374,0.31744335335027374,-0.42173790901077096,0.5607849978825702,0.2891268863351971,-0.47744346365726303,-0.49931879889474035,0.5149423850172967,-0.552090561864794,-0.5365186576532619,-0.47744346365726303,0.5607849978825702,0.49387878703102595,-0.552090561864794,0.49387878703102595,0.543947200442767,0.2597233362227972,0.49387878703102595,-0.583223924260675,-0.517234753950893,-0.5590667523811551,-0.5375567748020876,0.49387878703102595,-0.552090561864794,-0.5375567748020876,-0.5003707286066218,0.5945992680068122,0.04392032909201871,-0.5409224947785274,-0.5299995540967358,-0.53374924306059,-0.42173790901077096,-0.47770975052241105,-0.14379253929209046,-0.5299995540967358,-0.2743850803309587,-0.36771659831167797,-0.2743850803309587,-0.2743850803309587,-0.07368018126775853,-0.5055086098335654,-0.5055086098335654,-0.42173790901077096,Case
64,0.22907291925735565,0.15919445555619735,0.15919445555619735,0.15919445555619735,0.29634504764169856,-0.3905997902969032,0.04078728892879051,0.04078728892879051,0.023613491760517826,0.5425608866177851,0.22907291925735565,-0.6318103420464705,0.37814974387546235,0.24563668396723928,0.24563668396723928,0.22907291925735565,0.5932136248306706,-0.18990671031378806,-0.24789918743353828,-0.24789918743353828,0.6683823198790171,-0.38176267186096274,-0.6126433953683676,0.5518831582307049,0.6033508766485519,-0.08041704052927609,0.5984132147104586,0.43602675722920226,0.5518831582307049,-0.38176267186096274,-0.6318103420464705,0.5984132147104586,-0.6318103420464705,-0.5519951279861574,-0.6046597829261411,-0.6318103420464705,-0.17314500369867614,0.6833301602390343,0.4553019046243271,-0.43817857668036364,-0.6318103420464705,0.5984132147104586,-0.43817857668036364,0.5703801457708018,-0.29110498045778604,0.2140310407149666,0.686449481405852,0.6922245952009983,0.6861759625523781,0.6683823198790171,-0.5072278725262345,-0.10981710351575964,0.6922245952009983,0.22907291925735565,0.24563668396723928,0.22907291925735565,0.22907291925735565,-0.16774690051652782,0.336171127596378,0.336171127596378,0.6683823198790171,Case
66,0.2738765955057607,0.030969901079657837,0.030969901079657837,0.030969901079657837,-0.22676137406401786,-0.5443463621867598,-0.024192008741440705,-0.024192008741440705,-0.14556110531521096,0.23826416084867116,0.2738765955057607,-0.07091276711970347,0.131303728279645,0.6269097815754414,0.6269097815754414,0.2738765955057607,0.3557848264458376,-0.19481237177122354,-0.35631959563642607,-0.35631959563642607,0.6892597503079796,-0.19798544642298038,-0.3312945324943646,0.24191572950120122,0.2242544933800697,-0.4592393588367439,0.2069434606794435,0.19245086143275705,0.24191572950120122,-0.19798544642298038,-0.07091276711970347,0.2069434606794435,-0.07091276711970347,-0.22760259435194868,-0.28048133046744544,-0.07091276711970347,0.16839317212326269,0.18164557012126456,0.2084302401134318,0.7035313140489793,-0.07091276711970347,0.2069434606794435,0.7035313140489793,0.22888588573425983,0.23300032271667434,0.007748788489472243,0.1932653890085957,0.22377462187911729,0.18480938363059102,0.6892597503079796,0.33153215359330834,-0.483786171383776,0.22377462187911729,0.2738765955057607,0.6269097815754414,0.2738765955057607,0.2738765955057607,-0.044850864515254836,0.050042982587353804,0.050042982587353804,0.6892597503079796,Case
67,0.29115364095377655,0.1996639053760743,0.1996639053760743,0.1996639053760743,-0.1219338496714595,-0.6588297013232052,0.024050465122995145,0.024050465122995145,-0.5495200528005217,0.3171502591423968,0.29115364095377655,-0.3058221702138258,0.2922717697496618,0.2968352040840823,0.2968352040840823,0.29115364095377655,0.3585323118453364,0.12507059063974782,0.03812751896173089,0.03812751896173089,0.6336802656465635,-0.3607056899226351,-0.3818039830973657,0.3202271741341223,0.37559394238389865,-0.45086159001438647,0.3961336223414825,0.2089875757519474,0.3202271741341223,-0.3607056899226351,-0.3058221702138258,0.3961336223414825,-0.3058221702138258,-0.36141919027547387,-0.13829823010849235,-0.3058221702138258,-0.4401817387177476,0.4597795788932797,0.19712843218101483,-0.30122760642116564,-0.3058221702138258,0.3961336223414825,-0.30122760642116564,0.29540724211816194,0.31718036789533194,0.3457801203998502,0.3924206259428556,0.4989993701307368,0.3844125514720906,0.6336802656465635,-0.40383738764597055,-0.5160167728480973,0.4989993701307368,0.29115364095377655,0.2968352040840823,0.29115364095377655,0.29115364095377655,-0.10302501982877463,0.06321226560158666,0.06321226560158666,0.6336802656465635,Case
68,-0.5066064301568847,-0.25977237499894523,-0.25977237499894523,-0.25977237499894523,0.3421139638824885,-0.45596130594333195,-0.4771178705336647,-0.4771178705336647,-0.13747554165656498,-0.34371725784325224,-0.5066064301568847,-0.2027901684273621,-0.31692557078398553,-0.534026043746894,-0.534026043746894,-0.5066064301568847,-0.40289339846201516,-0.3759707169702783,-0.6237344814468017,-0.6237344814468017,-0.2813025865511235,-0.051646576064857785,0.6658257778439556,-0.34432987709358553,-0.241551597883188,-0.489796536228349,0.008383287343123528,-0.38599504991317785,-0.34432987709358553,-0.051646576064857785,-0.2027901684273621,0.008383287343123528,-0.2027901684273621,0.020234846478120495,0.6810823243431018,-0.2027901684273621,-0.4406015073862788,-0.2617517403672506,-0.34773309896696497,-0.43710326662879523,-0.2027901684273621,0.008383287343123528,-0.43710326662879523,-0.26406598920367647,0.6258859550093062,0.06470974991627476,-0.1946683420648499,-0.12174401388849199,-0.22211287644720945,-0.2813025865511235,-0.39875018788412075,0.455092689970309,-0.12174401388849199,-0.5066064301568847,-0.534026043746894,-0.5066064301568847,-0.5066064301568847,0.39899513946113013,0.06350345652588027,0.06350345652588027,-0.2813025865511235,Case
69,-0.28308381629233,-0.47214181496783386,-0.47214181496783386,-0.47214181496783386,0.07813407519561776,0.24314298889295705,-0.04044477089323498,-0.04044477089323498,-0.04786079741832879,-0.4028121786950216,-0.28308381629233,-0.023794711684158934,-0.3683872520000009,-0.4183884926861651,-0.4183884926861651,-0.28308381629233,-0.3608050217153361,-0.16338733370667838,-0.24848461392323704,-0.24848461392323704,-0.2674780202396816,0.23712433417356032,0.6083294432322346,-0.4132192855276459,-0.3981922979164484,0.3358967168980811,-0.23129372836844836,-0.08411925202385256,-0.4132192855276459,0.23712433417356032,-0.023794711684158934,-0.23129372836844836,-0.023794711684158934,0.2613773066087407,0.5038716649698902,-0.023794711684158934,0.41812895259920957,-0.34104437746669036,-0.04972179654842494,0.59099553017539,-0.023794711684158934,-0.23129372836844836,0.59099553017539,-0.3849134947735691,0.25036352272995754,-0.23168217839533312,-0.40845984921694145,-0.3573546990742155,-0.39452571968013617,-0.2674780202396816,0.6680221838970309,-0.1666497787841088,-0.3573546990742155,-0.28308381629233,-0.4183884926861651,-0.28308381629233,-0.28308381629233,0.011244850667348344,-0.29476320082902907,-0.29476320082902907,-0.2674780202396816,Case
70,-0.13044695683445237,-0.5992752352367279,-0.5992752352367279,-0.5992752352367279,-0.1172761987586567,0.5348813062099986,0.13657863109358417,0.13657863109358417,0.4759448232451448,-0.4742439363153788,-0.13044695683445237,0.6698390635608565,-0.04767702422672461,-0.4416617855475812,-0.4416617855475812,-0.13044695683445237,-0.5576263736533974,0.47215981455548295,0.5085325737691576,0.5085325737691576,-0.6355672624339284,0.6141427150687617,0.1714588248472476,-0.47114178877152774,-0.49942158669708436,0.5754825089580097,-0.5971248165117404,0.017820751525179642,-0.47114178877152774,0.6141427150687617,0.6698390635608565,-0.5971248165117404,0.6698390635608565,0.5983213873136176,0.14076959786941884,0.6698390635608565,-0.4976530392128779,0.1175657416181091,0.08623512539617521,-0.49494997343613745,0.6698390635608565,-0.5971248165117404,-0.49494997343613745,-0.5070528870026,0.4012666963234099,-0.10903084869525265,-0.5359647047067224,-0.5264109138272565,-0.5361360001024856,-0.6355672624339284,-0.46565304452565764,-0.25568792030909354,-0.5264109138272565,-0.13044695683445237,-0.4416617855475812,-0.13044695683445237,-0.13044695683445237,-0.01601354417400292,-0.563991001078527,-0.563991001078527,-0.6355672624339284,Case
71,0.12187652731744217,-0.562993316622759,-0.562993316622759,-0.562993316622759,0.18370930403357788,-0.6436354255635505,-0.04909829130692581,-0.04909829130692581,0.6830919194584415,-0.4234020390985033,0.12187652731744217,0.6344496908064219,-0.4753754230633927,-0.5256674500804671,-0.5256674500804671,0.12187652731744217,-0.5972599934680786,0.53759446434423,0.2816683737260746,0.2816683737260746,-0.6283037361118567,0.5586477630645693,0.5248236495661822,-0.4250127447396334,-0.5059959260184786,-0.07029895806003351,-0.5408161147081099,-0.4595407681627136,-0.4250127447396334,0.5586477630645693,0.6344496908064219,-0.5408161147081099,0.6344496908064219,0.53299181836863,0.4044091698400442,0.6344496908064219,-0.5462660868059855,-0.5042708767250116,-0.5122645682227404,-0.4238657354022429,0.6344496908064219,-0.5408161147081099,-0.4238657354022429,-0.4773711262041859,0.6574786719044823,-0.24744652618924123,-0.49508028358103084,-0.5064571734752653,-0.49479487337609174,-0.6283037361118567,-0.495664790081422,-0.3819180844913698,-0.5064571734752653,0.12187652731744217,-0.5256674500804671,0.12187652731744217,0.12187652731744217,0.42694253912268726,-0.39821956656573393,-0.39821956656573393,-0.6283037361118567,Case
72,-0.02444302153617651,-0.3688020495912405,-0.3688020495912405,-0.3688020495912405,-0.25438140797909226,-0.5195786764695055,-0.05747705502863848,-0.05747705502863848,0.7147651297212032,0.23111458722457454,-0.02444302153617651,0.4439302434803141,-0.23358782274121498,0.025962336826582486,0.025962336826582486,-0.02444302153617651,-0.38267557134572305,0.21022074117667272,0.049971819954679614,0.049971819954679614,-0.6475235969870883,0.3078869509432524,-0.33981118865486315,0.24121830147094292,-0.21469489264953787,-0.358127142983125,-0.30081967548765615,-0.3461385016881293,0.24121830147094292,0.3078869509432524,0.4439302434803141,-0.30081967548765615,0.4439302434803141,0.32601367002284876,-0.09034014907137683,0.4439302434803141,-0.30545055000017096,-0.3847617636489915,-0.35686897872050655,-0.48711550069135506,0.4439302434803141,-0.30081967548765615,-0.48711550069135506,0.22972727142230207,-0.06423433722990413,-0.2010216067963719,-0.23929345892303142,-0.30015768236513723,-0.260105395812191,-0.6475235969870883,-0.48547131951413164,-0.45502920484207154,-0.30015768236513723,-0.02444302153617651,0.025962336826582486,-0.02444302153617651,-0.02444302153617651,-0.07401659487902497,0.041894166359344176,0.041894166359344176,-0.6475235969870883,Case
74,0.7290637398601431,-0.4924686095233496,-0.4924686095233496,-0.4924686095233496,-0.21420869117237287,0.5900982762192716,0.6152586516966848,0.6152586516966848,0.09052907075377513,-0.09238465632494167,0.7290637398601431,0.6403801696367156,-0.23307299895114508,0.2196074118636552,0.2196074118636552,0.7290637398601431,-0.26956833454387047,0.0811550663796768,0.2550817831441002,0.2550817831441002,-0.491464577316668,0.470436423970494,-0.16932629052152587,-0.10259651256083303,-0.27185589175007147,0.3918665318882254,-0.45243634116732795,0.04551601701706258,-0.10259651256083303,0.470436423970494,0.6403801696367156,-0.45243634116732795,0.6403801696367156,0.2800190641957078,-0.13936340496388974,0.6403801696367156,0.4969401892209959,-0.3983825648804316,-0.09670275650279293,0.5002211567771724,0.6403801696367156,-0.45243634116732795,0.5002211567771724,-0.2842887311295707,-0.5329418439003427,0.43884440734205454,-0.29751117966170515,-0.43808676146996517,-0.2653681371371684,-0.491464577316668,0.37503030062817877,-0.5281356193315968,-0.43808676146996517,0.7290637398601431,0.2196074118636552,0.7290637398601431,0.7290637398601431,0.10485945694330444,-0.5965597722286383,-0.5965597722286383,-0.491464577316668,Case
78,0.003916561459530987,-0.2601218222453309,-0.2601218222453309,-0.2601218222453309,-0.07843818040416987,-0.5217311402766632,-0.3820040288066476,-0.3820040288066476,0.1738133012804311,-0.18845661093124647,0.003916561459530987,-0.1884633227087815,-0.11859861735930484,0.07284498474339424,0.07284498474339424,0.003916561459530987,-0.1250565839184718,0.059095611421517674,-0.11579164907924828,-0.11579164907924828,0.03072183888734614,0.07695235057196441,0.6539857854615618,-0.3715044143183963,-0.2931474241896544,-0.40494969980258416,-0.08094885776721537,-0.19063613506006064,-0.3715044143183963,0.07695235057196441,-0.1884633227087815,-0.08094885776721537,-0.1884633227087815,0.12445862120975765,0.6784402042852734,-0.1884633227087815,-0.39285012474347225,-0.25395209321263296,-0.3758939205856457,-0.5291302420282396,-0.1884633227087815,-0.08094885776721537,-0.5291302420282396,-0.3119551148159145,0.4424356254433804,-0.15792203716240166,-0.22203301451140076,-0.13518068354245594,-0.04618445546630672,0.03072183888734614,-0.28500471070466155,-0.03525747129913845,-0.13518068354245594,0.003916561459530987,0.07284498474339424,0.003916561459530987,0.003916561459530987,0.17829651837406513,-0.6231530900278599,-0.6231530900278599,0.03072183888734614,Case
79,-0.38116017127012736,-0.5553553061690389,-0.5553553061690389,-0.5553553061690389,0.25477979788263866,-0.4761010004918706,-0.40782886053248446,-0.40782886053248446,0.4413743473896474,-0.2420688891461579,-0.38116017127012736,0.6299493539941085,-0.33342686733999477,-0.4622852365929534,-0.4622852365929534,-0.38116017127012736,-0.3902828126348162,0.5106565042400584,0.5149087962173116,0.5149087962173116,-0.5961115446995576,0.5938409577552913,-0.5870165703100988,-0.2149220858935812,-0.23405930112106182,-0.07135288371121241,-0.562277518563749,-0.3671950340013793,-0.2149220858935812,0.5938409577552913,0.6299493539941085,-0.562277518563749,0.6299493539941085,0.5410949775653133,-0.5602795133723414,0.6299493539941085,-0.23295853005521217,-0.45170888348125426,-0.34278214752302333,-0.5162363506673857,0.6299493539941085,-0.562277518563749,-0.5162363506673857,-0.24342543108733403,-0.13278166427812468,-0.21695004180988092,-0.37504485217253797,-0.47503614018730306,-0.38346267232639,-0.5961115446995576,-0.47839618169606163,-0.06040646426898938,-0.47503614018730306,-0.38116017127012736,-0.4622852365929534,-0.38116017127012736,-0.38116017127012736,0.35119809990361156,-0.6275261055552044,-0.6275261055552044,-0.5961115446995576,Case
83,0.7333420806717181,-0.33156326628031535,-0.33156326628031535,-0.33156326628031535,-0.25441531781328613,0.18369628552655898,0.6111145438587767,0.6111145438587767,0.3489136804320178,0.02513506240501707,0.7333420806717181,0.47565022765387727,-0.0831486794227946,0.09154046630522979,0.09154046630522979,0.7333420806717181,0.04877409451475466,0.4828445831532375,0.6432327893008684,0.6432327893008684,-0.10842492525465926,0.3854309176514006,-0.34397582657440734,0.020686154178441232,-0.12285565768015705,0.5428765151024713,-0.31901020419343995,0.14488777516793303,0.020686154178441232,0.3854309176514006,0.47565022765387727,-0.31901020419343995,0.47565022765387727,0.18845600402536777,-0.312750933036921,0.47565022765387727,0.41163558658771343,-0.12225696360974067,0.06064049384671768,0.3549725922364354,0.47565022765387727,-0.31901020419343995,0.3549725922364354,-0.13705416183213456,-0.5303442187813275,0.26995571019780545,-0.1208450820762415,-0.23631789862948932,-0.10715649109851,-0.10842492525465926,0.2924006179278046,-0.4591936099825193,-0.23631789862948932,0.7333420806717181,0.09154046630522979,0.7333420806717181,0.7333420806717181,-0.22460771676317395,-0.3087945939613771,-0.3087945939613771,-0.10842492525465926,Case
18,-0.0705208356297883,-0.5739108552241867,-0.5739108552241867,-0.5739108552241867,0.11479738513162249,0.1031753671953408,0.16627919371226693,0.16627919371226693,-0.24796978646312265,-0.22709161370037828,-0.0705208356297883,0.6191180062729954,-0.48427062324700365,-0.5333858858910364,-0.5333858858910364,-0.0705208356297883,-0.4381256225601438,-0.036758837056165734,0.23802391258036765,0.23802391258036765,-0.6309163541469631,0.5039973337179376,-0.4059329479117997,-0.2007415468085098,-0.22051135613160028,0.1594903906363784,-0.5056733069650395,-0.4226385182658335,-0.2007415468085098,0.5039973337179376,0.6191180062729954,-0.5056733069650395,0.6191180062729954,0.5099884525929248,-0.39016835167860486,0.6191180062729954,-0.2575724574311233,-0.5128031034866272,-0.45715106740346406,-0.4318885544119813,0.6191180062729954,-0.5056733069650395,-0.4318885544119813,-0.23865739245645132,0.03996755526929955,0.0686678768379344,-0.4969448263346809,-0.5016540674599047,-0.4962054300016453,-0.6309163541469631,-0.2240710288215281,-0.43049089034329535,-0.5016540674599047,-0.0705208356297883,-0.5333858858910364,-0.0705208356297883,-0.0705208356297883,0.26798027612649905,-0.037793512813710003,-0.037793512813710003,-0.6309163541469631,Case
1,-0.31430623558692267,-0.41514411487252684,-0.41514411487252684,-0.41514411487252684,0.14043884855516828,-0.3286168164758792,-0.30447161418594576,-0.30447161418594576,-0.4487343983079779,-0.2075595407617218,-0.31430623558692267,0.37588813964331136,-0.14318212166391242,-0.48504019171267854,-0.48504019171267854,-0.31430623558692267,-0.10306501531746878,-0.4262642940631048,-0.24395321617015342,-0.24395321617015342,-0.46477623977912047,0.28913583576817803,-0.13463860907441347,-0.1895289368127601,-0.14621473761897663,-0.030448480136846083,-0.33638762183340026,-0.05891432257342615,-0.1895289368127601,0.28913583576817803,0.37588813964331136,-0.33638762183340026,0.37588813964331136,0.3474911653511174,-0.1007470185795489,0.37588813964331136,0.4498716536225197,-0.3892776745829693,-0.022034342486548678,-0.16155242951965879,0.37588813964331136,-0.33638762183340026,-0.16155242951965879,-0.1592133480835653,-0.5588356832648598,-0.25042623824665083,-0.1097972421946805,-0.3267438645393646,-0.13282209255014465,-0.46477623977912047,0.30842251888139965,-0.2981439466580445,-0.3267438645393646,-0.31430623558692267,-0.48504019171267854,-0.31430623558692267,-0.31430623558692267,0.0997087088931578,-0.027682289330045844,-0.027682289330045844,-0.46477623977912047,Case
45,-0.23764974762149174,0.12446767758863919,0.12446767758863919,0.12446767758863919,-0.21792875019878893,0.003111194749343982,-0.14492127879794478,-0.14492127879794478,-0.3637476205694821,0.3076837032910539,-0.23764974762149174,0.03919545537189503,0.3012997531163868,-0.41059888277986906,-0.41059888277986906,-0.23764974762149174,0.4921351555796934,0.380738199447195,0.5674506888039157,0.5674506888039157,0.48763796370449336,-0.20828656074753904,-0.36858037362406265,0.321015813485064,0.33203217662332773,0.36646773337532773,0.2575422242880198,0.39372829780715257,0.321015813485064,-0.20828656074753904,0.03919545537189503,0.2575422242880198,0.03919545537189503,-0.2538442306282437,-0.3329400844505405,0.03919545537189503,0.6963691913571884,0.2850788219290692,0.414080041975449,0.5941439018004826,0.03919545537189503,0.2575422242880198,0.5941439018004826,0.3223308835246788,-0.5215477205331223,-0.08519170114956187,0.33277012283927526,0.3068698325659493,0.3356621016213891,0.48763796370449336,0.6694149474203599,-0.2001906606049716,0.3068698325659493,-0.23764974762149174,-0.41059888277986906,-0.23764974762149174,-0.23764974762149174,-0.28358719194201115,-0.22735314798635192,-0.22735314798635192,0.48763796370449336,Case
62,-0.6065458630184042,0.5453748706995454,0.5453748706995454,0.5453748706995454,0.25527214212824006,0.44542383820608306,-0.20086150034409542,-0.20086150034409542,-0.5024320168071609,0.2779203775443608,-0.6065458630184042,0.02939922807492345,0.29760608687982165,-0.46708814019846245,-0.46708814019846245,-0.6065458630184042,0.4756217620485979,-0.0289849606199721,0.47275131568143375,0.47275131568143375,0.4515547411457527,-0.3612357338716083,-0.221290599273391,0.3022581065180403,0.41242923274655874,0.37543614652260165,0.40082466587519927,0.1585105410786957,0.3022581065180403,-0.3612357338716083,0.02939922807492345,0.40082466587519927,0.02939922807492345,-0.3623725528379949,-0.18559715166182755,0.02939922807492345,0.17750910028362082,0.26031951010781634,0.266369408202011,-0.26406457663562566,0.02939922807492345,0.40082466587519927,-0.26406457663562566,0.39851121560972924,-0.576991442435962,-0.2167312110066025,0.3632399858304534,0.31545260496801997,0.33578752099034037,0.4515547411457527,-0.08632628797806528,0.6263317527312631,0.31545260496801997,-0.6065458630184042,-0.46708814019846245,-0.6065458630184042,-0.6065458630184042,-0.305815960917279,-0.3001153221335544,-0.3001153221335544,0.4515547411457527,Case
84,-0.4485745543486658,0.13229546749417276,0.13229546749417276,0.13229546749417276,0.17912847074043414,0.45836067891152676,-0.15280349799188608,-0.15280349799188608,-0.25801509782529575,0.49235534886596355,-0.4485745543486658,-0.5025559907383922,0.39880554683604313,-0.01649027501709245,-0.01649027501709245,-0.4485745543486658,0.5053428901847528,-0.1719057131743936,0.12865222564884973,0.12865222564884973,0.5750708920728778,-0.5351002555867721,-0.5298592605705249,0.4958607791813787,0.5910913988740906,0.5284075604887181,0.5572135927834956,0.23252373543620874,0.4958607791813787,-0.5351002555867721,-0.5025559907383922,0.5572135927834956,-0.5025559907383922,-0.530339771105207,-0.5357285657494979,-0.5025559907383922,0.19127504944244467,0.31963405313551585,0.30826072006324484,-0.4388500282308844,-0.5025559907383922,0.5572135927834956,-0.4388500282308844,0.5874030869280056,-0.6047264223577506,-0.021494382145892395,0.43949864809467204,0.3818085060821848,0.4454139608100447,0.5750708920728778,-0.21655869391382904,0.490769088338564,0.3818085060821848,-0.4485745543486658,-0.01649027501709245,-0.4485745543486658,-0.4485745543486658,-0.52499701670931,-0.07163053100178653,-0.07163053100178653,0.5750708920728778,Case
80,-0.45461485473845886,0.250020090409986,0.250020090409986,0.250020090409986,0.38742400439965413,0.08584290671232887,-0.4014996008798512,-0.4014996008798512,-0.4602146004593754,-0.2943985073198182,-0.45461485473845886,-0.38272020482095953,-0.09279270979301311,-0.41965086212338626,-0.41965086212338626,-0.45461485473845886,-0.14677680926014755,-0.49825755876343175,-0.5411054207927146,-0.5411054207927146,0.11783744836255415,-0.1726165906164699,0.6669067368561097,-0.30185345147743126,-0.21672372698405198,-0.42851412928846483,0.03808896410941942,-0.18443627381124922,-0.30185345147743126,-0.1726165906164699,-0.38272020482095953,0.03808896410941942,-0.38272020482095953,-0.00024297888316341908,0.6523564423696903,-0.38272020482095953,-0.42003731581575016,0.11233930260689975,-0.13855941302519245,-0.4014635877333236,-0.38272020482095953,0.03808896410941942,-0.4014635877333236,-0.23444890991515874,0.6292869288547247,-0.3152445945123714,0.03750989567870464,0.22467003771179048,0.005403630172980253,0.11783744836255415,-0.2768487831332194,0.5297647390967695,0.22467003771179048,-0.45461485473845886,-0.41965086212338626,-0.45461485473845886,-0.45461485473845886,0.20954081432911575,-0.2085735174798847,-0.2085735174798847,0.11783744836255415,Case
82,-0.44100280625647187,0.21660405784993367,0.21660405784993367,0.21660405784993367,0.22338596516565395,0.6246580517146854,0.0793316194622117,0.0793316194622117,-0.5103143985465408,-0.10772115522518125,-0.44100280625647187,-0.47127359351532383,0.24228619794568612,-0.13184802783758826,-0.13184802783758826,-0.44100280625647187,0.08333903552546142,-0.5560648103406415,-0.5562684910525454,-0.5562684910525454,0.1504641231828013,-0.34057585501279086,0.24180976446802374,-0.09358023271311108,0.020130710509733286,-0.4703541379516612,0.2593870150394739,0.24892521012778077,-0.09358023271311108,-0.34057585501279086,-0.47127359351532383,0.2593870150394739,-0.47127359351532383,-0.2141059393969161,0.26909395476609516,-0.47127359351532383,0.6098565622909435,0.36140456403799415,0.33097355639513837,0.5047978663234284,-0.47127359351532383,0.2593870150394739,0.5047978663234284,-0.0031546669772448523,-0.24854671739500528,-0.08883442351041235,0.36851373613040306,0.4425722802139596,0.303131272810638,0.1504641231828013,0.6672453745799518,0.536323844692904,0.4425722802139596,-0.44100280625647187,-0.13184802783758826,-0.44100280625647187,-0.44100280625647187,0.13300004802833296,-0.16934486407934773,-0.16934486407934773,0.1504641231828013,Case
89,0.14947615885406992,0.5295068734458817,0.5295068734458817,0.5295068734458817,0.1601268746548108,0.1235344632767228,0.296355268918418,0.296355268918418,-0.5392354757342351,0.3210186884202529,0.14947615885406992,-0.43564458488745383,0.29181299591231746,-0.22979779475846643,-0.22979779475846643,0.14947615885406992,0.389250694640757,-0.4803648675189074,-0.23629685988118404,-0.23629685988118404,0.30592940327430285,-0.280576407007536,-0.5561904388625514,0.3618628493452553,0.36718804500662744,0.005149339862579703,0.20204295173214679,0.38690588198035336,0.3618628493452553,-0.280576407007536,-0.43564458488745383,0.20204295173214679,-0.43564458488745383,-0.14963209232533245,-0.6075509760665987,-0.43564458488745383,0.6145995609814157,0.22873613493322237,0.4159920865076231,0.7385723863983755,-0.43564458488745383,0.20204295173214679,0.7385723863983755,0.3488789956118647,-0.5797706457932771,0.22188132017549186,0.4161808033075793,0.30895045074976446,0.36553867296006004,0.30592940327430285,0.6442895342853547,0.1142817255629125,0.30895045074976446,0.14947615885406992,-0.22979779475846643,0.14947615885406992,0.14947615885406992,-0.2663781786979013,0.3093840322884977,0.3093840322884977,0.30592940327430285,Case
94,-0.3315985723867748,0.49814756463834087,0.49814756463834087,0.49814756463834087,0.3082388977946067,0.5056151878427033,0.05390252026590024,0.05390252026590024,-0.49941250406078386,0.0831098433116354,-0.3315985723867748,-0.4038389012948837,0.1260977573830948,0.705408645324717,0.705408645324717,-0.3315985723867748,0.4303109575953175,-0.5781063951159132,-0.562874964524523,-0.562874964524523,0.4638536115384024,-0.2620826178422631,-0.4700015230445486,0.09090146449215723,0.17201158620524043,0.0860315601607266,0.16315680768615734,-0.08035777941795222,0.09090146449215723,-0.2620826178422631,-0.4038389012948837,0.16315680768615734,-0.4038389012948837,-0.10238301582248738,-0.43914809585809855,-0.4038389012948837,-0.14125565309101176,0.009001525865363633,-0.03849789381722534,-0.5211441921952568,-0.4038389012948837,0.16315680768615734,-0.5211441921952568,0.1547475568575663,-0.20422167931432414,0.19086954199564352,0.18208927130993305,0.11584784595335668,0.17509430660173228,0.4638536115384024,-0.44518095865793994,0.35987511006826256,0.11584784595335668,-0.3315985723867748,0.705408645324717,-0.3315985723867748,-0.3315985723867748,-0.36582885197588866,0.5147115960330604,0.5147115960330604,0.4638536115384024,Case
95,-0.18431204673185786,0.5520562514730549,0.5520562514730549,0.5520562514730549,0.2773177794913246,0.0166929275307344,-0.3433810070797223,-0.3433810070797223,-0.3193850376772853,0.3861526457896217,-0.18431204673185786,-0.5340335461536432,0.5115156686866087,0.6920767042652384,0.6920767042652384,-0.18431204673185786,0.40564625009932703,-0.4560269247755931,-0.5134284074061009,-0.5134284074061009,0.538626023506029,-0.48989743500688937,-0.46077908940328843,0.3904002232267691,0.43923135156276244,-0.1264988866323475,0.4647196358811522,0.23992683467367623,0.3904002232267691,-0.48989743500688937,-0.5340335461536432,0.4647196358811522,-0.5340335461536432,-0.40754086780917176,-0.4995984940015892,-0.5340335461536432,-0.24976452777867764,0.5765578554490627,0.30282424064183894,-0.5192654318096207,-0.5340335461536432,0.4647196358811522,-0.5192654318096207,0.41926086742726093,-0.12955353313216672,-0.10887042195551759,0.594763290766562,0.6291426020381595,0.5696383794470979,0.538626023506029,-0.4400224928667221,0.3216208322374575,0.6291426020381595,-0.18431204673185786,0.6920767042652384,-0.18431204673185786,-0.18431204673185786,-0.26354628265406127,0.4045008979097641,0.4045008979097641,0.538626023506029,Case
97,-0.5102333921332984,-0.2852017773768268,-0.2852017773768268,-0.2852017773768268,0.35063636031545586,0.6024985559913417,0.07614576096482337,0.07614576096482337,-0.45002100850122767,-0.18650937715705568,-0.5102333921332984,-0.02769383964372472,-0.11070879678238948,-0.3388489278890178,-0.3388489278890178,-0.5102333921332984,0.04898825637179704,-0.5514227656434145,-0.516671386395954,-0.516671386395954,-0.3451197485285561,0.04092943637423619,-0.35238541693149594,-0.17314564709515948,-0.11301838604215039,0.08673339574797805,-0.21422289907361056,-0.21405568723915416,-0.17314564709515948,0.04092943637423619,-0.02769383964372472,-0.21422289907361056,-0.02769383964372472,0.21193699172668337,-0.32024314149575417,-0.02769383964372472,0.09667244455189215,-0.36684977797390506,-0.16550168245840188,-0.29783112386770144,-0.02769383964372472,-0.21422289907361056,-0.29783112386770144,-0.12126040780057869,-0.41849991439548845,0.18707532542981303,-0.0683133039127134,-0.26749721980049773,-0.08276208612802159,-0.3451197485285561,-0.2942445916744398,0.5843867885498487,-0.26749721980049773,-0.5102333921332984,-0.3388489278890178,-0.5102333921332984,-0.5102333921332984,-0.15661570727164484,0.5735559139842447,0.5735559139842447,-0.3451197485285561,Case
99,-0.6142279636457953,-0.13183400229490647,-0.13183400229490647,-0.13183400229490647,0.4126082018579444,0.0980685657118008,-0.36543574946286633,-0.36543574946286633,-0.5411357647489872,-0.2748309084399495,-0.6142279636457953,0.18294255871370635,-0.23574006401500514,-0.3423261979173447,-0.3423261979173447,-0.6142279636457953,-0.21710868220091833,-0.5926100189159469,-0.540718722665037,-0.540718722665037,-0.646275570929505,0.10152126918270109,-0.3427243794653663,-0.2503603439810901,-0.20903384293327354,0.10169262623749116,-0.26924709268819247,-0.331108582824461,-0.2503603439810901,0.10152126918270109,0.18294255871370635,-0.26924709268819247,0.18294255871370635,0.20434749709333389,-0.30615723166383546,0.18294255871370635,-0.11205764918641414,-0.410593917744465,-0.287845821189054,-0.28933628458038324,0.18294255871370635,-0.26924709268819247,-0.28933628458038324,-0.21566767095357384,-0.25874968989837177,-0.49294040672160716,-0.17678749631407148,-0.3060762442644999,-0.20549806438883594,-0.646275570929505,-0.4182675265035468,0.6061061749149087,-0.3060762442644999,-0.6142279636457953,-0.3423261979173447,-0.6142279636457953,-0.6142279636457953,-0.009413351553520776,0.6780578562226112,0.6780578562226112,-0.646275570929505,Case
101,0.48924798530308605,0.12244310809916471,0.12244310809916471,0.12244310809916471,-0.27160111068833864,-0.29540818580246975,0.14522063059755602,0.14522063059755602,-0.09587528063133366,0.27259247395748293,0.48924798530308605,-0.07424106822674328,0.38918850456731746,0.6435594229692169,0.6435594229692169,0.48924798530308605,0.44947335293220303,0.11253285490976492,-0.025936319031625053,-0.025936319031625053,0.5086953065822155,-0.24962952158678478,-0.34965778090103894,0.2702902240804655,0.2624297041561317,-0.058144822860382014,0.2418421767857899,0.32897916491257556,0.2702902240804655,-0.24962952158678478,-0.07424106822674328,0.2418421767857899,-0.07424106822674328,-0.2757989575557481,-0.11831725593795467,-0.07424106822674328,0.24632353929324324,0.3874867130799835,0.3358795454303866,0.755037446900489,-0.07424106822674328,0.2418421767857899,0.755037446900489,0.2545304937137358,-0.11015244213956422,0.08186289773239146,0.4318018378686539,0.42529094006952795,0.40752420684632507,0.5086953065822155,0.3176626579321893,-0.13230889386506164,0.42529094006952795,0.48924798530308605,0.6435594229692169,0.48924798530308605,0.48924798530308605,-0.2305231643992083,0.0749494316802449,0.0749494316802449,0.5086953065822155,Case
98,0.5981274840271451,0.5877507264028277,0.5877507264028277,0.5877507264028277,-0.059169841095312585,0.3353060145266444,0.5630357048040463,0.5630357048040463,-0.4825866471749278,0.41702653374366894,0.5981274840271451,-0.40035857325451024,0.5998368293197057,-0.07405820603362813,-0.07405820603362813,0.5981274840271451,0.4676471204841016,-0.1998500568640121,0.29440886936852,0.29440886936852,0.5509219326993368,-0.44142718381611035,-0.2981009554816984,0.42381587215846,0.4291791672181967,0.1766226137541629,0.46437046711227925,0.5652361658718074,0.42381587215846,-0.44142718381611035,-0.40035857325451024,0.46437046711227925,-0.40035857325451024,-0.42068996260522845,-0.2795672230838784,-0.40035857325451024,0.564679905026845,0.5797829037615695,0.5506671300535169,0.787770159773729,-0.40035857325451024,0.46437046711227925,0.787770159773729,0.4107731763744768,-0.5444610547454695,0.15616620627165703,0.6002251020051096,0.580951370165157,0.6122601976879314,0.5509219326993368,0.5693499982297473,-0.26190699054957667,0.580951370165157,0.5981274840271451,-0.07405820603362813,0.5981274840271451,0.5981274840271451,-0.4223467266762492,0.6380087711551551,0.6380087711551551,0.5509219326993368,Case
104,0.09369034268518121,0.5593124395120491,0.5593124395120491,0.5593124395120491,-0.01082561011382287,0.03709408730254427,-0.11228314743015137,-0.11228314743015137,-0.11101676897926778,0.49605544665305457,0.09369034268518121,-0.29883838991721395,0.21221481444176826,0.003013238190451229,0.003013238190451229,0.09369034268518121,0.39475028264962014,-0.27822302860609266,-0.18399486104588703,-0.18399486104588703,0.45912953822172553,-0.48446592862871135,-0.5955042496320126,0.49347510041193043,0.5279981888839373,0.4072334204497126,0.5028279617851639,0.2814631433759406,0.49347510041193043,-0.48446592862871135,-0.29883838991721395,0.5028279617851639,-0.29883838991721395,-0.4853353591791307,-0.6105133781795765,-0.29883838991721395,0.6751098859983976,0.18238947229011312,0.3042710300486663,0.6075089624486338,-0.29883838991721395,0.5028279617851639,0.6075089624486338,0.5296440722669858,-0.5895192314024905,-0.03743908702985869,0.26290301938594707,0.25240617722043734,0.2687928750660766,0.45912953822172553,0.688802043862617,-0.08281595837956424,0.25240617722043734,0.09369034268518121,0.003013238190451229,0.09369034268518121,0.09369034268518121,-0.3654594315743904,-0.5568749965774982,-0.5568749965774982,0.45912953822172553,Case
106,0.5454713758293029,0.5885511533814147,0.5885511533814147,0.5885511533814147,-0.3255783574295374,0.04769112292129048,0.3709209485934788,0.3709209485934788,0.17671041591708475,0.3204880227455946,0.5454713758293029,-0.5733739560784961,0.41114163067641485,0.7012106222540239,0.7012106222540239,0.5454713758293029,0.4624873843114144,-0.04668437298687634,-0.05132349005034929,-0.05132349005034929,0.5690931334292088,-0.5054643619631878,0.1248788193293189,0.29854579039784784,0.3614633286427179,-0.22738141571878284,0.5110211671250392,0.4501686818660496,0.29854579039784784,-0.5054643619631878,-0.5733739560784961,0.5110211671250392,-0.5733739560784961,-0.4752282000325367,0.12813165844454708,-0.5733739560784961,0.5540109343114136,0.5567996824901033,0.4303498119120699,0.7690841735667141,-0.5733739560784961,0.5110211671250392,0.7690841735667141,0.33337192057705095,-0.28734335686194895,0.07249087071525066,0.5440858536065638,0.6115709621378864,0.5080918890080386,0.5690931334292088,0.5226394638411636,-0.13057758439838896,0.6115709621378864,0.5454713758293029,0.7012106222540239,0.5454713758293029,0.5454713758293029,-0.15316319512252083,-0.3929614233787027,-0.3929614233787027,0.5690931334292088,Case
108,-0.062365786742189865,0.5843980677161497,0.5843980677161497,0.5843980677161497,0.1723264866760762,0.2450664300709778,0.002387459209327467,0.002387459209327467,-0.44135936981090984,0.11585388768118675,-0.062365786742189865,-0.44734169775541444,0.5400041642842104,0.6252526030566617,0.6252526030566617,-0.062365786742189865,0.31588078548984333,-0.47659998622619454,-0.3182872897956285,-0.3182872897956285,0.3354799881199466,-0.3225665060323253,-0.1696832778888234,0.12556075815894346,0.19391335992830924,-0.07503400796432362,0.2737428911955265,0.3241359876132007,0.12556075815894346,-0.3225665060323253,-0.44734169775541444,0.2737428911955265,-0.44734169775541444,-0.20826894153142234,-0.13897920736611474,-0.44734169775541444,0.015329144837589806,0.5545441401977091,0.36579308257824833,-0.5106684717117267,-0.44734169775541444,0.2737428911955265,-0.5106684717117267,0.1722879173079197,-0.5497550004728023,-0.05547570893059736,0.6126146727076003,0.6044933076836418,0.5879467153065304,0.3354799881199466,-0.3313249628470017,0.18276111295281075,0.6044933076836418,-0.062365786742189865,0.6252526030566617,-0.062365786742189865,-0.062365786742189865,-0.14107638051004753,-0.40099513901995715,-0.40099513901995715,0.3354799881199466,Case
109,-0.4877232984773252,-0.032838452639589864,-0.032838452639589864,-0.032838452639589864,0.31895667226353885,-0.6222435935531052,-0.4389747020998468,-0.4389747020998468,-0.44509377947715784,-0.3784602743579067,-0.4877232984773252,0.0948371398881172,-0.39490779172147256,-0.4246527261944684,-0.4246527261944684,-0.4877232984773252,-0.4099424825460875,-0.5125033514952654,-0.5426498593185886,-0.5426498593185886,-0.5816475268750964,0.06572598319577974,0.5071320714786425,-0.37372418828873194,-0.26969507905442774,-0.512799030397858,-0.2117448070284998,-0.3687839604332525,-0.37372418828873194,0.06572598319577974,0.0948371398881172,-0.2117448070284998,0.0948371398881172,0.22614609595991847,0.6018374742604392,0.0948371398881172,-0.2468189448426841,-0.383311631948728,-0.32615506894584106,-0.15583563411823967,0.0948371398881172,-0.2117448070284998,-0.15583563411823967,-0.3079801033644636,0.6053692729105807,-0.4343187096287996,-0.25048768178169456,-0.26247990181199465,-0.28113809634581083,-0.5816475268750964,-0.10456204869877407,0.4441067079757434,-0.26247990181199465,-0.4877232984773252,-0.4246527261944684,-0.4877232984773252,-0.4877232984773252,0.48783411636273527,-0.3870089852040596,-0.3870089852040596,-0.5816475268750964,Case
111,-0.13369010131505146,0.576550414790433,0.576550414790433,0.576550414790433,0.07385298812053699,-0.2695313037391609,-0.17751273027707545,-0.17751273027707545,-0.09529592474115023,0.27642771866742233,-0.13369010131505146,-0.3148520717235958,0.13718077602045173,0.7259663038233898,0.7259663038233898,-0.13369010131505146,0.08276117733613306,-0.19709100595862608,-0.23891165230757547,-0.23891165230757547,0.455292539557515,-0.4804169440323949,0.4268926495376111,0.2665217814022476,0.3381901495757279,-0.44823176735768183,0.4982384709589539,0.18657619979131754,0.2665217814022476,-0.4804169440323949,-0.3148520717235958,0.4982384709589539,-0.3148520717235958,-0.47716066244746275,0.2150552357531626,-0.3148520717235958,0.2633635894061352,0.3011122229365129,0.2178838540065494,0.5428913118372153,-0.3148520717235958,0.4982384709589539,0.5428913118372153,0.32937798172625576,0.5691784955621983,0.13874488140178864,0.22405080190435456,0.37280814580202704,0.23583021904835363,0.455292539557515,0.4576129785381285,-0.0338572100676532,0.37280814580202704,-0.13369010131505146,0.7259663038233898,-0.13369010131505146,-0.13369010131505146,0.05763536323705491,-0.29552761029686414,-0.29552761029686414,0.455292539557515,Case
AA,-0.5904177090606814,-0.07264981408224243,-0.07264981408224243,-0.07264981408224243,0.3602538917544873,-0.2355701610664068,-0.5638502585062802,-0.5638502585062802,-0.546765477333006,-0.30662849114884977,-0.5904177090606814,0.23044814760353047,-0.29145157471267813,-0.18857564104347457,-0.18857564104347457,-0.5904177090606814,-0.4417968699271587,-0.5797813561575214,-0.4887809705918319,-0.4887809705918319,-0.6371882333456945,0.08750084285609565,0.41881149785006916,-0.2802311757407885,-0.19002737177230972,-0.49262846034306856,-0.2098013915673077,-0.25586273540456933,-0.2802311757407885,0.08750084285609565,0.23044814760353047,-0.2098013915673077,0.23044814760353047,0.20480014669841498,0.5287706155588805,0.23044814760353047,-0.20065463565033848,-0.2010041131211988,-0.18646893867030434,-0.03351107680003407,0.23044814760353047,-0.2098013915673077,-0.03351107680003407,-0.23422736794202878,0.6393926124053775,-0.21050342170012437,-0.16543082360370742,-0.15700881110214207,-0.22215625573878528,-0.6371882333456945,-0.03919885078082223,0.6349832126964287,-0.15700881110214207,-0.5904177090606814,-0.18857564104347457,-0.5904177090606814,-0.5904177090606814,0.5021413295754718,-0.3524283335500441,-0.3524283335500441,-0.6371882333456945,Control
POS 4,-0.014516148991460635,0.3359255066725918,0.3359255066725918,0.3359255066725918,-0.258704485124234,-0.43435283400353014,-0.4925040505461293,-0.4925040505461293,0.09477938356508923,0.40022907174470773,-0.014516148991460635,-0.06509158665990801,0.23520981591434603,0.4383719791964532,0.4383719791964532,-0.014516148991460635,0.2807816603694888,0.21437870512415788,0.2763982612685565,0.2763982612685565,0.32275958687733786,-0.3654147983513317,-0.4023740583332444,0.42053952030554803,0.460009586505511,0.2827639044760589,0.3902361898415514,0.23226792536916796,0.42053952030554803,-0.3654147983513317,-0.06509158665990801,0.3902361898415514,-0.06509158665990801,-0.36707178542645236,-0.4162005881329213,-0.06509158665990801,0.2932412875360446,0.2036394286394148,0.2577262133740089,0.3135284907626833,-0.06509158665990801,0.3902361898415514,0.3135284907626833,0.4637039803327069,-0.1812930372382337,0.23597040185742088,0.2763435561302271,0.2539231666809878,0.2621375294610488,0.32275958687733786,0.33458476789275465,0.6178107569405102,0.2539231666809878,-0.014516148991460635,0.4383719791964532,-0.014516148991460635,-0.014516148991460635,-0.3385970371807489,0.26939511911107844,0.26939511911107844,0.32275958687733786,Case
POS 6,0.7165428595107861,0.6625524282809635,0.6625524282809635,0.6625524282809635,-0.2460724158312123,-0.5817587788052817,0.2200400416417249,0.2200400416417249,-0.09984632595326562,0.37671117163522577,0.7165428595107861,-0.5543262966457762,0.6046146379295569,0.2897748481483649,0.2897748481483649,0.7165428595107861,0.5630986485666557,-0.17747859146741932,-0.04668468950912361,-0.04668468950912361,0.6497687232785317,-0.49049134981593817,-0.11172528250110353,0.3738038980293119,0.3822491119314457,0.011094144181821917,0.5166061256589252,0.5672704100765348,0.3738038980293119,-0.49049134981593817,-0.5543262966457762,0.5166061256589252,-0.5543262966457762,-0.45809083492808117,-0.08343518094734972,-0.5543262966457762,0.6998831680256837,0.6561634093194629,0.5505606791688726,0.7799479944850874,-0.5543262966457762,0.5166061256589252,0.7799479944850874,0.3519185944241807,-0.5272164125054373,0.182504621945902,0.6597694002205403,0.6751618389738706,0.6480138037231558,0.6497687232785317,0.6663455607870283,-0.09853083443560715,0.6751618389738706,0.7165428595107861,0.2897748481483649,0.7165428595107861,0.7165428595107861,-0.3780900317897675,0.6415943784810606,0.6415943784810606,0.6497687232785317,Case
POS 8,0.13828110748592418,0.6444668392308602,0.6444668392308602,0.6444668392308602,0.027873064563674985,-0.30416001732594516,0.13735493875951874,0.13735493875951874,-0.5009052330744923,0.41033167138943616,0.13828110748592418,-0.6463227963198055,0.5653904278051208,0.1848880340119861,0.1848880340119861,0.13828110748592418,0.45450026765655116,-0.5529144070209607,-0.5127297632153557,-0.5127297632153557,0.5847001782922381,-0.5186759924869528,-0.5127493211120232,0.4404309444864067,0.48259262844809886,0.30035859572356516,0.5406624818854135,0.4342540015259471,0.4404309444864067,-0.5186759924869528,-0.6463227963198055,0.5406624818854135,-0.6463227963198055,-0.48865187660949355,-0.4934373415049613,-0.6463227963198055,0.06799519590964054,0.7050297121325125,0.45078228022776684,-0.2660379939420514,-0.6463227963198055,0.5406624818854135,-0.2660379939420514,0.4473583257117762,-0.3309779506179831,0.15544192549019495,0.6414596444670829,0.7228457626006752,0.6087638932802274,0.5847001782922381,0.05199092022839316,-0.14410118651041104,0.7228457626006752,0.13828110748592418,0.1848880340119861,0.13828110748592418,0.13828110748592418,-0.43414591431220356,0.4956579825565455,0.4956579825565455,0.5847001782922381,Case
POS 9,-0.5808527043606129,0.5627456351518013,0.5627456351518013,0.5627456351518013,0.1674524823835412,-0.4036666287153073,-0.5598399264590322,-0.5598399264590322,-0.5444399295339709,0.23405303596730478,-0.5808527043606129,-0.5774045065808755,0.5543037988005868,0.3234974983981881,0.3234974983981881,-0.5808527043606129,0.48763893815731285,-0.40242294441679793,-0.4236234692167227,-0.4236234692167227,0.46046446151003345,-0.5164015234582501,-0.07963915631223924,0.24856206481556364,0.33416072346656756,-0.2268089454377385,0.49871204908530253,0.351760566522252,0.24856206481556364,-0.5164015234582501,-0.5774045065808755,0.49871204908530253,-0.5774045065808755,-0.47337692049582486,-0.061981981278116174,-0.5774045065808755,0.10628857051810475,0.59498782632797,0.46240753435132725,-0.1574371676708292,-0.5774045065808755,0.49871204908530253,-0.1574371676708292,0.3285715826045693,-0.29662511916329537,0.19229598883660193,0.6149232052706559,0.6209966624421399,0.5895564667132197,0.46046446151003345,-0.16814170977167378,0.2016873395499523,0.6209966624421399,-0.5808527043606129,0.3234974983981881,-0.5808527043606129,-0.5808527043606129,-0.08533771559165212,-0.3704308712181423,-0.3704308712181423,0.46046446151003345,Case
POS 12,-0.2479123539960174,0.26404012518722203,0.26404012518722203,0.26404012518722203,-0.22910794319333003,-0.5964768122152531,-0.22160736561401562,-0.22160736561401562,0.6848361023363692,0.29044861278532713,-0.2479123539960174,-0.15837605950935346,0.3586931804701982,-0.07595664322875216,-0.07595664322875216,-0.2479123539960174,0.5143423552268774,0.2029264680438279,-0.10612775532561904,-0.10612775532561904,0.5508105703989131,-0.28843556630406675,-0.5872949817406098,0.295667961043473,0.30642106949779324,0.2668780320529266,0.27899606033981134,0.3158095217958662,0.295667961043473,-0.28843556630406675,-0.15837605950935346,0.27899606033981134,-0.15837605950935346,-0.30031872647980223,-0.21531208085113726,-0.15837605950935346,0.3361031198021406,0.3932414241796562,0.36059571680740005,0.5965619269811415,-0.15837605950935346,0.27899606033981134,0.5965619269811415,0.28052093559994223,-0.12832685090113605,0.18407543510587687,0.4299174159104929,0.4440601392622664,0.3979045415955301,0.5508105703989131,0.4056724087994788,-0.08058110752485245,0.4440601392622664,-0.2479123539960174,-0.07595664322875216,-0.2479123539960174,-0.2479123539960174,-0.33266238385607955,0.10250744904840112,0.10250744904840112,0.5508105703989131,Case
POS 13,0.6519214023387693,0.5685422471408961,0.5685422471408961,0.5685422471408961,-0.16967597006908905,0.10693984437083066,0.5898103787380522,0.5898103787380522,0.4095770221153461,0.5316683271315504,0.6519214023387693,-0.5813554154860244,0.6179615396727282,0.7247429208225913,0.7247429208225913,0.6519214023387693,0.5379652673764711,0.4292558799636088,-0.2100158351297573,-0.2100158351297573,0.6836578274907967,-0.5058482142724566,-0.5407174477642268,0.5179904621358777,0.6004980424742081,0.35581733392637555,0.5527173285558818,0.47799857798169887,0.5179904621358777,-0.5058482142724566,-0.5813554154860244,0.5527173285558818,-0.5813554154860244,-0.4435366151103728,-0.45662836741532475,-0.5813554154860244,-0.10370892520286061,0.6216035034345455,0.49679204776206787,0.22550260958112012,-0.5813554154860244,0.5527173285558818,0.22550260958112012,0.5914392756648863,-0.2589840406463727,0.3843163572549797,0.6144736405006503,0.6039872784525183,0.6340730665903968,0.6836578274907967,-0.10842464345931653,-0.2501694238263872,0.6039872784525183,0.6519214023387693,0.7247429208225913,0.6519214023387693,0.6519214023387693,-0.5207805370464811,0.528088808972266,0.528088808972266,0.6836578274907967,Case
POS 14,0.5211327220156299,0.6296469721382892,0.6296469721382892,0.6296469721382892,-0.20387187090488942,0.6185781556448524,0.6026427399227388,0.6026427399227388,0.4759436244610419,0.4858929567855714,0.5211327220156299,-0.5723758511498218,0.6315165484916224,0.3368350210198121,0.3368350210198121,0.5211327220156299,0.6689033402164961,0.1409485450537238,-0.11883166150295824,-0.11883166150295824,0.690344766394385,-0.47936901404363885,-0.4831078804980536,0.48446378790730876,0.5040660899271602,0.24515287945890227,0.5154277993868634,0.4668308872739529,0.48446378790730876,-0.47936901404363885,-0.5723758511498218,0.5154277993868634,-0.5723758511498218,-0.4841810508568655,-0.4761383139788344,-0.5723758511498218,0.0018749778575783086,0.6249811488681168,0.46598060707224875,-0.3306490526644861,-0.5723758511498218,0.5154277993868634,-0.3306490526644861,0.48532341657011074,-0.4763622361354167,0.5361666185108344,0.6147854769376242,0.6132465600452564,0.6269710456964306,0.690344766394385,0.2608716125278833,-0.4176128692333213,0.6132465600452564,0.5211327220156299,0.3368350210198121,0.5211327220156299,0.5211327220156299,-0.07614668640714162,0.04010174894744546,0.04010174894744546,0.690344766394385,Case
POS 15,-0.2364467134879824,0.6425617890582805,0.6425617890582805,0.6425617890582805,-0.0758363783841898,0.44732900024238953,0.15231480528680816,0.15231480528680816,0.5596761709335413,0.49180915228889727,-0.2364467134879824,-0.36317269544546643,0.6770562835935974,0.36059346128373654,0.36059346128373654,-0.2364467134879824,0.5851083433749965,0.4705816112044241,-0.45421159089054397,-0.45421159089054397,0.6164060777216628,-0.45817137219005916,-0.5636196394807789,0.5009473871157532,0.5088948954686852,0.39118470165320124,0.47650031839995655,0.5417957087372326,0.5009473871157532,-0.45817137219005916,-0.36317269544546643,0.47650031839995655,-0.36317269544546643,-0.47673713531202555,-0.6170417289201985,-0.36317269544546643,0.35412661962288483,0.7060523839343416,0.5927592758603093,0.10037144873409662,-0.36317269544546643,0.47650031839995655,0.10037144873409662,0.5052591433547028,-0.4659407735380716,-0.15794559921364468,0.6924791370148695,0.7175693074470477,0.6875153884165451,0.6164060777216628,0.08133286515363383,0.17036212428747335,0.7175693074470477,-0.2364467134879824,0.36059346128373654,-0.2364467134879824,-0.2364467134879824,-0.5649592934917375,0.7105289192953587,0.7105289192953587,0.6164060777216628,Case
POS 16,-0.242751486684262,0.5311028020748209,0.5311028020748209,0.5311028020748209,-0.3022833749407453,0.20120660409124613,0.0272643923789401,0.0272643923789401,0.6283170047361316,0.49638557838880454,-0.242751486684262,-0.5118960669641963,0.644269312683632,-0.07671498887544632,-0.07671498887544632,-0.242751486684262,0.6371687192182035,0.33650340398691186,-0.35644502746843904,-0.35644502746843904,0.6189070503097257,-0.4888445270418136,-0.3873097370717376,0.48752179041918076,0.498351608258866,0.358929867589619,0.5324304972975932,0.5125259539125291,0.48752179041918076,-0.4888445270418136,-0.5118960669641963,0.5324304972975932,-0.5118960669641963,-0.5493588647791767,-0.3397346258974048,-0.5118960669641963,0.3013085563332549,0.6509801241737566,0.5583717821257044,-0.1987632846333022,-0.5118960669641963,0.5324304972975932,-0.1987632846333022,0.4785859272649025,-0.550578774396196,0.004143341256032898,0.6378459086048995,0.655827791062079,0.6499975281945308,0.6189070503097257,0.31115059272498896,-0.18572773551379,0.655827791062079,-0.242751486684262,-0.07671498887544632,-0.242751486684262,-0.242751486684262,-0.45940129928852624,0.3014432782720518,0.3014432782720518,0.6189070503097257,Case
125,0.5358461624283178,0.4577909214427547,0.4577909214427547,0.4577909214427547,-0.2542165072109264,-0.6584215837465264,0.05931959864115291,0.05931959864115291,0.6116041352072731,0.4989460865443726,0.5358461624283178,-0.5051974090402449,0.5421319888489756,-0.03224184442035014,-0.03224184442035014,0.5358461624283178,0.39708308516563956,0.01989266403373325,-0.5298874162877776,-0.5298874162877776,0.6581683944570966,-0.49195739953149853,-0.27068070031059327,0.4816604464346803,0.45302900105946126,0.2523808433595137,0.49673337238323456,0.5182487582789346,0.4816604464346803,-0.49195739953149853,-0.5051974090402449,0.49673337238323456,-0.5051974090402449,-0.5062321736784452,-0.3827531796754565,-0.5051974090402449,0.39884440933790827,0.615228428301055,0.5030941029824126,0.7663465354236104,-0.5051974090402449,0.49673337238323456,0.7663465354236104,0.4668343964329396,-0.2996869762240199,0.11589684238023559,0.4974531220645123,0.6309995284057401,0.5194844287372735,0.6581683944570966,0.42461417391970807,-0.4283405422365373,0.6309995284057401,0.5358461624283178,-0.03224184442035014,0.5358461624283178,0.5358461624283178,-0.46340722051351435,0.706023663937158,0.706023663937158,0.6581683944570966,Case
126,-0.3515659913036082,-0.061138099624895095,-0.061138099624895095,-0.061138099624895095,0.14002960408443654,-0.4707270900063055,-0.3855656135445274,-0.3855656135445274,0.6062425911824445,-0.3439050710955797,-0.3515659913036082,0.2933115019698805,-0.3163957821697374,-0.4573749156794752,-0.4573749156794752,-0.3515659913036082,-0.5516988499174106,0.4516868153945725,-0.5327852089252605,-0.5327852089252605,-0.6055445002266078,0.20600935295802422,0.3702247433923494,-0.3495195400731233,-0.30376778722103664,-0.2787591864233967,-0.1997699512871389,-0.3479182904254943,-0.3495195400731233,0.20600935295802422,0.2933115019698805,-0.1997699512871389,0.2933115019698805,0.2158611270978504,0.3171249744139435,0.2933115019698805,-0.31003839021193175,-0.27480329477966947,-0.34012475379415347,-0.392573139586766,0.2933115019698805,-0.1997699512871389,-0.392573139586766,-0.3163261740650979,0.30993915275067335,-0.2997247711801554,-0.22297214256754463,-0.1644176953733621,-0.23117240935232675,-0.6055445002266078,-0.1814101007084726,0.045527513967550906,-0.1644176953733621,-0.3515659913036082,-0.4573749156794752,-0.3515659913036082,-0.3515659913036082,0.22433756652569317,0.7094226174041481,0.7094226174041481,-0.6055445002266078,Case
127,0.5896288159308127,0.6016008260610801,0.6016008260610801,0.6016008260610801,-0.39694214528196375,-0.5557463243739291,0.32276129871992326,0.32276129871992326,-0.2014124909923853,0.4680823865085124,0.5896288159308127,-0.6056534778732634,0.48599023234123845,-0.0654208737097411,-0.0654208737097411,0.5896288159308127,0.5036837402284671,-0.3604443052547863,-0.33721216887407235,-0.33721216887407235,0.6710258734413309,-0.18546874184487247,-0.14183638861772205,0.4593650008340904,0.4808555434258722,0.07769544562468934,0.5465060982970997,0.44547014646046795,0.4593650008340904,-0.18546874184487247,-0.6056534778732634,0.5465060982970997,-0.6056534778732634,-0.4301725716108282,-0.11984971001885826,-0.6056534778732634,0.4719870157441773,0.49047824627428355,0.4298164646011108,0.591074581307375,-0.6056534778732634,0.5465060982970997,0.591074581307375,0.45583267627176366,-0.207557569969121,0.15929246971782357,0.5026171094588096,0.5123126364400581,0.5223004028457396,0.6710258734413309,0.339435130419593,-0.10554901629472022,0.5123126364400581,0.5896288159308127,-0.0654208737097411,0.5896288159308127,0.5896288159308127,-0.08463038727964507,0.6865397328339398,0.6865397328339398,0.6710258734413309,Case
129,0.018764650441972498,0.5821749962824333,0.5821749962824333,0.5821749962824333,-0.23507237500900088,-0.21324575583822097,-0.1825224343639126,-0.1825224343639126,-0.25111755417713416,0.5054762766118138,0.018764650441972498,-0.47345996340324376,0.41809112336399534,-0.04581757647234152,-0.04581757647234152,0.018764650441972498,0.19249821935040054,-0.17558734917105231,0.3988897099776789,0.3988897099776789,0.6837924960925769,-0.4239064952226878,-0.33374959703819074,0.5035427892794502,0.4924146762007588,0.3047403700002859,0.4583122063121353,0.37947105682220705,0.5035427892794502,-0.4239064952226878,-0.47345996340324376,0.4583122063121353,-0.47345996340324376,-0.41462703591757544,-0.4476228766086839,-0.47345996340324376,0.3321655965650134,0.35051604115559626,0.397411789460054,-0.3492988223230658,-0.47345996340324376,0.4583122063121353,-0.3492988223230658,0.4971131703388807,-0.3207139753161519,0.013776355380984297,0.397741144569703,0.39831296009714817,0.4207474981684367,0.6837924960925769,0.29597087164882785,-0.053400807731097705,0.39831296009714817,0.018764650441972498,-0.04581757647234152,0.018764650441972498,0.018764650441972498,-0.5074133619007575,0.7105289192953587,0.7105289192953587,0.6837924960925769,Case
130,0.6881654234203903,0.5389760916677223,0.5389760916677223,0.5389760916677223,-0.3874756988143229,0.5264000797181413,0.6921553315742538,0.6921553315742538,-0.016659499613921488,0.35414160671781353,0.6881654234203903,-0.23025644399315492,0.24244122307604696,0.5637327139945573,0.5637327139945573,0.6881654234203903,0.37559922202311474,0.1950910582226135,0.5318757004703916,0.5318757004703916,0.6089286750165278,-0.2088467480761666,-0.3886732134965466,0.3454537717244777,0.31002807876733607,0.2647828890571315,0.27415804368594565,0.36075079852695985,0.3454537717244777,-0.2088467480761666,-0.23025644399315492,0.27415804368594565,-0.23025644399315492,-0.2681498624624745,-0.3556727085376257,-0.23025644399315492,0.6817783431915514,0.2526063398543629,0.3387098973557649,0.7146073341585818,-0.23025644399315492,0.27415804368594565,0.7146073341585818,0.2868317873005903,-0.45297821886052253,0.5699494912789838,0.28579655076715343,0.30296745782104334,0.29281080747954924,0.6089286750165278,0.38917597783774893,-0.38805163047996405,0.30296745782104334,0.6881654234203903,0.5637327139945573,0.6881654234203903,0.6881654234203903,-0.4782256841862052,0.7124271079475083,0.7124271079475083,0.6089286750165278,Case
132,-0.5050256752971206,0.6623574387390542,0.6623574387390542,0.6623574387390542,-0.045384495021081044,-0.593194682055419,-0.24162133876122097,-0.24162133876122097,-0.4355885022231718,0.13356749872609563,-0.5050256752971206,-0.45115145855445593,0.12759407238704207,0.7060532000555462,0.7060532000555462,-0.5050256752971206,0.21539062384983498,-0.35527337534557885,0.005195864793295475,0.005195864793295475,0.6424210517136127,-0.3513545927183113,-0.2640617684656486,0.1435521567886783,0.2536890420329601,-0.0017754781841897525,0.32924886272133386,0.04178112457391051,0.1435521567886783,-0.3513545927183113,-0.45115145855445593,0.32924886272133386,-0.45115145855445593,-0.23238778441752503,-0.2416123451780287,-0.45115145855445593,0.07338972044536132,0.2781760793451211,0.10625125245643267,-0.11232040335216138,-0.45115145855445593,0.32924886272133386,-0.11232040335216138,0.21432398059205218,-0.2006129256020798,-0.24514225312353174,0.19369776428031205,0.350492026802622,0.19779912364578003,0.6424210517136127,0.2492398658296292,0.2323324852859771,0.350492026802622,-0.5050256752971206,0.7060532000555462,-0.5050256752971206,-0.5050256752971206,-0.2736178762473176,0.7125899685993189,0.7125899685993189,0.6424210517136127,Case
134,-0.4802594976366007,0.09895539503098037,0.09895539503098037,0.09895539503098037,0.15778812229668174,-0.24664403999866955,-0.5004952171641694,-0.5004952171641694,-0.5123157844984569,-0.016786117715323817,-0.4802594976366007,0.09851790549792155,-0.04347703708066196,-0.36444714046687665,-0.36444714046687665,-0.4802594976366007,-0.14569658640083774,-0.5085854372356784,-0.26376727328872435,-0.26376727328872435,-0.6184669557568561,-0.0708682551281629,-0.446356372017412,0.015770832372666913,0.08650646746235172,0.1616406172402161,0.026928204203449428,-0.09980100397407417,0.015770832372666913,-0.0708682551281629,0.09851790549792155,0.026928204203449428,0.09851790549792155,-0.07523233475808713,-0.4271616199097376,0.09851790549792155,0.017104954711757808,-0.13947224404874503,-0.05074531046372847,-0.06940680650328862,0.09851790549792155,0.026928204203449428,-0.06940680650328862,0.07170030734275068,-0.6056009180955432,-0.2653794700763265,0.04106198439197701,-0.1469803078828403,0.011314485328029728,-0.6184669557568561,-0.23935202102087325,0.5450959318024019,-0.1469803078828403,-0.4802594976366007,-0.36444714046687665,-0.4802594976366007,-0.4802594976366007,-0.019906925457308603,0.7105289192953587,0.7105289192953587,-0.6184669557568561,Case
136,0.3013247585784664,0.49001009862890527,0.49001009862890527,0.49001009862890527,-0.45404573371495166,0.4555343055715979,0.3475217928591669,0.3475217928591669,0.6917213533914356,0.45468024907570187,0.3013247585784664,-0.3608261854912447,0.44423789836922345,0.7775926268462932,0.7775926268462932,0.3013247585784664,0.5463532582625544,0.5144027437860441,0.3551839266186941,0.3551839266186941,0.534970717515335,-0.19497307943442468,-0.49305165059706185,0.4321193348004956,0.5762233207438576,0.08252454843643015,0.4923029820474839,0.4080963657147678,0.4321193348004956,-0.19497307943442468,-0.3608261854912447,0.4923029820474839,-0.3608261854912447,-0.3251848815635087,-0.47130456779296603,-0.3608261854912447,0.5703693127653057,0.3905596722030871,0.4486706064927241,0.36365821715441227,-0.3608261854912447,0.4923029820474839,0.36365821715441227,0.5834362634798556,-0.32040215400093824,0.38294552157043255,0.42372140930937413,0.4075424806048161,0.4507592027776513,0.534970717515335,0.3180301346354961,-0.08639583020897944,0.4075424806048161,0.3013247585784664,0.7775926268462932,0.3013247585784664,0.3013247585784664,-0.11732817979973716,0.5011213162736213,0.5011213162736213,0.534970717515335,Case
138,0.6506226437108904,0.3491070656505934,0.3491070656505934,0.3491070656505934,-0.41120650820131605,-0.5711239658584515,0.2518782134721942,0.2518782134721942,0.43204837504526683,0.5164575285530155,0.6506226437108904,-0.194413709533573,0.4502584842064298,0.7118150023597096,0.7118150023597096,0.6506226437108904,0.5155652823350755,0.5547888168125789,0.6099899958814027,0.6099899958814027,0.513182822334347,-0.3778119008351808,-0.6208698572713679,0.506236772270956,0.510921456815463,0.41780119158184176,0.418016150037769,0.42699552685634945,0.506236772270956,-0.3778119008351808,-0.194413709533573,0.418016150037769,-0.194413709533573,-0.4055404850383644,-0.6358886357533114,-0.194413709533573,0.39831131337451514,0.3977714983950669,0.3964204485965464,0.7870480189272849,-0.194413709533573,0.418016150037769,0.7870480189272849,0.5255920283580001,-0.14709676030240765,0.10988551109483524,0.42983647549198684,0.390827830983239,0.4410578498936603,0.513182822334347,0.32478409724297275,0.004949459549700549,0.390827830983239,0.6506226437108904,0.7118150023597096,0.6506226437108904,0.6506226437108904,-0.44253359543281123,0.7126200501033403,0.7126200501033403,0.513182822334347,Case
139,-0.3619828109456632,0.5235057888880723,0.5235057888880723,0.5235057888880723,-0.10462594105509863,-0.4997208990227097,-0.4555054594405842,-0.4555054594405842,0.017970474619160775,0.4423599582806197,-0.3619828109456632,-0.34226211240413335,0.2805307215321948,0.7592306928373356,0.7592306928373356,-0.3619828109456632,0.5481601122492034,0.2743694997578949,0.5313111466672565,0.5313111466672565,0.6475753218793557,-0.46141501768677673,-0.09854372810944675,0.44025984995391737,0.5022073774586466,0.20486463313331335,0.48397091170740525,0.1729191568341251,0.44025984995391737,-0.46141501768677673,-0.34226211240413335,0.48397091170740525,-0.34226211240413335,-0.48281151457934046,-0.09879816537208647,-0.34226211240413335,0.04882523029319978,0.3080130914945422,0.20988437216599423,-0.4213641608351704,-0.34226211240413335,0.48397091170740525,-0.4213641608351704,0.5038527078466973,-0.3949554516942565,-0.12219674223627125,0.32001280192261505,0.3526806735387526,0.3250707127265154,0.6475753218793557,0.19183148609688375,-0.02100301023413752,0.3526806735387526,-0.3619828109456632,0.7592306928373356,-0.3619828109456632,-0.3619828109456632,-0.444441260635608,0.6236569240565196,0.6236569240565196,0.6475753218793557,Case
AI,-0.42667218422070524,0.010668003944790203,0.010668003944790203,0.010668003944790203,0.037662521205310974,-0.5077996228976199,-0.46920697680688284,-0.46920697680688284,0.6832318908073706,-0.27523908699175104,-0.42667218422070524,0.5331478726637238,-0.34180557617265755,-0.30042084981412054,-0.30042084981412054,-0.42667218422070524,-0.1484920904701119,0.6284079024692631,0.6199954226300745,0.6199954226300745,-0.16432797713709144,0.46132489683874506,0.5520130584515553,-0.2997808718233242,-0.3568921943010692,-0.1466615793117718,-0.42940917598503137,-0.32317530646078035,-0.2997808718233242,0.46132489683874506,0.5331478726637238,-0.42940917598503137,0.5331478726637238,0.22873441681698622,0.6130767863855889,0.5331478726637238,-0.39726540963788365,-0.3500952672630453,-0.3857921465529271,-0.171184687692026,0.5331478726637238,-0.42940917598503137,-0.171184687692026,-0.39220354017158193,0.6075203889856927,-0.3726967917696612,-0.29475256336851524,-0.35065130659934873,-0.25749565047596196,-0.16432797713709144,-0.5046408740082969,0.5194352926762313,-0.35065130659934873,-0.42667218422070524,-0.30042084981412054,-0.42667218422070524,-0.42667218422070524,0.36282912429175235,-0.579932093392593,-0.579932093392593,-0.16432797713709144,Control
EA,0.4747480791780806,-0.3178472867376459,-0.3178472867376459,-0.3178472867376459,-0.06940059241173653,-0.41204260855176733,0.06641500181436213,0.06641500181436213,0.785155912486844,-0.4043596127460155,0.4747480791780806,0.6624669928490007,-0.46179136160125234,0.5085666139127615,0.5085666139127615,0.4747480791780806,-0.24482410803868684,0.6787155031507499,0.5834228171657652,0.5834228171657652,-0.5028895781764798,0.604819911993335,0.5751568236302806,-0.4359797900774075,-0.47094688612027846,-0.08792616647118223,-0.5694778514309607,-0.4032629235361774,-0.4359797900774075,0.604819911993335,0.6624669928490007,-0.5694778514309607,0.6624669928490007,0.5552941284987285,0.5787545241709977,0.6624669928490007,-0.4964201859174716,-0.4883127904872422,-0.4818873527932304,-0.37303223727878565,0.6624669928490007,-0.5694778514309607,-0.37303223727878565,-0.4989593719933917,0.644851415764704,-0.16612424707167817,-0.4388690554136611,-0.5086849618605207,-0.4111281671904991,-0.5028895781764798,-0.45972458938641986,-0.409138569345416,-0.5086849618605207,0.4747480791780806,0.5085666139127615,0.4747480791780806,0.4747480791780806,0.41691151371621915,-0.5968640035693739,-0.5968640035693739,-0.5028895781764798,Control
EB,0.2805061361545974,0.09440236292714403,0.09440236292714403,0.09440236292714403,0.06018372691870836,0.14104799938275311,0.059726906927145725,0.059726906927145725,0.6402184733893365,-0.31119506627399907,0.2805061361545974,0.4506966674000602,-0.3029873367485473,-0.13466060484171494,-0.13466060484171494,0.2805061361545974,-0.20792082413694263,0.5634492078981548,0.5320776748622849,0.5320776748622849,-0.07226740022546636,0.40590447782816214,0.5317865601900531,-0.36161234292694533,-0.3424662279187062,-0.23453664356609297,-0.3590232574462421,-0.31030597922705194,-0.36161234292694533,0.40590447782816214,0.4506966674000602,-0.3590232574462421,0.4506966674000602,0.3670091474482082,0.6163569510590836,0.4506966674000602,-0.23658506932677872,-0.36615430706171803,-0.3421403885146908,-0.17811325842012674,0.4506966674000602,-0.3590232574462421,-0.17811325842012674,-0.3773366221595363,0.5852756025013193,-0.2508026498800186,-0.29992609808898923,-0.36033553826940606,-0.26065541632098965,-0.07226740022546636,-0.3167566910396911,-0.3503392417311941,-0.36033553826940606,0.2805061361545974,-0.13466060484171494,0.2805061361545974,0.2805061361545974,0.3586559742066606,-0.4178971389423509,-0.4178971389423509,-0.07226740022546636,Control
EM,0.4349588053513664,-0.05420873810778919,-0.05420873810778919,-0.05420873810778919,-0.08662244154605676,0.10386674928916936,0.14393508000018201,0.14393508000018201,0.7528366394991737,-0.3134484290251514,0.4349588053513664,0.5365500594505127,-0.36265424283429676,-0.3138826795300874,-0.3138826795300874,0.4349588053513664,-0.15732526363297772,0.6729792825074964,0.6519081168448944,0.6519081168448944,-0.1945992750998181,0.5109795122611164,0.6001411077706994,-0.35613843856292904,-0.37019475314487277,-0.12638631847251758,-0.45038912749605,-0.332219964430683,-0.35613843856292904,0.5109795122611164,0.5365500594505127,-0.45038912749605,0.5365500594505127,0.4422371160229997,0.6485841357883331,0.5365500594505127,-0.45651686836675714,-0.37540547094797666,-0.4059872613744858,-0.4073785071170947,0.5365500594505127,-0.45038912749605,-0.4073785071170947,-0.4053680810542454,0.645954651046677,-0.18005131437565233,-0.3317279457432638,-0.3853073456308783,-0.2933459153451492,-0.1945992750998181,-0.4996917202216489,-0.4557955984504847,-0.3853073456308783,0.4349588053513664,-0.3138826795300874,0.4349588053513664,0.4349588053513664,0.33894665060400386,-0.4204331078815593,-0.4204331078815593,-0.1945992750998181,Control
MC,0.5858291106839147,0.0738579712142935,0.0738579712142935,0.0738579712142935,-0.2555732877550981,-0.021460286136823874,0.16845864989136286,0.16845864989136286,0.6665815197846044,-0.054348942325237716,0.5858291106839147,0.22144847932432699,-0.095429196424522,0.7150637047532385,0.7150637047532385,0.5858291106839147,-0.03742975085463654,0.543085369585812,0.4824586304770746,0.4824586304770746,0.06938899305029164,0.17859469597912295,0.5081733245799307,-0.08926131025075361,-0.1179303344797602,0.09884288640910212,-0.14064434812512444,-0.08838811486197881,-0.08926131025075361,0.17859469597912295,0.22144847932432699,-0.14064434812512444,0.22144847932432699,0.14278104021701044,0.4537932065046615,0.22144847932432699,-0.4216782997113209,-0.0721218121366519,-0.13603354625676925,-0.10874669512994031,0.22144847932432699,-0.14064434812512444,-0.10874669512994031,-0.15519687024068934,0.3867470815849237,0.05325455787405356,-0.0902047041533745,-0.026114723916648132,-0.054944341996415125,0.06938899305029164,-0.3659625337076142,-0.5435949069903085,-0.026114723916648132,0.5858291106839147,0.7150637047532385,0.5858291106839147,0.5858291106839147,0.10976923450795928,-0.6277505336524504,-0.6277505336524504,0.06938899305029164,Control
MM,0.45328042858391665,0.014631476362893314,0.014631476362893314,0.014631476362893314,-0.2240738323572966,0.27076228035746663,0.28231674118600547,0.28231674118600547,0.7894271619856138,-0.22395736404977795,0.45328042858391665,0.45053589792397675,-0.28470775057080416,0.6183411127803999,0.6183411127803999,0.45328042858391665,-0.12751609341216763,0.6811825330037623,0.6491573009297337,0.6491573009297337,-0.07212361099650075,0.31350812107475673,0.4134867236261602,-0.23744174089722594,-0.23107352185274807,-0.0968339981450518,-0.2624466455724909,-0.029564004280827214,-0.23744174089722594,0.31350812107475673,0.45053589792397675,-0.2624466455724909,0.45053589792397675,0.2628113839235033,0.5273156974454463,0.45053589792397675,0.1342973688273973,-0.25440101641387725,-0.0343816718226407,0.7590028700231433,0.45053589792397675,-0.2624466455724909,0.7590028700231433,-0.2736759958883452,0.4569219931746312,-0.07484676170647851,-0.16938949323101055,-0.2285418288149188,-0.18173644101180672,-0.07212361099650075,0.5533470514864782,-0.5017971016015637,-0.2285418288149188,0.45328042858391665,0.6183411127803999,0.45328042858391665,0.45328042858391665,0.337707861905874,-0.6278054827728634,-0.6278054827728634,-0.07212361099650075,Control
SA 1,-0.5077440534990845,-0.17272979080926812,-0.17272979080926812,-0.17272979080926812,0.01420486899438961,-0.019060156292826213,-0.4759131905390309,-0.4759131905390309,0.18819265989426967,-0.245255658952714,-0.5077440534990845,-0.012891956445012318,-0.3294349188027847,0.5871629093525393,0.5871629093525393,-0.5077440534990845,-0.21231968342859284,-0.24035337682812116,-0.5676198324864029,-0.5676198324864029,-0.5381011010328138,-0.1448201153056252,0.6682965065567719,-0.2492020649404839,-0.1600835153285808,-0.54189994100156,0.06744165951474829,-0.12567150431782081,-0.2492020649404839,-0.1448201153056252,-0.012891956445012318,0.06744165951474829,-0.012891956445012318,-0.09212304372061707,0.6301745459280668,-0.012891956445012318,0.31301253338882734,-0.274485385731927,-0.08483490875611824,0.3093255226562255,-0.012891956445012318,0.06744165951474829,0.3093255226562255,-0.19076278538047647,0.5052736399088597,0.07800126472352031,-0.207463719784081,-0.13507369299202784,-0.2121552905452365,-0.5381011010328138,0.6217629577085269,0.6117459585421057,-0.13507369299202784,-0.5077440534990845,0.5871629093525393,-0.5077440534990845,-0.5077440534990845,0.36821289736567725,0.5353510737979321,0.5353510737979321,-0.5381011010328138,Control
SA 2,-0.5651400026383251,-0.086046305449635,-0.086046305449635,-0.086046305449635,0.2214049182344507,0.15061030339412923,-0.4523895893071869,-0.4523895893071869,-0.025079565442205933,-0.27770299244725205,-0.5651400026383251,0.20049088289742348,-0.31262472634172334,0.27570674626945124,0.27570674626945124,-0.5651400026383251,-0.11945723337518636,-0.22600254496887695,-0.2719361096544322,-0.2719361096544322,-0.6110092325609044,-0.0330979701355992,0.39010560917109854,-0.2712920073475095,-0.2068053727836075,-0.48833510712172307,-0.05671358647955865,-0.4012586934514,-0.2712920073475095,-0.0330979701355992,0.20049088289742348,-0.05671358647955865,0.20049088289742348,-0.007219946734398136,0.3784438910307485,0.20049088289742348,-0.4856087482475428,-0.33287334009719327,-0.4174474359656339,-0.13171067821811197,0.20049088289742348,-0.05671358647955865,-0.13171067821811197,-0.22944643324439445,0.19523949369426205,-0.4891605907080486,-0.26749045824789175,-0.2547528138090077,-0.26871671650424306,-0.6110092325609044,-0.4548779655053211,0.5931024278808098,-0.2547528138090077,-0.5651400026383251,0.27570674626945124,-0.5651400026383251,-0.5651400026383251,0.3913222465140039,0.4876153932843289,0.4876153932843289,-0.6110092325609044,Control
SA 3,-0.6031949747913949,-0.20150573911004202,-0.20150573911004202,-0.20150573911004202,0.3091385278621001,0.03409186276781451,-0.5187559381306507,-0.5187559381306507,-0.5330246359173866,-0.3204398892349842,-0.6031949747913949,0.22708957362469995,-0.41923952199797687,-0.39466025910473157,-0.39466025910473157,-0.6031949747913949,-0.2662664889352614,-0.5709019026174112,-0.41717726325661864,-0.41717726325661864,-0.6419264041304482,0.010531934724945454,0.3865721390189789,-0.30665038314589577,-0.23621012322548257,-0.510286824902665,-0.09560203798247766,-0.4692970185580119,-0.30665038314589577,0.010531934724945454,0.22708957362469995,-0.09560203798247766,0.22708957362469995,0.039281153833975284,0.3746497172770549,0.22708957362469995,-0.4947877382972513,-0.4317107150700293,-0.47760206019492296,-0.19447487468991054,0.22708957362469995,-0.09560203798247766,-0.19447487468991054,-0.259594696409369,0.18863112158961032,-0.5658293617842093,-0.36803433360269794,-0.357935636186193,-0.3798757278114626,-0.6419264041304482,-0.4373789625871226,0.5407117246971497,-0.357935636186193,-0.6031949747913949,-0.39466025910473157,-0.6031949747913949,-0.6031949747913949,0.3988735826025255,0.480949730893463,0.480949730893463,-0.6419264041304482,Control
SA 4,-0.39313287596877894,0.28488106774624733,0.28488106774624733,0.28488106774624733,0.21988908151474912,0.28471986112473663,-0.35484276794481723,-0.35484276794481723,-0.35121183698739444,-0.18333082601169104,-0.39313287596877894,0.056001959209866906,-0.15642507512028672,-0.44700203555868884,-0.44700203555868884,-0.39313287596877894,-0.11750248826412867,-0.3367312661531149,-0.07133324962516384,-0.07133324962516384,-0.19984057173001607,-0.2102599896640101,0.663626034480443,-0.1820202645981255,-0.18324866818715463,-0.37097494263786596,0.07203799426599906,-0.2504732571723964,-0.1820202645981255,-0.2102599896640101,0.056001959209866906,0.07203799426599906,0.056001959209866906,-0.12131222431424953,0.6216680337014723,0.056001959209866906,-0.5178535218030961,-0.014464948233496087,-0.2980341426287245,0.02939601376870941,0.056001959209866906,0.07203799426599906,0.02939601376870941,-0.2097271152335889,0.6347043233314068,-0.42996596901390866,-0.08381899453862661,0.05740147475428657,-0.07825215987485558,-0.19984057173001607,-0.3288040533863621,0.6315524532204704,0.05740147475428657,-0.39313287596877894,-0.44700203555868884,-0.39313287596877894,-0.39313287596877894,0.18904390063428836,0.6694010044000568,0.6694010044000568,-0.19984057173001607,Control
SA 5,-0.53220247568132,0.09163816182800907,0.09163816182800907,0.09163816182800907,0.36674863020422355,-0.33694665827495746,-0.5343278821635138,-0.5343278821635138,-0.39006451252527113,-0.24633150624221123,-0.53220247568132,-0.19866053140137782,-0.2702301980994811,0.47725467216627104,0.47725467216627104,-0.53220247568132,-0.23002075680774528,-0.5195825846313946,-0.5707487878115436,-0.5707487878115436,-0.26907687162302546,-0.17913550473308898,0.6165318884825651,-0.24388953669094343,-0.16630161171994476,-0.5207504458322497,0.12924680340082903,-0.38626787165872145,-0.24388953669094343,-0.17913550473308898,-0.19866053140137782,0.12924680340082903,-0.19866053140137782,-0.14144688155730406,0.5686743939098949,-0.19866053140137782,-0.5953634074907213,-0.22268083278008025,-0.4157080523538632,-0.10564753670156651,-0.19866053140137782,0.12924680340082903,-0.10564753670156651,-0.18831350476604258,0.5638192519416358,-0.2631331511757264,-0.2025351588093811,-0.10942326431348842,-0.205814093695675,-0.26907687162302546,-0.43215299320862327,0.6821167402457902,-0.10942326431348842,-0.53220247568132,0.47725467216627104,-0.53220247568132,-0.53220247568132,0.299544405039664,0.4346814440974836,0.4346814440974836,-0.26907687162302546,Control
SA 6,-0.5335486998706392,-0.208308172610622,-0.208308172610622,-0.208308172610622,0.31693145058267497,0.3052271746855836,-0.4170258200341004,-0.4170258200341004,-0.5499328617276565,-0.16638342944294493,-0.5335486998706392,-0.28706692058613076,-0.1355220364089301,0.18308090135295926,0.18308090135295926,-0.5335486998706392,-0.00715451392739315,-0.5836760017341277,-0.5834375771133984,-0.5834375771133984,-0.12065660262819114,-0.19450901847472035,0.06960870800186632,-0.14803649899469054,-0.04801954790542021,-0.3621882588453368,0.11017550485505452,-0.2938248353951918,-0.14803649899469054,-0.19450901847472035,-0.28706692058613076,0.11017550485505452,-0.28706692058613076,-0.12371335529927316,0.08947259632504605,-0.28706692058613076,-0.2819705078389181,-0.23136368574329075,-0.286160160374825,-0.11874088085937867,-0.28706692058613076,0.11017550485505452,-0.11874088085937867,-0.06548328310648069,-0.2930146881287701,-0.40854099848233016,-0.07755695343247826,-0.11535278398244554,-0.10214084658346452,-0.12065660262819114,-0.3406988784199491,0.5578015508335529,-0.11535278398244554,-0.5335486998706392,0.18308090135295926,-0.5335486998706392,-0.5335486998706392,0.11320534168904353,0.22022891485768997,0.22022891485768997,-0.12065660262819114,Control
SA 7,-0.24047964601026245,0.11477252938856262,0.11477252938856262,0.11477252938856262,0.19366493899480744,0.03418234822796973,-0.329083491952842,-0.329083491952842,0.7701788372070695,-0.2522274800307457,-0.24047964601026245,0.3014858436814146,-0.26899204331177107,0.5962882663761462,0.5962882663761462,-0.24047964601026245,-0.4798149609097914,0.5268276412819867,-0.1282521774224424,-0.1282521774224424,-0.5259307027700625,-0.01798313679442049,0.6429505304859209,-0.2726250526970433,-0.18552528420065026,-0.5323464601400755,0.010552070063475034,-0.34801616329038576,-0.2726250526970433,-0.01798313679442049,0.3014858436814146,0.010552070063475034,0.3014858436814146,0.009372638209788417,0.6530531258187245,0.3014858436814146,-0.4973313063208467,-0.20142126840153857,-0.3447010389046452,-0.31926049004860046,0.3014858436814146,0.010552070063475034,-0.31926049004860046,-0.2182322856738175,0.6783843533745395,-0.3741365874740154,-0.18450395175575848,-0.11908527358287406,-0.1776750777644414,-0.5259307027700625,-0.34366757998589914,0.3666032450698938,-0.11908527358287406,-0.24047964601026245,0.5962882663761462,-0.24047964601026245,-0.24047964601026245,0.5592931165174668,-0.2673917393398633,-0.2673917393398633,-0.5259307027700625,Control
SA 9,-0.5701912988284983,-0.09999288717216204,-0.09999288717216204,-0.09999288717216204,0.0413501930791631,0.390717681701126,-0.3528471563067319,-0.3528471563067319,-0.37523401606529094,-0.006738965958183648,-0.5701912988284983,-0.04662373957692288,0.022861285294456375,-0.4795493983270817,-0.4795493983270817,-0.5701912988284983,0.09367542896404737,-0.32041574479499296,-0.03727908594909327,-0.03727908594909327,-0.27915146359580534,-0.04303434638495228,-0.3392240094124149,0.013800119014213649,0.08940763072581523,0.16325072865476928,-0.15684869531027704,0.10801649339584145,0.013800119014213649,-0.04303434638495228,-0.04662373957692288,-0.15684869531027704,-0.04662373957692288,0.07335960039407487,-0.37319894402049575,-0.04662373957692288,0.538137809100045,-0.4309858201962064,0.19467413777471626,0.3126795615631728,-0.04662373957692288,-0.15684869531027704,0.3126795615631728,0.07859016128960414,-0.49162898620999085,-0.44826053846007957,0.049338136593966415,-0.4020475935442114,0.03449235015607665,-0.27915146359580534,0.649561623469248,0.6050504572148225,-0.4020475935442114,-0.5701912988284983,-0.4795493983270817,-0.5701912988284983,-0.5701912988284983,-0.2443448474671787,0.7105289192953587,0.7105289192953587,-0.27915146359580534,Control
SA 10,0.13844422673708306,-0.1577339105167935,-0.1577339105167935,-0.1577339105167935,-0.1866550699910861,-0.0836514201700921,-0.033613469455098494,-0.033613469455098494,0.4953191611055549,0.19840778203088313,0.13844422673708306,0.31988847719480185,-0.2983248262437934,-0.2689924318683237,-0.2689924318683237,0.13844422673708306,-0.12819907829447202,0.21529966066327297,0.04970754987224131,0.04970754987224131,-0.2515500085609127,0.43460428216153046,-0.2911698656687461,0.21366703513772964,-0.3066472862254088,0.29576987344437744,-0.4541914241527235,-0.22536600955203437,0.21366703513772964,0.43460428216153046,0.31988847719480185,-0.4541914241527235,0.31988847719480185,0.4612243706992335,-0.09645892808400142,0.31988847719480185,0.019697774673421604,-0.4241977324089327,-0.2630681425265912,-0.4726278963435156,0.31988847719480185,-0.4541914241527235,-0.4726278963435156,0.20593738756820654,-0.3856345974915483,-0.21282396509304133,-0.37395674894183367,-0.4341310377698948,-0.35286594826375917,-0.2515500085609127,0.06963883570089324,-0.14071002012437175,-0.4341310377698948,0.13844422673708306,-0.2689924318683237,0.13844422673708306,0.13844422673708306,-0.10061923694707017,0.04350328933963238,0.04350328933963238,-0.2515500085609127,Control
SA 11,-0.28273452893495676,-0.2920436633554343,-0.2920436633554343,-0.2920436633554343,0.08905207233454009,-0.11481516428169561,-0.25197169481057463,-0.25197169481057463,0.6400335298329319,-0.38873260799445664,-0.28273452893495676,0.42039334164256675,-0.4213002636086805,0.3615840747384732,0.3615840747384732,-0.28273452893495676,-0.4390636724569137,0.5764194144169621,0.08555380434975442,0.08555380434975442,-0.6409745508116176,0.34181173756595745,0.06316596394236126,-0.3746263694955471,-0.32836379718625164,-0.1000033371050523,-0.3483149110996722,-0.42786980059873136,-0.3746263694955471,0.34181173756595745,0.42039334164256675,-0.3483149110996722,0.42039334164256675,0.37844442976315396,0.0712697701327775,0.42039334164256675,-0.21963429792658462,-0.5395531583047631,-0.40876872549908555,-0.23830902816308797,0.42039334164256675,-0.3483149110996722,-0.23830902816308797,-0.34085127361562034,-0.2969465770855583,-0.335787891301524,-0.4583904191502562,-0.530353030163784,-0.4708337275083451,-0.6409745508116176,-0.24230153408837068,0.04137568507946726,-0.530353030163784,-0.28273452893495676,0.3615840747384732,-0.28273452893495676,-0.28273452893495676,0.3931334458452402,-0.5905024903251815,-0.5905024903251815,-0.6409745508116176,Control
SA 12,-0.44540713839421164,-0.12388604681481565,-0.12388604681481565,-0.12388604681481565,0.14050377578103465,0.29164190296242704,-0.3632326929485172,-0.3632326929485172,0.77065559568214,-0.28662475213335,-0.44540713839421164,0.1730185836480586,-0.40750656165370414,-0.4111795625201637,-0.4111795625201637,-0.44540713839421164,-0.21765690666201098,0.4559255907897246,-0.38804442946694534,-0.38804442946694534,-0.5681266089665864,-0.09606066514970751,0.5525251691532901,-0.28398910485432066,-0.25831885609110794,-0.5283176419200705,-0.08047324587291542,-0.38294576464432545,-0.28398910485432066,-0.09606066514970751,0.1730185836480586,-0.08047324587291542,0.1730185836480586,-0.03008480005469028,0.5658114069054911,0.1730185836480586,-0.4030746586099579,-0.40164826407872767,-0.45174348821281174,-0.029007320589539,0.1730185836480586,-0.08047324587291542,-0.029007320589539,-0.2872556113013457,0.4730740123329151,-0.4728361230714738,-0.3590459594264821,-0.31432315147105816,-0.34677332340018785,-0.5681266089665864,-0.26808446222506666,0.6662682710226755,-0.31432315147105816,-0.44540713839421164,-0.4111795625201637,-0.44540713839421164,-0.44540713839421164,0.42975810367562667,0.10295929889870742,0.10295929889870742,-0.5681266089665864,Control
SA 13,-0.5432176148073564,0.30322298994978575,0.30322298994978575,0.30322298994978575,0.13229765102360402,0.18021799565519186,-0.3065990986600685,-0.3065990986600685,0.1921402945182172,-0.146659051198062,-0.5432176148073564,-0.3751907727326724,-0.21898923113149782,0.544857449779917,0.544857449779917,-0.5432176148073564,-0.07038660750340908,-0.032850310475227795,-0.10804729755568727,-0.10804729755568727,0.2939154087221501,-0.26669032110834817,0.21085419989949353,-0.1474130705774106,-0.06025891288421724,-0.31844653446499527,0.2226487012435307,-0.19917180006289767,-0.1474130705774106,-0.26669032110834817,-0.3751907727326724,0.2226487012435307,-0.3751907727326724,-0.19138137882777942,0.35201405625295074,-0.3751907727326724,-0.0373599191169547,-0.14108718938007953,-0.18431074941562806,-0.13353818604104914,-0.3751907727326724,0.2226487012435307,-0.13353818604104914,-0.10096525224625486,0.2324290944448207,-0.3521625717993746,-0.08089950910946515,-0.07546803648788024,-0.09611993687046837,0.2939154087221501,-0.009986633356863686,0.5713987511130334,-0.07546803648788024,-0.5432176148073564,0.544857449779917,-0.5432176148073564,-0.5432176148073564,0.2904770623296812,-0.43644295366502706,-0.43644295366502706,0.2939154087221501,Control
